-- Seed gerado automaticamente para Matemática Quest.
begin;
insert into public.modules (id,title,description,order_index,icon,color,required_xp,is_active) values ('00000000-0000-4000-8000-0000000003e8','Adição','Módulo de adição para o 7º ano.',1,'Plus','emerald',0,true) on conflict (id) do update set title = excluded.title;
insert into public.skills (id,name,description,school_year) values ('00000000-0000-4000-8000-000000000bb8','Adição simples','Habilidade: Adição simples.',7) on conflict (id) do update set name = excluded.name;
insert into public.lessons (id,module_id,title,description,explanation,example,order_index,xp_bonus,is_active) values ('00000000-0000-4000-8000-0000000007d0','00000000-0000-4000-8000-0000000003e8','Adição simples','Treino guiado com dica e feedback imediato.','Resolva uma parte por vez e confira seu raciocínio.','Exemplo resolvido aparece antes da prática.',1,20,true) on conflict (id) do update set title = excluded.title;
insert into public.exercises (id,lesson_id,skill_id,type,question,correct_answer,explanation,hint,difficulty,school_year,tags,order_index,is_active) values ('00000000-0000-4000-8000-000000000fa1','00000000-0000-4000-8000-0000000007d0','00000000-0000-4000-8000-000000000bb8','multiple_choice','15 + 7','22','15 + 7 = 22.','Some primeiro as unidades e depois as dezenas.',1,7,array['adição','adição simples'],1,true) on conflict (id) do update set question = excluded.question, correct_answer = excluded.correct_answer;
insert into public.exercise_options (id,exercise_id,option_text,is_correct,order_index) values ('00000000-0000-4000-8000-000000001f4a','00000000-0000-4000-8000-000000000fa1','20',false,1) on conflict (id) do update set option_text = excluded.option_text, is_correct = excluded.is_correct;
insert into public.exercise_options (id,exercise_id,option_text,is_correct,order_index) values ('00000000-0000-4000-8000-000000001f4b','00000000-0000-4000-8000-000000000fa1','22',true,2) on conflict (id) do update set option_text = excluded.option_text, is_correct = excluded.is_correct;
insert into public.exercise_options (id,exercise_id,option_text,is_correct,order_index) values ('00000000-0000-4000-8000-000000001f4c','00000000-0000-4000-8000-000000000fa1','25',false,3) on conflict (id) do update set option_text = excluded.option_text, is_correct = excluded.is_correct;
insert into public.exercise_options (id,exercise_id,option_text,is_correct,order_index) values ('00000000-0000-4000-8000-000000001f4d','00000000-0000-4000-8000-000000000fa1','29',false,4) on conflict (id) do update set option_text = excluded.option_text, is_correct = excluded.is_correct;
insert into public.exercises (id,lesson_id,skill_id,type,question,correct_answer,explanation,hint,difficulty,school_year,tags,order_index,is_active) values ('00000000-0000-4000-8000-000000000fa2','00000000-0000-4000-8000-0000000007d0','00000000-0000-4000-8000-000000000bb8','input','18 + 9','27','18 + 9 = 27.','Some primeiro as unidades e depois as dezenas.',1,7,array['adição','adição simples'],2,true) on conflict (id) do update set question = excluded.question, correct_answer = excluded.correct_answer;
insert into public.exercises (id,lesson_id,skill_id,type,question,correct_answer,explanation,hint,difficulty,school_year,tags,order_index,is_active) values ('00000000-0000-4000-8000-000000000fa3','00000000-0000-4000-8000-0000000007d0','00000000-0000-4000-8000-000000000bb8','complete','21 + 11','32','21 + 11 = 32.','Some primeiro as unidades e depois as dezenas.',1,7,array['adição','adição simples'],3,true) on conflict (id) do update set question = excluded.question, correct_answer = excluded.correct_answer;
insert into public.exercises (id,lesson_id,skill_id,type,question,correct_answer,explanation,hint,difficulty,school_year,tags,order_index,is_active) values ('00000000-0000-4000-8000-000000000fa4','00000000-0000-4000-8000-0000000007d0','00000000-0000-4000-8000-000000000bb8','true_false','24 + 13 é igual a 37.','true','24 + 13 = 37.','Some primeiro as unidades e depois as dezenas.',1,7,array['adição','adição simples'],4,true) on conflict (id) do update set question = excluded.question, correct_answer = excluded.correct_answer;
insert into public.exercises (id,lesson_id,skill_id,type,question,correct_answer,explanation,hint,difficulty,school_year,tags,order_index,is_active) values ('00000000-0000-4000-8000-000000000fa5','00000000-0000-4000-8000-0000000007d0','00000000-0000-4000-8000-000000000bb8','word_problem','Lumi tinha 27 pontos e ganhou mais 15. Com quantos pontos ficou?','42','27 + 15 = 42.','Some primeiro as unidades e depois as dezenas.',2,7,array['adição','adição simples'],5,true) on conflict (id) do update set question = excluded.question, correct_answer = excluded.correct_answer;
insert into public.exercises (id,lesson_id,skill_id,type,question,correct_answer,explanation,hint,difficulty,school_year,tags,order_index,is_active) values ('00000000-0000-4000-8000-000000000fa6','00000000-0000-4000-8000-0000000007d0','00000000-0000-4000-8000-000000000bb8','complete','30 + 17','47','30 + 17 = 47.','Some primeiro as unidades e depois as dezenas.',2,7,array['adição','adição simples'],6,true) on conflict (id) do update set question = excluded.question, correct_answer = excluded.correct_answer;
insert into public.exercises (id,lesson_id,skill_id,type,question,correct_answer,explanation,hint,difficulty,school_year,tags,order_index,is_active) values ('00000000-0000-4000-8000-000000000fa7','00000000-0000-4000-8000-0000000007d0','00000000-0000-4000-8000-000000000bb8','multiple_choice','33 + 19','52','33 + 19 = 52.','Some primeiro as unidades e depois as dezenas.',2,7,array['adição','adição simples'],7,true) on conflict (id) do update set question = excluded.question, correct_answer = excluded.correct_answer;
insert into public.exercise_options (id,exercise_id,option_text,is_correct,order_index) values ('00000000-0000-4000-8000-000000001f86','00000000-0000-4000-8000-000000000fa7','50',false,1) on conflict (id) do update set option_text = excluded.option_text, is_correct = excluded.is_correct;
insert into public.exercise_options (id,exercise_id,option_text,is_correct,order_index) values ('00000000-0000-4000-8000-000000001f87','00000000-0000-4000-8000-000000000fa7','52',true,2) on conflict (id) do update set option_text = excluded.option_text, is_correct = excluded.is_correct;
insert into public.exercise_options (id,exercise_id,option_text,is_correct,order_index) values ('00000000-0000-4000-8000-000000001f88','00000000-0000-4000-8000-000000000fa7','55',false,3) on conflict (id) do update set option_text = excluded.option_text, is_correct = excluded.is_correct;
insert into public.exercise_options (id,exercise_id,option_text,is_correct,order_index) values ('00000000-0000-4000-8000-000000001f89','00000000-0000-4000-8000-000000000fa7','59',false,4) on conflict (id) do update set option_text = excluded.option_text, is_correct = excluded.is_correct;
insert into public.exercises (id,lesson_id,skill_id,type,question,correct_answer,explanation,hint,difficulty,school_year,tags,order_index,is_active) values ('00000000-0000-4000-8000-000000000fa8','00000000-0000-4000-8000-0000000007d0','00000000-0000-4000-8000-000000000bb8','true_false','36 + 21 é igual a 57.','true','36 + 21 = 57.','Some primeiro as unidades e depois as dezenas.',2,7,array['adição','adição simples'],8,true) on conflict (id) do update set question = excluded.question, correct_answer = excluded.correct_answer;
insert into public.exercises (id,lesson_id,skill_id,type,question,correct_answer,explanation,hint,difficulty,school_year,tags,order_index,is_active) values ('00000000-0000-4000-8000-000000000fa9','00000000-0000-4000-8000-0000000007d0','00000000-0000-4000-8000-000000000bb8','complete','39 + 23','62','39 + 23 = 62.','Some primeiro as unidades e depois as dezenas.',2,7,array['adição','adição simples'],9,true) on conflict (id) do update set question = excluded.question, correct_answer = excluded.correct_answer;
insert into public.exercises (id,lesson_id,skill_id,type,question,correct_answer,explanation,hint,difficulty,school_year,tags,order_index,is_active) values ('00000000-0000-4000-8000-000000000faa','00000000-0000-4000-8000-0000000007d0','00000000-0000-4000-8000-000000000bb8','word_problem','Lumi tinha 42 pontos e ganhou mais 25. Com quantos pontos ficou?','67','42 + 25 = 67.','Some primeiro as unidades e depois as dezenas.',3,7,array['adição','adição simples'],10,true) on conflict (id) do update set question = excluded.question, correct_answer = excluded.correct_answer;
insert into public.exercises (id,lesson_id,skill_id,type,question,correct_answer,explanation,hint,difficulty,school_year,tags,order_index,is_active) values ('00000000-0000-4000-8000-000000000fab','00000000-0000-4000-8000-0000000007d0','00000000-0000-4000-8000-000000000bb8','multiple_choice','45 + 27','72','45 + 27 = 72.','Some primeiro as unidades e depois as dezenas.',3,7,array['adição','adição simples'],11,true) on conflict (id) do update set question = excluded.question, correct_answer = excluded.correct_answer;
insert into public.exercise_options (id,exercise_id,option_text,is_correct,order_index) values ('00000000-0000-4000-8000-000000001fae','00000000-0000-4000-8000-000000000fab','70',false,1) on conflict (id) do update set option_text = excluded.option_text, is_correct = excluded.is_correct;
insert into public.exercise_options (id,exercise_id,option_text,is_correct,order_index) values ('00000000-0000-4000-8000-000000001faf','00000000-0000-4000-8000-000000000fab','72',true,2) on conflict (id) do update set option_text = excluded.option_text, is_correct = excluded.is_correct;
insert into public.exercise_options (id,exercise_id,option_text,is_correct,order_index) values ('00000000-0000-4000-8000-000000001fb0','00000000-0000-4000-8000-000000000fab','75',false,3) on conflict (id) do update set option_text = excluded.option_text, is_correct = excluded.is_correct;
insert into public.exercise_options (id,exercise_id,option_text,is_correct,order_index) values ('00000000-0000-4000-8000-000000001fb1','00000000-0000-4000-8000-000000000fab','79',false,4) on conflict (id) do update set option_text = excluded.option_text, is_correct = excluded.is_correct;
insert into public.exercises (id,lesson_id,skill_id,type,question,correct_answer,explanation,hint,difficulty,school_year,tags,order_index,is_active) values ('00000000-0000-4000-8000-000000000fac','00000000-0000-4000-8000-0000000007d0','00000000-0000-4000-8000-000000000bb8','true_false','48 + 29 é igual a 77.','true','48 + 29 = 77.','Some primeiro as unidades e depois as dezenas.',3,7,array['adição','adição simples'],12,true) on conflict (id) do update set question = excluded.question, correct_answer = excluded.correct_answer;
insert into public.exercises (id,lesson_id,skill_id,type,question,correct_answer,explanation,hint,difficulty,school_year,tags,order_index,is_active) values ('00000000-0000-4000-8000-000000000fad','00000000-0000-4000-8000-0000000007d0','00000000-0000-4000-8000-000000000bb8','multiple_choice','51 + 31','82','51 + 31 = 82.','Some primeiro as unidades e depois as dezenas.',3,7,array['adição','adição simples'],13,true) on conflict (id) do update set question = excluded.question, correct_answer = excluded.correct_answer;
insert into public.exercise_options (id,exercise_id,option_text,is_correct,order_index) values ('00000000-0000-4000-8000-000000001fc2','00000000-0000-4000-8000-000000000fad','80',false,1) on conflict (id) do update set option_text = excluded.option_text, is_correct = excluded.is_correct;
insert into public.exercise_options (id,exercise_id,option_text,is_correct,order_index) values ('00000000-0000-4000-8000-000000001fc3','00000000-0000-4000-8000-000000000fad','82',true,2) on conflict (id) do update set option_text = excluded.option_text, is_correct = excluded.is_correct;
insert into public.exercise_options (id,exercise_id,option_text,is_correct,order_index) values ('00000000-0000-4000-8000-000000001fc4','00000000-0000-4000-8000-000000000fad','85',false,3) on conflict (id) do update set option_text = excluded.option_text, is_correct = excluded.is_correct;
insert into public.exercise_options (id,exercise_id,option_text,is_correct,order_index) values ('00000000-0000-4000-8000-000000001fc5','00000000-0000-4000-8000-000000000fad','89',false,4) on conflict (id) do update set option_text = excluded.option_text, is_correct = excluded.is_correct;
insert into public.exercises (id,lesson_id,skill_id,type,question,correct_answer,explanation,hint,difficulty,school_year,tags,order_index,is_active) values ('00000000-0000-4000-8000-000000000fae','00000000-0000-4000-8000-0000000007d0','00000000-0000-4000-8000-000000000bb8','input','54 + 33','87','54 + 33 = 87.','Some primeiro as unidades e depois as dezenas.',3,7,array['adição','adição simples'],14,true) on conflict (id) do update set question = excluded.question, correct_answer = excluded.correct_answer;
insert into public.exercises (id,lesson_id,skill_id,type,question,correct_answer,explanation,hint,difficulty,school_year,tags,order_index,is_active) values ('00000000-0000-4000-8000-000000000faf','00000000-0000-4000-8000-0000000007d0','00000000-0000-4000-8000-000000000bb8','word_problem','Lumi tinha 57 pontos e ganhou mais 35. Com quantos pontos ficou?','92','57 + 35 = 92.','Some primeiro as unidades e depois as dezenas.',4,7,array['adição','adição simples'],15,true) on conflict (id) do update set question = excluded.question, correct_answer = excluded.correct_answer;
insert into public.exercises (id,lesson_id,skill_id,type,question,correct_answer,explanation,hint,difficulty,school_year,tags,order_index,is_active) values ('00000000-0000-4000-8000-000000000fb0','00000000-0000-4000-8000-0000000007d0','00000000-0000-4000-8000-000000000bb8','true_false','60 + 37 é igual a 97.','true','60 + 37 = 97.','Some primeiro as unidades e depois as dezenas.',4,7,array['adição','adição simples'],16,true) on conflict (id) do update set question = excluded.question, correct_answer = excluded.correct_answer;
insert into public.exercises (id,lesson_id,skill_id,type,question,correct_answer,explanation,hint,difficulty,school_year,tags,order_index,is_active) values ('00000000-0000-4000-8000-000000000fb1','00000000-0000-4000-8000-0000000007d0','00000000-0000-4000-8000-000000000bb8','multiple_choice','63 + 39','102','63 + 39 = 102.','Some primeiro as unidades e depois as dezenas.',4,7,array['adição','adição simples'],17,true) on conflict (id) do update set question = excluded.question, correct_answer = excluded.correct_answer;
insert into public.exercise_options (id,exercise_id,option_text,is_correct,order_index) values ('00000000-0000-4000-8000-000000001fea','00000000-0000-4000-8000-000000000fb1','100',false,1) on conflict (id) do update set option_text = excluded.option_text, is_correct = excluded.is_correct;
insert into public.exercise_options (id,exercise_id,option_text,is_correct,order_index) values ('00000000-0000-4000-8000-000000001feb','00000000-0000-4000-8000-000000000fb1','102',true,2) on conflict (id) do update set option_text = excluded.option_text, is_correct = excluded.is_correct;
insert into public.exercise_options (id,exercise_id,option_text,is_correct,order_index) values ('00000000-0000-4000-8000-000000001fec','00000000-0000-4000-8000-000000000fb1','105',false,3) on conflict (id) do update set option_text = excluded.option_text, is_correct = excluded.is_correct;
insert into public.exercise_options (id,exercise_id,option_text,is_correct,order_index) values ('00000000-0000-4000-8000-000000001fed','00000000-0000-4000-8000-000000000fb1','109',false,4) on conflict (id) do update set option_text = excluded.option_text, is_correct = excluded.is_correct;
insert into public.exercises (id,lesson_id,skill_id,type,question,correct_answer,explanation,hint,difficulty,school_year,tags,order_index,is_active) values ('00000000-0000-4000-8000-000000000fb2','00000000-0000-4000-8000-0000000007d0','00000000-0000-4000-8000-000000000bb8','complete','66 + 41','107','66 + 41 = 107.','Some primeiro as unidades e depois as dezenas.',4,7,array['adição','adição simples'],18,true) on conflict (id) do update set question = excluded.question, correct_answer = excluded.correct_answer;
insert into public.exercises (id,lesson_id,skill_id,type,question,correct_answer,explanation,hint,difficulty,school_year,tags,order_index,is_active) values ('00000000-0000-4000-8000-000000000fb3','00000000-0000-4000-8000-0000000007d0','00000000-0000-4000-8000-000000000bb8','multiple_choice','69 + 43','112','69 + 43 = 112.','Some primeiro as unidades e depois as dezenas.',4,7,array['adição','adição simples'],19,true) on conflict (id) do update set question = excluded.question, correct_answer = excluded.correct_answer;
insert into public.exercise_options (id,exercise_id,option_text,is_correct,order_index) values ('00000000-0000-4000-8000-000000001ffe','00000000-0000-4000-8000-000000000fb3','110',false,1) on conflict (id) do update set option_text = excluded.option_text, is_correct = excluded.is_correct;
insert into public.exercise_options (id,exercise_id,option_text,is_correct,order_index) values ('00000000-0000-4000-8000-000000001fff','00000000-0000-4000-8000-000000000fb3','112',true,2) on conflict (id) do update set option_text = excluded.option_text, is_correct = excluded.is_correct;
insert into public.exercise_options (id,exercise_id,option_text,is_correct,order_index) values ('00000000-0000-4000-8000-000000002000','00000000-0000-4000-8000-000000000fb3','115',false,3) on conflict (id) do update set option_text = excluded.option_text, is_correct = excluded.is_correct;
insert into public.exercise_options (id,exercise_id,option_text,is_correct,order_index) values ('00000000-0000-4000-8000-000000002001','00000000-0000-4000-8000-000000000fb3','119',false,4) on conflict (id) do update set option_text = excluded.option_text, is_correct = excluded.is_correct;
insert into public.exercises (id,lesson_id,skill_id,type,question,correct_answer,explanation,hint,difficulty,school_year,tags,order_index,is_active) values ('00000000-0000-4000-8000-000000000fb4','00000000-0000-4000-8000-0000000007d0','00000000-0000-4000-8000-000000000bb8','word_problem','Lumi tinha 72 pontos e ganhou mais 45. Com quantos pontos ficou?','117','72 + 45 = 117.','Some primeiro as unidades e depois as dezenas.',5,7,array['adição','adição simples'],20,true) on conflict (id) do update set question = excluded.question, correct_answer = excluded.correct_answer;
insert into public.skills (id,name,description,school_year) values ('00000000-0000-4000-8000-000000000bb9','Adição com reagrupamento','Habilidade: Adição com reagrupamento.',7) on conflict (id) do update set name = excluded.name;
insert into public.lessons (id,module_id,title,description,explanation,example,order_index,xp_bonus,is_active) values ('00000000-0000-4000-8000-0000000007d1','00000000-0000-4000-8000-0000000003e8','Adição com reagrupamento','Treino guiado com dica e feedback imediato.','Resolva uma parte por vez e confira seu raciocínio.','Exemplo resolvido aparece antes da prática.',2,20,true) on conflict (id) do update set title = excluded.title;
insert into public.exercises (id,lesson_id,skill_id,type,question,correct_answer,explanation,hint,difficulty,school_year,tags,order_index,is_active) values ('00000000-0000-4000-8000-000000001005','00000000-0000-4000-8000-0000000007d1','00000000-0000-4000-8000-000000000bb9','multiple_choice','16 + 16','32','16 + 16 = 32.','Some primeiro as unidades e depois as dezenas.',1,7,array['adição','adição com reagrupamento'],1,true) on conflict (id) do update set question = excluded.question, correct_answer = excluded.correct_answer;
insert into public.exercise_options (id,exercise_id,option_text,is_correct,order_index) values ('00000000-0000-4000-8000-0000000020da','00000000-0000-4000-8000-000000001005','30',false,1) on conflict (id) do update set option_text = excluded.option_text, is_correct = excluded.is_correct;
insert into public.exercise_options (id,exercise_id,option_text,is_correct,order_index) values ('00000000-0000-4000-8000-0000000020db','00000000-0000-4000-8000-000000001005','32',true,2) on conflict (id) do update set option_text = excluded.option_text, is_correct = excluded.is_correct;
insert into public.exercise_options (id,exercise_id,option_text,is_correct,order_index) values ('00000000-0000-4000-8000-0000000020dc','00000000-0000-4000-8000-000000001005','35',false,3) on conflict (id) do update set option_text = excluded.option_text, is_correct = excluded.is_correct;
insert into public.exercise_options (id,exercise_id,option_text,is_correct,order_index) values ('00000000-0000-4000-8000-0000000020dd','00000000-0000-4000-8000-000000001005','39',false,4) on conflict (id) do update set option_text = excluded.option_text, is_correct = excluded.is_correct;
insert into public.exercises (id,lesson_id,skill_id,type,question,correct_answer,explanation,hint,difficulty,school_year,tags,order_index,is_active) values ('00000000-0000-4000-8000-000000001006','00000000-0000-4000-8000-0000000007d1','00000000-0000-4000-8000-000000000bb9','input','19 + 18','37','19 + 18 = 37.','Some primeiro as unidades e depois as dezenas.',1,7,array['adição','adição com reagrupamento'],2,true) on conflict (id) do update set question = excluded.question, correct_answer = excluded.correct_answer;
insert into public.exercises (id,lesson_id,skill_id,type,question,correct_answer,explanation,hint,difficulty,school_year,tags,order_index,is_active) values ('00000000-0000-4000-8000-000000001007','00000000-0000-4000-8000-0000000007d1','00000000-0000-4000-8000-000000000bb9','complete','22 + 20','42','22 + 20 = 42.','Some primeiro as unidades e depois as dezenas.',1,7,array['adição','adição com reagrupamento'],3,true) on conflict (id) do update set question = excluded.question, correct_answer = excluded.correct_answer;
insert into public.exercises (id,lesson_id,skill_id,type,question,correct_answer,explanation,hint,difficulty,school_year,tags,order_index,is_active) values ('00000000-0000-4000-8000-000000001008','00000000-0000-4000-8000-0000000007d1','00000000-0000-4000-8000-000000000bb9','true_false','25 + 22 é igual a 47.','true','25 + 22 = 47.','Some primeiro as unidades e depois as dezenas.',1,7,array['adição','adição com reagrupamento'],4,true) on conflict (id) do update set question = excluded.question, correct_answer = excluded.correct_answer;
insert into public.exercises (id,lesson_id,skill_id,type,question,correct_answer,explanation,hint,difficulty,school_year,tags,order_index,is_active) values ('00000000-0000-4000-8000-000000001009','00000000-0000-4000-8000-0000000007d1','00000000-0000-4000-8000-000000000bb9','word_problem','Lumi tinha 28 pontos e ganhou mais 24. Com quantos pontos ficou?','52','28 + 24 = 52.','Some primeiro as unidades e depois as dezenas.',2,7,array['adição','adição com reagrupamento'],5,true) on conflict (id) do update set question = excluded.question, correct_answer = excluded.correct_answer;
insert into public.exercises (id,lesson_id,skill_id,type,question,correct_answer,explanation,hint,difficulty,school_year,tags,order_index,is_active) values ('00000000-0000-4000-8000-00000000100a','00000000-0000-4000-8000-0000000007d1','00000000-0000-4000-8000-000000000bb9','complete','31 + 26','57','31 + 26 = 57.','Some primeiro as unidades e depois as dezenas.',2,7,array['adição','adição com reagrupamento'],6,true) on conflict (id) do update set question = excluded.question, correct_answer = excluded.correct_answer;
insert into public.exercises (id,lesson_id,skill_id,type,question,correct_answer,explanation,hint,difficulty,school_year,tags,order_index,is_active) values ('00000000-0000-4000-8000-00000000100b','00000000-0000-4000-8000-0000000007d1','00000000-0000-4000-8000-000000000bb9','multiple_choice','34 + 28','62','34 + 28 = 62.','Some primeiro as unidades e depois as dezenas.',2,7,array['adição','adição com reagrupamento'],7,true) on conflict (id) do update set question = excluded.question, correct_answer = excluded.correct_answer;
insert into public.exercise_options (id,exercise_id,option_text,is_correct,order_index) values ('00000000-0000-4000-8000-000000002116','00000000-0000-4000-8000-00000000100b','60',false,1) on conflict (id) do update set option_text = excluded.option_text, is_correct = excluded.is_correct;
insert into public.exercise_options (id,exercise_id,option_text,is_correct,order_index) values ('00000000-0000-4000-8000-000000002117','00000000-0000-4000-8000-00000000100b','62',true,2) on conflict (id) do update set option_text = excluded.option_text, is_correct = excluded.is_correct;
insert into public.exercise_options (id,exercise_id,option_text,is_correct,order_index) values ('00000000-0000-4000-8000-000000002118','00000000-0000-4000-8000-00000000100b','65',false,3) on conflict (id) do update set option_text = excluded.option_text, is_correct = excluded.is_correct;
insert into public.exercise_options (id,exercise_id,option_text,is_correct,order_index) values ('00000000-0000-4000-8000-000000002119','00000000-0000-4000-8000-00000000100b','69',false,4) on conflict (id) do update set option_text = excluded.option_text, is_correct = excluded.is_correct;
insert into public.exercises (id,lesson_id,skill_id,type,question,correct_answer,explanation,hint,difficulty,school_year,tags,order_index,is_active) values ('00000000-0000-4000-8000-00000000100c','00000000-0000-4000-8000-0000000007d1','00000000-0000-4000-8000-000000000bb9','true_false','37 + 30 é igual a 67.','true','37 + 30 = 67.','Some primeiro as unidades e depois as dezenas.',2,7,array['adição','adição com reagrupamento'],8,true) on conflict (id) do update set question = excluded.question, correct_answer = excluded.correct_answer;
insert into public.exercises (id,lesson_id,skill_id,type,question,correct_answer,explanation,hint,difficulty,school_year,tags,order_index,is_active) values ('00000000-0000-4000-8000-00000000100d','00000000-0000-4000-8000-0000000007d1','00000000-0000-4000-8000-000000000bb9','complete','40 + 32','72','40 + 32 = 72.','Some primeiro as unidades e depois as dezenas.',2,7,array['adição','adição com reagrupamento'],9,true) on conflict (id) do update set question = excluded.question, correct_answer = excluded.correct_answer;
insert into public.exercises (id,lesson_id,skill_id,type,question,correct_answer,explanation,hint,difficulty,school_year,tags,order_index,is_active) values ('00000000-0000-4000-8000-00000000100e','00000000-0000-4000-8000-0000000007d1','00000000-0000-4000-8000-000000000bb9','word_problem','Lumi tinha 43 pontos e ganhou mais 34. Com quantos pontos ficou?','77','43 + 34 = 77.','Some primeiro as unidades e depois as dezenas.',3,7,array['adição','adição com reagrupamento'],10,true) on conflict (id) do update set question = excluded.question, correct_answer = excluded.correct_answer;
insert into public.exercises (id,lesson_id,skill_id,type,question,correct_answer,explanation,hint,difficulty,school_year,tags,order_index,is_active) values ('00000000-0000-4000-8000-00000000100f','00000000-0000-4000-8000-0000000007d1','00000000-0000-4000-8000-000000000bb9','multiple_choice','46 + 36','82','46 + 36 = 82.','Some primeiro as unidades e depois as dezenas.',3,7,array['adição','adição com reagrupamento'],11,true) on conflict (id) do update set question = excluded.question, correct_answer = excluded.correct_answer;
insert into public.exercise_options (id,exercise_id,option_text,is_correct,order_index) values ('00000000-0000-4000-8000-00000000213e','00000000-0000-4000-8000-00000000100f','80',false,1) on conflict (id) do update set option_text = excluded.option_text, is_correct = excluded.is_correct;
insert into public.exercise_options (id,exercise_id,option_text,is_correct,order_index) values ('00000000-0000-4000-8000-00000000213f','00000000-0000-4000-8000-00000000100f','82',true,2) on conflict (id) do update set option_text = excluded.option_text, is_correct = excluded.is_correct;
insert into public.exercise_options (id,exercise_id,option_text,is_correct,order_index) values ('00000000-0000-4000-8000-000000002140','00000000-0000-4000-8000-00000000100f','85',false,3) on conflict (id) do update set option_text = excluded.option_text, is_correct = excluded.is_correct;
insert into public.exercise_options (id,exercise_id,option_text,is_correct,order_index) values ('00000000-0000-4000-8000-000000002141','00000000-0000-4000-8000-00000000100f','89',false,4) on conflict (id) do update set option_text = excluded.option_text, is_correct = excluded.is_correct;
insert into public.exercises (id,lesson_id,skill_id,type,question,correct_answer,explanation,hint,difficulty,school_year,tags,order_index,is_active) values ('00000000-0000-4000-8000-000000001010','00000000-0000-4000-8000-0000000007d1','00000000-0000-4000-8000-000000000bb9','true_false','49 + 38 é igual a 87.','true','49 + 38 = 87.','Some primeiro as unidades e depois as dezenas.',3,7,array['adição','adição com reagrupamento'],12,true) on conflict (id) do update set question = excluded.question, correct_answer = excluded.correct_answer;
insert into public.exercises (id,lesson_id,skill_id,type,question,correct_answer,explanation,hint,difficulty,school_year,tags,order_index,is_active) values ('00000000-0000-4000-8000-000000001011','00000000-0000-4000-8000-0000000007d1','00000000-0000-4000-8000-000000000bb9','multiple_choice','52 + 40','92','52 + 40 = 92.','Some primeiro as unidades e depois as dezenas.',3,7,array['adição','adição com reagrupamento'],13,true) on conflict (id) do update set question = excluded.question, correct_answer = excluded.correct_answer;
insert into public.exercise_options (id,exercise_id,option_text,is_correct,order_index) values ('00000000-0000-4000-8000-000000002152','00000000-0000-4000-8000-000000001011','90',false,1) on conflict (id) do update set option_text = excluded.option_text, is_correct = excluded.is_correct;
insert into public.exercise_options (id,exercise_id,option_text,is_correct,order_index) values ('00000000-0000-4000-8000-000000002153','00000000-0000-4000-8000-000000001011','92',true,2) on conflict (id) do update set option_text = excluded.option_text, is_correct = excluded.is_correct;
insert into public.exercise_options (id,exercise_id,option_text,is_correct,order_index) values ('00000000-0000-4000-8000-000000002154','00000000-0000-4000-8000-000000001011','95',false,3) on conflict (id) do update set option_text = excluded.option_text, is_correct = excluded.is_correct;
insert into public.exercise_options (id,exercise_id,option_text,is_correct,order_index) values ('00000000-0000-4000-8000-000000002155','00000000-0000-4000-8000-000000001011','99',false,4) on conflict (id) do update set option_text = excluded.option_text, is_correct = excluded.is_correct;
insert into public.exercises (id,lesson_id,skill_id,type,question,correct_answer,explanation,hint,difficulty,school_year,tags,order_index,is_active) values ('00000000-0000-4000-8000-000000001012','00000000-0000-4000-8000-0000000007d1','00000000-0000-4000-8000-000000000bb9','input','55 + 42','97','55 + 42 = 97.','Some primeiro as unidades e depois as dezenas.',3,7,array['adição','adição com reagrupamento'],14,true) on conflict (id) do update set question = excluded.question, correct_answer = excluded.correct_answer;
insert into public.exercises (id,lesson_id,skill_id,type,question,correct_answer,explanation,hint,difficulty,school_year,tags,order_index,is_active) values ('00000000-0000-4000-8000-000000001013','00000000-0000-4000-8000-0000000007d1','00000000-0000-4000-8000-000000000bb9','word_problem','Lumi tinha 58 pontos e ganhou mais 44. Com quantos pontos ficou?','102','58 + 44 = 102.','Some primeiro as unidades e depois as dezenas.',4,7,array['adição','adição com reagrupamento'],15,true) on conflict (id) do update set question = excluded.question, correct_answer = excluded.correct_answer;
insert into public.exercises (id,lesson_id,skill_id,type,question,correct_answer,explanation,hint,difficulty,school_year,tags,order_index,is_active) values ('00000000-0000-4000-8000-000000001014','00000000-0000-4000-8000-0000000007d1','00000000-0000-4000-8000-000000000bb9','true_false','61 + 46 é igual a 107.','true','61 + 46 = 107.','Some primeiro as unidades e depois as dezenas.',4,7,array['adição','adição com reagrupamento'],16,true) on conflict (id) do update set question = excluded.question, correct_answer = excluded.correct_answer;
insert into public.exercises (id,lesson_id,skill_id,type,question,correct_answer,explanation,hint,difficulty,school_year,tags,order_index,is_active) values ('00000000-0000-4000-8000-000000001015','00000000-0000-4000-8000-0000000007d1','00000000-0000-4000-8000-000000000bb9','multiple_choice','64 + 48','112','64 + 48 = 112.','Some primeiro as unidades e depois as dezenas.',4,7,array['adição','adição com reagrupamento'],17,true) on conflict (id) do update set question = excluded.question, correct_answer = excluded.correct_answer;
insert into public.exercise_options (id,exercise_id,option_text,is_correct,order_index) values ('00000000-0000-4000-8000-00000000217a','00000000-0000-4000-8000-000000001015','110',false,1) on conflict (id) do update set option_text = excluded.option_text, is_correct = excluded.is_correct;
insert into public.exercise_options (id,exercise_id,option_text,is_correct,order_index) values ('00000000-0000-4000-8000-00000000217b','00000000-0000-4000-8000-000000001015','112',true,2) on conflict (id) do update set option_text = excluded.option_text, is_correct = excluded.is_correct;
insert into public.exercise_options (id,exercise_id,option_text,is_correct,order_index) values ('00000000-0000-4000-8000-00000000217c','00000000-0000-4000-8000-000000001015','115',false,3) on conflict (id) do update set option_text = excluded.option_text, is_correct = excluded.is_correct;
insert into public.exercise_options (id,exercise_id,option_text,is_correct,order_index) values ('00000000-0000-4000-8000-00000000217d','00000000-0000-4000-8000-000000001015','119',false,4) on conflict (id) do update set option_text = excluded.option_text, is_correct = excluded.is_correct;
insert into public.exercises (id,lesson_id,skill_id,type,question,correct_answer,explanation,hint,difficulty,school_year,tags,order_index,is_active) values ('00000000-0000-4000-8000-000000001016','00000000-0000-4000-8000-0000000007d1','00000000-0000-4000-8000-000000000bb9','complete','67 + 50','117','67 + 50 = 117.','Some primeiro as unidades e depois as dezenas.',4,7,array['adição','adição com reagrupamento'],18,true) on conflict (id) do update set question = excluded.question, correct_answer = excluded.correct_answer;
insert into public.exercises (id,lesson_id,skill_id,type,question,correct_answer,explanation,hint,difficulty,school_year,tags,order_index,is_active) values ('00000000-0000-4000-8000-000000001017','00000000-0000-4000-8000-0000000007d1','00000000-0000-4000-8000-000000000bb9','multiple_choice','70 + 52','122','70 + 52 = 122.','Some primeiro as unidades e depois as dezenas.',4,7,array['adição','adição com reagrupamento'],19,true) on conflict (id) do update set question = excluded.question, correct_answer = excluded.correct_answer;
insert into public.exercise_options (id,exercise_id,option_text,is_correct,order_index) values ('00000000-0000-4000-8000-00000000218e','00000000-0000-4000-8000-000000001017','120',false,1) on conflict (id) do update set option_text = excluded.option_text, is_correct = excluded.is_correct;
insert into public.exercise_options (id,exercise_id,option_text,is_correct,order_index) values ('00000000-0000-4000-8000-00000000218f','00000000-0000-4000-8000-000000001017','122',true,2) on conflict (id) do update set option_text = excluded.option_text, is_correct = excluded.is_correct;
insert into public.exercise_options (id,exercise_id,option_text,is_correct,order_index) values ('00000000-0000-4000-8000-000000002190','00000000-0000-4000-8000-000000001017','125',false,3) on conflict (id) do update set option_text = excluded.option_text, is_correct = excluded.is_correct;
insert into public.exercise_options (id,exercise_id,option_text,is_correct,order_index) values ('00000000-0000-4000-8000-000000002191','00000000-0000-4000-8000-000000001017','129',false,4) on conflict (id) do update set option_text = excluded.option_text, is_correct = excluded.is_correct;
insert into public.exercises (id,lesson_id,skill_id,type,question,correct_answer,explanation,hint,difficulty,school_year,tags,order_index,is_active) values ('00000000-0000-4000-8000-000000001018','00000000-0000-4000-8000-0000000007d1','00000000-0000-4000-8000-000000000bb9','word_problem','Lumi tinha 73 pontos e ganhou mais 54. Com quantos pontos ficou?','127','73 + 54 = 127.','Some primeiro as unidades e depois as dezenas.',5,7,array['adição','adição com reagrupamento'],20,true) on conflict (id) do update set question = excluded.question, correct_answer = excluded.correct_answer;
insert into public.skills (id,name,description,school_year) values ('00000000-0000-4000-8000-000000000bba','Adição com números maiores','Habilidade: Adição com números maiores.',7) on conflict (id) do update set name = excluded.name;
insert into public.lessons (id,module_id,title,description,explanation,example,order_index,xp_bonus,is_active) values ('00000000-0000-4000-8000-0000000007d2','00000000-0000-4000-8000-0000000003e8','Adição com números maiores','Treino guiado com dica e feedback imediato.','Resolva uma parte por vez e confira seu raciocínio.','Exemplo resolvido aparece antes da prática.',3,20,true) on conflict (id) do update set title = excluded.title;
insert into public.exercises (id,lesson_id,skill_id,type,question,correct_answer,explanation,hint,difficulty,school_year,tags,order_index,is_active) values ('00000000-0000-4000-8000-000000001069','00000000-0000-4000-8000-0000000007d2','00000000-0000-4000-8000-000000000bba','multiple_choice','17 + 25','42','17 + 25 = 42.','Some primeiro as unidades e depois as dezenas.',1,7,array['adição','adição com números maiores'],1,true) on conflict (id) do update set question = excluded.question, correct_answer = excluded.correct_answer;
insert into public.exercise_options (id,exercise_id,option_text,is_correct,order_index) values ('00000000-0000-4000-8000-00000000226a','00000000-0000-4000-8000-000000001069','40',false,1) on conflict (id) do update set option_text = excluded.option_text, is_correct = excluded.is_correct;
insert into public.exercise_options (id,exercise_id,option_text,is_correct,order_index) values ('00000000-0000-4000-8000-00000000226b','00000000-0000-4000-8000-000000001069','42',true,2) on conflict (id) do update set option_text = excluded.option_text, is_correct = excluded.is_correct;
insert into public.exercise_options (id,exercise_id,option_text,is_correct,order_index) values ('00000000-0000-4000-8000-00000000226c','00000000-0000-4000-8000-000000001069','45',false,3) on conflict (id) do update set option_text = excluded.option_text, is_correct = excluded.is_correct;
insert into public.exercise_options (id,exercise_id,option_text,is_correct,order_index) values ('00000000-0000-4000-8000-00000000226d','00000000-0000-4000-8000-000000001069','49',false,4) on conflict (id) do update set option_text = excluded.option_text, is_correct = excluded.is_correct;
insert into public.exercises (id,lesson_id,skill_id,type,question,correct_answer,explanation,hint,difficulty,school_year,tags,order_index,is_active) values ('00000000-0000-4000-8000-00000000106a','00000000-0000-4000-8000-0000000007d2','00000000-0000-4000-8000-000000000bba','input','20 + 27','47','20 + 27 = 47.','Some primeiro as unidades e depois as dezenas.',1,7,array['adição','adição com números maiores'],2,true) on conflict (id) do update set question = excluded.question, correct_answer = excluded.correct_answer;
insert into public.exercises (id,lesson_id,skill_id,type,question,correct_answer,explanation,hint,difficulty,school_year,tags,order_index,is_active) values ('00000000-0000-4000-8000-00000000106b','00000000-0000-4000-8000-0000000007d2','00000000-0000-4000-8000-000000000bba','complete','23 + 29','52','23 + 29 = 52.','Some primeiro as unidades e depois as dezenas.',1,7,array['adição','adição com números maiores'],3,true) on conflict (id) do update set question = excluded.question, correct_answer = excluded.correct_answer;
insert into public.exercises (id,lesson_id,skill_id,type,question,correct_answer,explanation,hint,difficulty,school_year,tags,order_index,is_active) values ('00000000-0000-4000-8000-00000000106c','00000000-0000-4000-8000-0000000007d2','00000000-0000-4000-8000-000000000bba','true_false','26 + 31 é igual a 57.','true','26 + 31 = 57.','Some primeiro as unidades e depois as dezenas.',1,7,array['adição','adição com números maiores'],4,true) on conflict (id) do update set question = excluded.question, correct_answer = excluded.correct_answer;
insert into public.exercises (id,lesson_id,skill_id,type,question,correct_answer,explanation,hint,difficulty,school_year,tags,order_index,is_active) values ('00000000-0000-4000-8000-00000000106d','00000000-0000-4000-8000-0000000007d2','00000000-0000-4000-8000-000000000bba','word_problem','Lumi tinha 29 pontos e ganhou mais 33. Com quantos pontos ficou?','62','29 + 33 = 62.','Some primeiro as unidades e depois as dezenas.',2,7,array['adição','adição com números maiores'],5,true) on conflict (id) do update set question = excluded.question, correct_answer = excluded.correct_answer;
insert into public.exercises (id,lesson_id,skill_id,type,question,correct_answer,explanation,hint,difficulty,school_year,tags,order_index,is_active) values ('00000000-0000-4000-8000-00000000106e','00000000-0000-4000-8000-0000000007d2','00000000-0000-4000-8000-000000000bba','complete','32 + 35','67','32 + 35 = 67.','Some primeiro as unidades e depois as dezenas.',2,7,array['adição','adição com números maiores'],6,true) on conflict (id) do update set question = excluded.question, correct_answer = excluded.correct_answer;
insert into public.exercises (id,lesson_id,skill_id,type,question,correct_answer,explanation,hint,difficulty,school_year,tags,order_index,is_active) values ('00000000-0000-4000-8000-00000000106f','00000000-0000-4000-8000-0000000007d2','00000000-0000-4000-8000-000000000bba','multiple_choice','35 + 37','72','35 + 37 = 72.','Some primeiro as unidades e depois as dezenas.',2,7,array['adição','adição com números maiores'],7,true) on conflict (id) do update set question = excluded.question, correct_answer = excluded.correct_answer;
insert into public.exercise_options (id,exercise_id,option_text,is_correct,order_index) values ('00000000-0000-4000-8000-0000000022a6','00000000-0000-4000-8000-00000000106f','70',false,1) on conflict (id) do update set option_text = excluded.option_text, is_correct = excluded.is_correct;
insert into public.exercise_options (id,exercise_id,option_text,is_correct,order_index) values ('00000000-0000-4000-8000-0000000022a7','00000000-0000-4000-8000-00000000106f','72',true,2) on conflict (id) do update set option_text = excluded.option_text, is_correct = excluded.is_correct;
insert into public.exercise_options (id,exercise_id,option_text,is_correct,order_index) values ('00000000-0000-4000-8000-0000000022a8','00000000-0000-4000-8000-00000000106f','75',false,3) on conflict (id) do update set option_text = excluded.option_text, is_correct = excluded.is_correct;
insert into public.exercise_options (id,exercise_id,option_text,is_correct,order_index) values ('00000000-0000-4000-8000-0000000022a9','00000000-0000-4000-8000-00000000106f','79',false,4) on conflict (id) do update set option_text = excluded.option_text, is_correct = excluded.is_correct;
insert into public.exercises (id,lesson_id,skill_id,type,question,correct_answer,explanation,hint,difficulty,school_year,tags,order_index,is_active) values ('00000000-0000-4000-8000-000000001070','00000000-0000-4000-8000-0000000007d2','00000000-0000-4000-8000-000000000bba','true_false','38 + 39 é igual a 77.','true','38 + 39 = 77.','Some primeiro as unidades e depois as dezenas.',2,7,array['adição','adição com números maiores'],8,true) on conflict (id) do update set question = excluded.question, correct_answer = excluded.correct_answer;
insert into public.exercises (id,lesson_id,skill_id,type,question,correct_answer,explanation,hint,difficulty,school_year,tags,order_index,is_active) values ('00000000-0000-4000-8000-000000001071','00000000-0000-4000-8000-0000000007d2','00000000-0000-4000-8000-000000000bba','complete','41 + 41','82','41 + 41 = 82.','Some primeiro as unidades e depois as dezenas.',2,7,array['adição','adição com números maiores'],9,true) on conflict (id) do update set question = excluded.question, correct_answer = excluded.correct_answer;
insert into public.exercises (id,lesson_id,skill_id,type,question,correct_answer,explanation,hint,difficulty,school_year,tags,order_index,is_active) values ('00000000-0000-4000-8000-000000001072','00000000-0000-4000-8000-0000000007d2','00000000-0000-4000-8000-000000000bba','word_problem','Lumi tinha 44 pontos e ganhou mais 43. Com quantos pontos ficou?','87','44 + 43 = 87.','Some primeiro as unidades e depois as dezenas.',3,7,array['adição','adição com números maiores'],10,true) on conflict (id) do update set question = excluded.question, correct_answer = excluded.correct_answer;
insert into public.exercises (id,lesson_id,skill_id,type,question,correct_answer,explanation,hint,difficulty,school_year,tags,order_index,is_active) values ('00000000-0000-4000-8000-000000001073','00000000-0000-4000-8000-0000000007d2','00000000-0000-4000-8000-000000000bba','multiple_choice','47 + 45','92','47 + 45 = 92.','Some primeiro as unidades e depois as dezenas.',3,7,array['adição','adição com números maiores'],11,true) on conflict (id) do update set question = excluded.question, correct_answer = excluded.correct_answer;
insert into public.exercise_options (id,exercise_id,option_text,is_correct,order_index) values ('00000000-0000-4000-8000-0000000022ce','00000000-0000-4000-8000-000000001073','90',false,1) on conflict (id) do update set option_text = excluded.option_text, is_correct = excluded.is_correct;
insert into public.exercise_options (id,exercise_id,option_text,is_correct,order_index) values ('00000000-0000-4000-8000-0000000022cf','00000000-0000-4000-8000-000000001073','92',true,2) on conflict (id) do update set option_text = excluded.option_text, is_correct = excluded.is_correct;
insert into public.exercise_options (id,exercise_id,option_text,is_correct,order_index) values ('00000000-0000-4000-8000-0000000022d0','00000000-0000-4000-8000-000000001073','95',false,3) on conflict (id) do update set option_text = excluded.option_text, is_correct = excluded.is_correct;
insert into public.exercise_options (id,exercise_id,option_text,is_correct,order_index) values ('00000000-0000-4000-8000-0000000022d1','00000000-0000-4000-8000-000000001073','99',false,4) on conflict (id) do update set option_text = excluded.option_text, is_correct = excluded.is_correct;
insert into public.exercises (id,lesson_id,skill_id,type,question,correct_answer,explanation,hint,difficulty,school_year,tags,order_index,is_active) values ('00000000-0000-4000-8000-000000001074','00000000-0000-4000-8000-0000000007d2','00000000-0000-4000-8000-000000000bba','true_false','50 + 47 é igual a 97.','true','50 + 47 = 97.','Some primeiro as unidades e depois as dezenas.',3,7,array['adição','adição com números maiores'],12,true) on conflict (id) do update set question = excluded.question, correct_answer = excluded.correct_answer;
insert into public.exercises (id,lesson_id,skill_id,type,question,correct_answer,explanation,hint,difficulty,school_year,tags,order_index,is_active) values ('00000000-0000-4000-8000-000000001075','00000000-0000-4000-8000-0000000007d2','00000000-0000-4000-8000-000000000bba','multiple_choice','53 + 49','102','53 + 49 = 102.','Some primeiro as unidades e depois as dezenas.',3,7,array['adição','adição com números maiores'],13,true) on conflict (id) do update set question = excluded.question, correct_answer = excluded.correct_answer;
insert into public.exercise_options (id,exercise_id,option_text,is_correct,order_index) values ('00000000-0000-4000-8000-0000000022e2','00000000-0000-4000-8000-000000001075','100',false,1) on conflict (id) do update set option_text = excluded.option_text, is_correct = excluded.is_correct;
insert into public.exercise_options (id,exercise_id,option_text,is_correct,order_index) values ('00000000-0000-4000-8000-0000000022e3','00000000-0000-4000-8000-000000001075','102',true,2) on conflict (id) do update set option_text = excluded.option_text, is_correct = excluded.is_correct;
insert into public.exercise_options (id,exercise_id,option_text,is_correct,order_index) values ('00000000-0000-4000-8000-0000000022e4','00000000-0000-4000-8000-000000001075','105',false,3) on conflict (id) do update set option_text = excluded.option_text, is_correct = excluded.is_correct;
insert into public.exercise_options (id,exercise_id,option_text,is_correct,order_index) values ('00000000-0000-4000-8000-0000000022e5','00000000-0000-4000-8000-000000001075','109',false,4) on conflict (id) do update set option_text = excluded.option_text, is_correct = excluded.is_correct;
insert into public.exercises (id,lesson_id,skill_id,type,question,correct_answer,explanation,hint,difficulty,school_year,tags,order_index,is_active) values ('00000000-0000-4000-8000-000000001076','00000000-0000-4000-8000-0000000007d2','00000000-0000-4000-8000-000000000bba','input','56 + 51','107','56 + 51 = 107.','Some primeiro as unidades e depois as dezenas.',3,7,array['adição','adição com números maiores'],14,true) on conflict (id) do update set question = excluded.question, correct_answer = excluded.correct_answer;
insert into public.exercises (id,lesson_id,skill_id,type,question,correct_answer,explanation,hint,difficulty,school_year,tags,order_index,is_active) values ('00000000-0000-4000-8000-000000001077','00000000-0000-4000-8000-0000000007d2','00000000-0000-4000-8000-000000000bba','word_problem','Lumi tinha 59 pontos e ganhou mais 53. Com quantos pontos ficou?','112','59 + 53 = 112.','Some primeiro as unidades e depois as dezenas.',4,7,array['adição','adição com números maiores'],15,true) on conflict (id) do update set question = excluded.question, correct_answer = excluded.correct_answer;
insert into public.exercises (id,lesson_id,skill_id,type,question,correct_answer,explanation,hint,difficulty,school_year,tags,order_index,is_active) values ('00000000-0000-4000-8000-000000001078','00000000-0000-4000-8000-0000000007d2','00000000-0000-4000-8000-000000000bba','true_false','62 + 55 é igual a 117.','true','62 + 55 = 117.','Some primeiro as unidades e depois as dezenas.',4,7,array['adição','adição com números maiores'],16,true) on conflict (id) do update set question = excluded.question, correct_answer = excluded.correct_answer;
insert into public.exercises (id,lesson_id,skill_id,type,question,correct_answer,explanation,hint,difficulty,school_year,tags,order_index,is_active) values ('00000000-0000-4000-8000-000000001079','00000000-0000-4000-8000-0000000007d2','00000000-0000-4000-8000-000000000bba','multiple_choice','65 + 57','122','65 + 57 = 122.','Some primeiro as unidades e depois as dezenas.',4,7,array['adição','adição com números maiores'],17,true) on conflict (id) do update set question = excluded.question, correct_answer = excluded.correct_answer;
insert into public.exercise_options (id,exercise_id,option_text,is_correct,order_index) values ('00000000-0000-4000-8000-00000000230a','00000000-0000-4000-8000-000000001079','120',false,1) on conflict (id) do update set option_text = excluded.option_text, is_correct = excluded.is_correct;
insert into public.exercise_options (id,exercise_id,option_text,is_correct,order_index) values ('00000000-0000-4000-8000-00000000230b','00000000-0000-4000-8000-000000001079','122',true,2) on conflict (id) do update set option_text = excluded.option_text, is_correct = excluded.is_correct;
insert into public.exercise_options (id,exercise_id,option_text,is_correct,order_index) values ('00000000-0000-4000-8000-00000000230c','00000000-0000-4000-8000-000000001079','125',false,3) on conflict (id) do update set option_text = excluded.option_text, is_correct = excluded.is_correct;
insert into public.exercise_options (id,exercise_id,option_text,is_correct,order_index) values ('00000000-0000-4000-8000-00000000230d','00000000-0000-4000-8000-000000001079','129',false,4) on conflict (id) do update set option_text = excluded.option_text, is_correct = excluded.is_correct;
insert into public.exercises (id,lesson_id,skill_id,type,question,correct_answer,explanation,hint,difficulty,school_year,tags,order_index,is_active) values ('00000000-0000-4000-8000-00000000107a','00000000-0000-4000-8000-0000000007d2','00000000-0000-4000-8000-000000000bba','complete','68 + 59','127','68 + 59 = 127.','Some primeiro as unidades e depois as dezenas.',4,7,array['adição','adição com números maiores'],18,true) on conflict (id) do update set question = excluded.question, correct_answer = excluded.correct_answer;
insert into public.exercises (id,lesson_id,skill_id,type,question,correct_answer,explanation,hint,difficulty,school_year,tags,order_index,is_active) values ('00000000-0000-4000-8000-00000000107b','00000000-0000-4000-8000-0000000007d2','00000000-0000-4000-8000-000000000bba','multiple_choice','71 + 61','132','71 + 61 = 132.','Some primeiro as unidades e depois as dezenas.',4,7,array['adição','adição com números maiores'],19,true) on conflict (id) do update set question = excluded.question, correct_answer = excluded.correct_answer;
insert into public.exercise_options (id,exercise_id,option_text,is_correct,order_index) values ('00000000-0000-4000-8000-00000000231e','00000000-0000-4000-8000-00000000107b','130',false,1) on conflict (id) do update set option_text = excluded.option_text, is_correct = excluded.is_correct;
insert into public.exercise_options (id,exercise_id,option_text,is_correct,order_index) values ('00000000-0000-4000-8000-00000000231f','00000000-0000-4000-8000-00000000107b','132',true,2) on conflict (id) do update set option_text = excluded.option_text, is_correct = excluded.is_correct;
insert into public.exercise_options (id,exercise_id,option_text,is_correct,order_index) values ('00000000-0000-4000-8000-000000002320','00000000-0000-4000-8000-00000000107b','135',false,3) on conflict (id) do update set option_text = excluded.option_text, is_correct = excluded.is_correct;
insert into public.exercise_options (id,exercise_id,option_text,is_correct,order_index) values ('00000000-0000-4000-8000-000000002321','00000000-0000-4000-8000-00000000107b','139',false,4) on conflict (id) do update set option_text = excluded.option_text, is_correct = excluded.is_correct;
insert into public.exercises (id,lesson_id,skill_id,type,question,correct_answer,explanation,hint,difficulty,school_year,tags,order_index,is_active) values ('00000000-0000-4000-8000-00000000107c','00000000-0000-4000-8000-0000000007d2','00000000-0000-4000-8000-000000000bba','word_problem','Lumi tinha 74 pontos e ganhou mais 63. Com quantos pontos ficou?','137','74 + 63 = 137.','Some primeiro as unidades e depois as dezenas.',5,7,array['adição','adição com números maiores'],20,true) on conflict (id) do update set question = excluded.question, correct_answer = excluded.correct_answer;
insert into public.skills (id,name,description,school_year) values ('00000000-0000-4000-8000-000000000bbb','Problemas de adição','Habilidade: Problemas de adição.',7) on conflict (id) do update set name = excluded.name;
insert into public.lessons (id,module_id,title,description,explanation,example,order_index,xp_bonus,is_active) values ('00000000-0000-4000-8000-0000000007d3','00000000-0000-4000-8000-0000000003e8','Problemas de adição','Treino guiado com dica e feedback imediato.','Resolva uma parte por vez e confira seu raciocínio.','Exemplo resolvido aparece antes da prática.',4,20,true) on conflict (id) do update set title = excluded.title;
insert into public.exercises (id,lesson_id,skill_id,type,question,correct_answer,explanation,hint,difficulty,school_year,tags,order_index,is_active) values ('00000000-0000-4000-8000-0000000010cd','00000000-0000-4000-8000-0000000007d3','00000000-0000-4000-8000-000000000bbb','multiple_choice','18 + 34','52','18 + 34 = 52.','Some primeiro as unidades e depois as dezenas.',1,7,array['adição','problemas de adição'],1,true) on conflict (id) do update set question = excluded.question, correct_answer = excluded.correct_answer;
insert into public.exercise_options (id,exercise_id,option_text,is_correct,order_index) values ('00000000-0000-4000-8000-0000000023fa','00000000-0000-4000-8000-0000000010cd','50',false,1) on conflict (id) do update set option_text = excluded.option_text, is_correct = excluded.is_correct;
insert into public.exercise_options (id,exercise_id,option_text,is_correct,order_index) values ('00000000-0000-4000-8000-0000000023fb','00000000-0000-4000-8000-0000000010cd','52',true,2) on conflict (id) do update set option_text = excluded.option_text, is_correct = excluded.is_correct;
insert into public.exercise_options (id,exercise_id,option_text,is_correct,order_index) values ('00000000-0000-4000-8000-0000000023fc','00000000-0000-4000-8000-0000000010cd','55',false,3) on conflict (id) do update set option_text = excluded.option_text, is_correct = excluded.is_correct;
insert into public.exercise_options (id,exercise_id,option_text,is_correct,order_index) values ('00000000-0000-4000-8000-0000000023fd','00000000-0000-4000-8000-0000000010cd','59',false,4) on conflict (id) do update set option_text = excluded.option_text, is_correct = excluded.is_correct;
insert into public.exercises (id,lesson_id,skill_id,type,question,correct_answer,explanation,hint,difficulty,school_year,tags,order_index,is_active) values ('00000000-0000-4000-8000-0000000010ce','00000000-0000-4000-8000-0000000007d3','00000000-0000-4000-8000-000000000bbb','input','21 + 36','57','21 + 36 = 57.','Some primeiro as unidades e depois as dezenas.',1,7,array['adição','problemas de adição'],2,true) on conflict (id) do update set question = excluded.question, correct_answer = excluded.correct_answer;
insert into public.exercises (id,lesson_id,skill_id,type,question,correct_answer,explanation,hint,difficulty,school_year,tags,order_index,is_active) values ('00000000-0000-4000-8000-0000000010cf','00000000-0000-4000-8000-0000000007d3','00000000-0000-4000-8000-000000000bbb','complete','24 + 38','62','24 + 38 = 62.','Some primeiro as unidades e depois as dezenas.',1,7,array['adição','problemas de adição'],3,true) on conflict (id) do update set question = excluded.question, correct_answer = excluded.correct_answer;
insert into public.exercises (id,lesson_id,skill_id,type,question,correct_answer,explanation,hint,difficulty,school_year,tags,order_index,is_active) values ('00000000-0000-4000-8000-0000000010d0','00000000-0000-4000-8000-0000000007d3','00000000-0000-4000-8000-000000000bbb','true_false','27 + 40 é igual a 67.','true','27 + 40 = 67.','Some primeiro as unidades e depois as dezenas.',1,7,array['adição','problemas de adição'],4,true) on conflict (id) do update set question = excluded.question, correct_answer = excluded.correct_answer;
insert into public.exercises (id,lesson_id,skill_id,type,question,correct_answer,explanation,hint,difficulty,school_year,tags,order_index,is_active) values ('00000000-0000-4000-8000-0000000010d1','00000000-0000-4000-8000-0000000007d3','00000000-0000-4000-8000-000000000bbb','word_problem','Lumi tinha 30 pontos e ganhou mais 42. Com quantos pontos ficou?','72','30 + 42 = 72.','Some primeiro as unidades e depois as dezenas.',2,7,array['adição','problemas de adição'],5,true) on conflict (id) do update set question = excluded.question, correct_answer = excluded.correct_answer;
insert into public.exercises (id,lesson_id,skill_id,type,question,correct_answer,explanation,hint,difficulty,school_year,tags,order_index,is_active) values ('00000000-0000-4000-8000-0000000010d2','00000000-0000-4000-8000-0000000007d3','00000000-0000-4000-8000-000000000bbb','complete','33 + 44','77','33 + 44 = 77.','Some primeiro as unidades e depois as dezenas.',2,7,array['adição','problemas de adição'],6,true) on conflict (id) do update set question = excluded.question, correct_answer = excluded.correct_answer;
insert into public.exercises (id,lesson_id,skill_id,type,question,correct_answer,explanation,hint,difficulty,school_year,tags,order_index,is_active) values ('00000000-0000-4000-8000-0000000010d3','00000000-0000-4000-8000-0000000007d3','00000000-0000-4000-8000-000000000bbb','multiple_choice','36 + 46','82','36 + 46 = 82.','Some primeiro as unidades e depois as dezenas.',2,7,array['adição','problemas de adição'],7,true) on conflict (id) do update set question = excluded.question, correct_answer = excluded.correct_answer;
insert into public.exercise_options (id,exercise_id,option_text,is_correct,order_index) values ('00000000-0000-4000-8000-000000002436','00000000-0000-4000-8000-0000000010d3','80',false,1) on conflict (id) do update set option_text = excluded.option_text, is_correct = excluded.is_correct;
insert into public.exercise_options (id,exercise_id,option_text,is_correct,order_index) values ('00000000-0000-4000-8000-000000002437','00000000-0000-4000-8000-0000000010d3','82',true,2) on conflict (id) do update set option_text = excluded.option_text, is_correct = excluded.is_correct;
insert into public.exercise_options (id,exercise_id,option_text,is_correct,order_index) values ('00000000-0000-4000-8000-000000002438','00000000-0000-4000-8000-0000000010d3','85',false,3) on conflict (id) do update set option_text = excluded.option_text, is_correct = excluded.is_correct;
insert into public.exercise_options (id,exercise_id,option_text,is_correct,order_index) values ('00000000-0000-4000-8000-000000002439','00000000-0000-4000-8000-0000000010d3','89',false,4) on conflict (id) do update set option_text = excluded.option_text, is_correct = excluded.is_correct;
insert into public.exercises (id,lesson_id,skill_id,type,question,correct_answer,explanation,hint,difficulty,school_year,tags,order_index,is_active) values ('00000000-0000-4000-8000-0000000010d4','00000000-0000-4000-8000-0000000007d3','00000000-0000-4000-8000-000000000bbb','true_false','39 + 48 é igual a 87.','true','39 + 48 = 87.','Some primeiro as unidades e depois as dezenas.',2,7,array['adição','problemas de adição'],8,true) on conflict (id) do update set question = excluded.question, correct_answer = excluded.correct_answer;
insert into public.exercises (id,lesson_id,skill_id,type,question,correct_answer,explanation,hint,difficulty,school_year,tags,order_index,is_active) values ('00000000-0000-4000-8000-0000000010d5','00000000-0000-4000-8000-0000000007d3','00000000-0000-4000-8000-000000000bbb','complete','42 + 50','92','42 + 50 = 92.','Some primeiro as unidades e depois as dezenas.',2,7,array['adição','problemas de adição'],9,true) on conflict (id) do update set question = excluded.question, correct_answer = excluded.correct_answer;
insert into public.exercises (id,lesson_id,skill_id,type,question,correct_answer,explanation,hint,difficulty,school_year,tags,order_index,is_active) values ('00000000-0000-4000-8000-0000000010d6','00000000-0000-4000-8000-0000000007d3','00000000-0000-4000-8000-000000000bbb','word_problem','Lumi tinha 45 pontos e ganhou mais 52. Com quantos pontos ficou?','97','45 + 52 = 97.','Some primeiro as unidades e depois as dezenas.',3,7,array['adição','problemas de adição'],10,true) on conflict (id) do update set question = excluded.question, correct_answer = excluded.correct_answer;
insert into public.exercises (id,lesson_id,skill_id,type,question,correct_answer,explanation,hint,difficulty,school_year,tags,order_index,is_active) values ('00000000-0000-4000-8000-0000000010d7','00000000-0000-4000-8000-0000000007d3','00000000-0000-4000-8000-000000000bbb','multiple_choice','48 + 54','102','48 + 54 = 102.','Some primeiro as unidades e depois as dezenas.',3,7,array['adição','problemas de adição'],11,true) on conflict (id) do update set question = excluded.question, correct_answer = excluded.correct_answer;
insert into public.exercise_options (id,exercise_id,option_text,is_correct,order_index) values ('00000000-0000-4000-8000-00000000245e','00000000-0000-4000-8000-0000000010d7','100',false,1) on conflict (id) do update set option_text = excluded.option_text, is_correct = excluded.is_correct;
insert into public.exercise_options (id,exercise_id,option_text,is_correct,order_index) values ('00000000-0000-4000-8000-00000000245f','00000000-0000-4000-8000-0000000010d7','102',true,2) on conflict (id) do update set option_text = excluded.option_text, is_correct = excluded.is_correct;
insert into public.exercise_options (id,exercise_id,option_text,is_correct,order_index) values ('00000000-0000-4000-8000-000000002460','00000000-0000-4000-8000-0000000010d7','105',false,3) on conflict (id) do update set option_text = excluded.option_text, is_correct = excluded.is_correct;
insert into public.exercise_options (id,exercise_id,option_text,is_correct,order_index) values ('00000000-0000-4000-8000-000000002461','00000000-0000-4000-8000-0000000010d7','109',false,4) on conflict (id) do update set option_text = excluded.option_text, is_correct = excluded.is_correct;
insert into public.exercises (id,lesson_id,skill_id,type,question,correct_answer,explanation,hint,difficulty,school_year,tags,order_index,is_active) values ('00000000-0000-4000-8000-0000000010d8','00000000-0000-4000-8000-0000000007d3','00000000-0000-4000-8000-000000000bbb','true_false','51 + 56 é igual a 107.','true','51 + 56 = 107.','Some primeiro as unidades e depois as dezenas.',3,7,array['adição','problemas de adição'],12,true) on conflict (id) do update set question = excluded.question, correct_answer = excluded.correct_answer;
insert into public.exercises (id,lesson_id,skill_id,type,question,correct_answer,explanation,hint,difficulty,school_year,tags,order_index,is_active) values ('00000000-0000-4000-8000-0000000010d9','00000000-0000-4000-8000-0000000007d3','00000000-0000-4000-8000-000000000bbb','multiple_choice','54 + 58','112','54 + 58 = 112.','Some primeiro as unidades e depois as dezenas.',3,7,array['adição','problemas de adição'],13,true) on conflict (id) do update set question = excluded.question, correct_answer = excluded.correct_answer;
insert into public.exercise_options (id,exercise_id,option_text,is_correct,order_index) values ('00000000-0000-4000-8000-000000002472','00000000-0000-4000-8000-0000000010d9','110',false,1) on conflict (id) do update set option_text = excluded.option_text, is_correct = excluded.is_correct;
insert into public.exercise_options (id,exercise_id,option_text,is_correct,order_index) values ('00000000-0000-4000-8000-000000002473','00000000-0000-4000-8000-0000000010d9','112',true,2) on conflict (id) do update set option_text = excluded.option_text, is_correct = excluded.is_correct;
insert into public.exercise_options (id,exercise_id,option_text,is_correct,order_index) values ('00000000-0000-4000-8000-000000002474','00000000-0000-4000-8000-0000000010d9','115',false,3) on conflict (id) do update set option_text = excluded.option_text, is_correct = excluded.is_correct;
insert into public.exercise_options (id,exercise_id,option_text,is_correct,order_index) values ('00000000-0000-4000-8000-000000002475','00000000-0000-4000-8000-0000000010d9','119',false,4) on conflict (id) do update set option_text = excluded.option_text, is_correct = excluded.is_correct;
insert into public.exercises (id,lesson_id,skill_id,type,question,correct_answer,explanation,hint,difficulty,school_year,tags,order_index,is_active) values ('00000000-0000-4000-8000-0000000010da','00000000-0000-4000-8000-0000000007d3','00000000-0000-4000-8000-000000000bbb','input','57 + 60','117','57 + 60 = 117.','Some primeiro as unidades e depois as dezenas.',3,7,array['adição','problemas de adição'],14,true) on conflict (id) do update set question = excluded.question, correct_answer = excluded.correct_answer;
insert into public.exercises (id,lesson_id,skill_id,type,question,correct_answer,explanation,hint,difficulty,school_year,tags,order_index,is_active) values ('00000000-0000-4000-8000-0000000010db','00000000-0000-4000-8000-0000000007d3','00000000-0000-4000-8000-000000000bbb','word_problem','Lumi tinha 60 pontos e ganhou mais 62. Com quantos pontos ficou?','122','60 + 62 = 122.','Some primeiro as unidades e depois as dezenas.',4,7,array['adição','problemas de adição'],15,true) on conflict (id) do update set question = excluded.question, correct_answer = excluded.correct_answer;
insert into public.exercises (id,lesson_id,skill_id,type,question,correct_answer,explanation,hint,difficulty,school_year,tags,order_index,is_active) values ('00000000-0000-4000-8000-0000000010dc','00000000-0000-4000-8000-0000000007d3','00000000-0000-4000-8000-000000000bbb','true_false','63 + 64 é igual a 127.','true','63 + 64 = 127.','Some primeiro as unidades e depois as dezenas.',4,7,array['adição','problemas de adição'],16,true) on conflict (id) do update set question = excluded.question, correct_answer = excluded.correct_answer;
insert into public.exercises (id,lesson_id,skill_id,type,question,correct_answer,explanation,hint,difficulty,school_year,tags,order_index,is_active) values ('00000000-0000-4000-8000-0000000010dd','00000000-0000-4000-8000-0000000007d3','00000000-0000-4000-8000-000000000bbb','multiple_choice','66 + 66','132','66 + 66 = 132.','Some primeiro as unidades e depois as dezenas.',4,7,array['adição','problemas de adição'],17,true) on conflict (id) do update set question = excluded.question, correct_answer = excluded.correct_answer;
insert into public.exercise_options (id,exercise_id,option_text,is_correct,order_index) values ('00000000-0000-4000-8000-00000000249a','00000000-0000-4000-8000-0000000010dd','130',false,1) on conflict (id) do update set option_text = excluded.option_text, is_correct = excluded.is_correct;
insert into public.exercise_options (id,exercise_id,option_text,is_correct,order_index) values ('00000000-0000-4000-8000-00000000249b','00000000-0000-4000-8000-0000000010dd','132',true,2) on conflict (id) do update set option_text = excluded.option_text, is_correct = excluded.is_correct;
insert into public.exercise_options (id,exercise_id,option_text,is_correct,order_index) values ('00000000-0000-4000-8000-00000000249c','00000000-0000-4000-8000-0000000010dd','135',false,3) on conflict (id) do update set option_text = excluded.option_text, is_correct = excluded.is_correct;
insert into public.exercise_options (id,exercise_id,option_text,is_correct,order_index) values ('00000000-0000-4000-8000-00000000249d','00000000-0000-4000-8000-0000000010dd','139',false,4) on conflict (id) do update set option_text = excluded.option_text, is_correct = excluded.is_correct;
insert into public.exercises (id,lesson_id,skill_id,type,question,correct_answer,explanation,hint,difficulty,school_year,tags,order_index,is_active) values ('00000000-0000-4000-8000-0000000010de','00000000-0000-4000-8000-0000000007d3','00000000-0000-4000-8000-000000000bbb','complete','69 + 68','137','69 + 68 = 137.','Some primeiro as unidades e depois as dezenas.',4,7,array['adição','problemas de adição'],18,true) on conflict (id) do update set question = excluded.question, correct_answer = excluded.correct_answer;
insert into public.exercises (id,lesson_id,skill_id,type,question,correct_answer,explanation,hint,difficulty,school_year,tags,order_index,is_active) values ('00000000-0000-4000-8000-0000000010df','00000000-0000-4000-8000-0000000007d3','00000000-0000-4000-8000-000000000bbb','multiple_choice','72 + 70','142','72 + 70 = 142.','Some primeiro as unidades e depois as dezenas.',4,7,array['adição','problemas de adição'],19,true) on conflict (id) do update set question = excluded.question, correct_answer = excluded.correct_answer;
insert into public.exercise_options (id,exercise_id,option_text,is_correct,order_index) values ('00000000-0000-4000-8000-0000000024ae','00000000-0000-4000-8000-0000000010df','140',false,1) on conflict (id) do update set option_text = excluded.option_text, is_correct = excluded.is_correct;
insert into public.exercise_options (id,exercise_id,option_text,is_correct,order_index) values ('00000000-0000-4000-8000-0000000024af','00000000-0000-4000-8000-0000000010df','142',true,2) on conflict (id) do update set option_text = excluded.option_text, is_correct = excluded.is_correct;
insert into public.exercise_options (id,exercise_id,option_text,is_correct,order_index) values ('00000000-0000-4000-8000-0000000024b0','00000000-0000-4000-8000-0000000010df','145',false,3) on conflict (id) do update set option_text = excluded.option_text, is_correct = excluded.is_correct;
insert into public.exercise_options (id,exercise_id,option_text,is_correct,order_index) values ('00000000-0000-4000-8000-0000000024b1','00000000-0000-4000-8000-0000000010df','149',false,4) on conflict (id) do update set option_text = excluded.option_text, is_correct = excluded.is_correct;
insert into public.exercises (id,lesson_id,skill_id,type,question,correct_answer,explanation,hint,difficulty,school_year,tags,order_index,is_active) values ('00000000-0000-4000-8000-0000000010e0','00000000-0000-4000-8000-0000000007d3','00000000-0000-4000-8000-000000000bbb','word_problem','Lumi tinha 75 pontos e ganhou mais 72. Com quantos pontos ficou?','147','75 + 72 = 147.','Some primeiro as unidades e depois as dezenas.',5,7,array['adição','problemas de adição'],20,true) on conflict (id) do update set question = excluded.question, correct_answer = excluded.correct_answer;
insert into public.modules (id,title,description,order_index,icon,color,required_xp,is_active) values ('00000000-0000-4000-8000-0000000003e9','Subtração','Módulo de subtração para o 7º ano.',2,'Minus','sky',80,true) on conflict (id) do update set title = excluded.title;
insert into public.skills (id,name,description,school_year) values ('00000000-0000-4000-8000-000000000bc2','Subtração simples','Habilidade: Subtração simples.',7) on conflict (id) do update set name = excluded.name;
insert into public.lessons (id,module_id,title,description,explanation,example,order_index,xp_bonus,is_active) values ('00000000-0000-4000-8000-0000000007da','00000000-0000-4000-8000-0000000003e9','Subtração simples','Treino guiado com dica e feedback imediato.','Resolva uma parte por vez e confira seu raciocínio.','Exemplo resolvido aparece antes da prática.',1,20,true) on conflict (id) do update set title = excluded.title;
insert into public.exercises (id,lesson_id,skill_id,type,question,correct_answer,explanation,hint,difficulty,school_year,tags,order_index,is_active) values ('00000000-0000-4000-8000-000000001389','00000000-0000-4000-8000-0000000007da','00000000-0000-4000-8000-000000000bc2','multiple_choice','79 - 7','72','79 - 7 = 72.','Pense em quanto falta para voltar ao número maior.',1,7,array['subtração','subtração simples'],1,true) on conflict (id) do update set question = excluded.question, correct_answer = excluded.correct_answer;
insert into public.exercise_options (id,exercise_id,option_text,is_correct,order_index) values ('00000000-0000-4000-8000-000000002eea','00000000-0000-4000-8000-000000001389','70',false,1) on conflict (id) do update set option_text = excluded.option_text, is_correct = excluded.is_correct;
insert into public.exercise_options (id,exercise_id,option_text,is_correct,order_index) values ('00000000-0000-4000-8000-000000002eeb','00000000-0000-4000-8000-000000001389','72',true,2) on conflict (id) do update set option_text = excluded.option_text, is_correct = excluded.is_correct;
insert into public.exercise_options (id,exercise_id,option_text,is_correct,order_index) values ('00000000-0000-4000-8000-000000002eec','00000000-0000-4000-8000-000000001389','75',false,3) on conflict (id) do update set option_text = excluded.option_text, is_correct = excluded.is_correct;
insert into public.exercise_options (id,exercise_id,option_text,is_correct,order_index) values ('00000000-0000-4000-8000-000000002eed','00000000-0000-4000-8000-000000001389','79',false,4) on conflict (id) do update set option_text = excluded.option_text, is_correct = excluded.is_correct;
insert into public.exercises (id,lesson_id,skill_id,type,question,correct_answer,explanation,hint,difficulty,school_year,tags,order_index,is_active) values ('00000000-0000-4000-8000-00000000138a','00000000-0000-4000-8000-0000000007da','00000000-0000-4000-8000-000000000bc2','input','84 - 9','75','84 - 9 = 75.','Pense em quanto falta para voltar ao número maior.',1,7,array['subtração','subtração simples'],2,true) on conflict (id) do update set question = excluded.question, correct_answer = excluded.correct_answer;
insert into public.exercises (id,lesson_id,skill_id,type,question,correct_answer,explanation,hint,difficulty,school_year,tags,order_index,is_active) values ('00000000-0000-4000-8000-00000000138b','00000000-0000-4000-8000-0000000007da','00000000-0000-4000-8000-000000000bc2','complete','89 - 11','78','89 - 11 = 78.','Pense em quanto falta para voltar ao número maior.',1,7,array['subtração','subtração simples'],3,true) on conflict (id) do update set question = excluded.question, correct_answer = excluded.correct_answer;
insert into public.exercises (id,lesson_id,skill_id,type,question,correct_answer,explanation,hint,difficulty,school_year,tags,order_index,is_active) values ('00000000-0000-4000-8000-00000000138c','00000000-0000-4000-8000-0000000007da','00000000-0000-4000-8000-000000000bc2','true_false','94 - 13 é igual a 81.','true','94 - 13 = 81.','Pense em quanto falta para voltar ao número maior.',1,7,array['subtração','subtração simples'],4,true) on conflict (id) do update set question = excluded.question, correct_answer = excluded.correct_answer;
insert into public.exercises (id,lesson_id,skill_id,type,question,correct_answer,explanation,hint,difficulty,school_year,tags,order_index,is_active) values ('00000000-0000-4000-8000-00000000138d','00000000-0000-4000-8000-0000000007da','00000000-0000-4000-8000-000000000bc2','word_problem','João tinha R$ 99 e gastou R$ 15. Quanto sobrou?','84','99 - 15 = 84.','Pense em quanto falta para voltar ao número maior.',2,7,array['subtração','subtração simples'],5,true) on conflict (id) do update set question = excluded.question, correct_answer = excluded.correct_answer;
insert into public.exercises (id,lesson_id,skill_id,type,question,correct_answer,explanation,hint,difficulty,school_year,tags,order_index,is_active) values ('00000000-0000-4000-8000-00000000138e','00000000-0000-4000-8000-0000000007da','00000000-0000-4000-8000-000000000bc2','complete','104 - 17','87','104 - 17 = 87.','Pense em quanto falta para voltar ao número maior.',2,7,array['subtração','subtração simples'],6,true) on conflict (id) do update set question = excluded.question, correct_answer = excluded.correct_answer;
insert into public.exercises (id,lesson_id,skill_id,type,question,correct_answer,explanation,hint,difficulty,school_year,tags,order_index,is_active) values ('00000000-0000-4000-8000-00000000138f','00000000-0000-4000-8000-0000000007da','00000000-0000-4000-8000-000000000bc2','multiple_choice','109 - 19','90','109 - 19 = 90.','Pense em quanto falta para voltar ao número maior.',2,7,array['subtração','subtração simples'],7,true) on conflict (id) do update set question = excluded.question, correct_answer = excluded.correct_answer;
insert into public.exercise_options (id,exercise_id,option_text,is_correct,order_index) values ('00000000-0000-4000-8000-000000002f26','00000000-0000-4000-8000-00000000138f','88',false,1) on conflict (id) do update set option_text = excluded.option_text, is_correct = excluded.is_correct;
insert into public.exercise_options (id,exercise_id,option_text,is_correct,order_index) values ('00000000-0000-4000-8000-000000002f27','00000000-0000-4000-8000-00000000138f','90',true,2) on conflict (id) do update set option_text = excluded.option_text, is_correct = excluded.is_correct;
insert into public.exercise_options (id,exercise_id,option_text,is_correct,order_index) values ('00000000-0000-4000-8000-000000002f28','00000000-0000-4000-8000-00000000138f','93',false,3) on conflict (id) do update set option_text = excluded.option_text, is_correct = excluded.is_correct;
insert into public.exercise_options (id,exercise_id,option_text,is_correct,order_index) values ('00000000-0000-4000-8000-000000002f29','00000000-0000-4000-8000-00000000138f','97',false,4) on conflict (id) do update set option_text = excluded.option_text, is_correct = excluded.is_correct;
insert into public.exercises (id,lesson_id,skill_id,type,question,correct_answer,explanation,hint,difficulty,school_year,tags,order_index,is_active) values ('00000000-0000-4000-8000-000000001390','00000000-0000-4000-8000-0000000007da','00000000-0000-4000-8000-000000000bc2','true_false','114 - 21 é igual a 93.','true','114 - 21 = 93.','Pense em quanto falta para voltar ao número maior.',2,7,array['subtração','subtração simples'],8,true) on conflict (id) do update set question = excluded.question, correct_answer = excluded.correct_answer;
insert into public.exercises (id,lesson_id,skill_id,type,question,correct_answer,explanation,hint,difficulty,school_year,tags,order_index,is_active) values ('00000000-0000-4000-8000-000000001391','00000000-0000-4000-8000-0000000007da','00000000-0000-4000-8000-000000000bc2','complete','119 - 23','96','119 - 23 = 96.','Pense em quanto falta para voltar ao número maior.',2,7,array['subtração','subtração simples'],9,true) on conflict (id) do update set question = excluded.question, correct_answer = excluded.correct_answer;
insert into public.exercises (id,lesson_id,skill_id,type,question,correct_answer,explanation,hint,difficulty,school_year,tags,order_index,is_active) values ('00000000-0000-4000-8000-000000001392','00000000-0000-4000-8000-0000000007da','00000000-0000-4000-8000-000000000bc2','word_problem','João tinha R$ 124 e gastou R$ 25. Quanto sobrou?','99','124 - 25 = 99.','Pense em quanto falta para voltar ao número maior.',3,7,array['subtração','subtração simples'],10,true) on conflict (id) do update set question = excluded.question, correct_answer = excluded.correct_answer;
insert into public.exercises (id,lesson_id,skill_id,type,question,correct_answer,explanation,hint,difficulty,school_year,tags,order_index,is_active) values ('00000000-0000-4000-8000-000000001393','00000000-0000-4000-8000-0000000007da','00000000-0000-4000-8000-000000000bc2','multiple_choice','129 - 27','102','129 - 27 = 102.','Pense em quanto falta para voltar ao número maior.',3,7,array['subtração','subtração simples'],11,true) on conflict (id) do update set question = excluded.question, correct_answer = excluded.correct_answer;
insert into public.exercise_options (id,exercise_id,option_text,is_correct,order_index) values ('00000000-0000-4000-8000-000000002f4e','00000000-0000-4000-8000-000000001393','100',false,1) on conflict (id) do update set option_text = excluded.option_text, is_correct = excluded.is_correct;
insert into public.exercise_options (id,exercise_id,option_text,is_correct,order_index) values ('00000000-0000-4000-8000-000000002f4f','00000000-0000-4000-8000-000000001393','102',true,2) on conflict (id) do update set option_text = excluded.option_text, is_correct = excluded.is_correct;
insert into public.exercise_options (id,exercise_id,option_text,is_correct,order_index) values ('00000000-0000-4000-8000-000000002f50','00000000-0000-4000-8000-000000001393','105',false,3) on conflict (id) do update set option_text = excluded.option_text, is_correct = excluded.is_correct;
insert into public.exercise_options (id,exercise_id,option_text,is_correct,order_index) values ('00000000-0000-4000-8000-000000002f51','00000000-0000-4000-8000-000000001393','109',false,4) on conflict (id) do update set option_text = excluded.option_text, is_correct = excluded.is_correct;
insert into public.exercises (id,lesson_id,skill_id,type,question,correct_answer,explanation,hint,difficulty,school_year,tags,order_index,is_active) values ('00000000-0000-4000-8000-000000001394','00000000-0000-4000-8000-0000000007da','00000000-0000-4000-8000-000000000bc2','true_false','134 - 29 é igual a 105.','true','134 - 29 = 105.','Pense em quanto falta para voltar ao número maior.',3,7,array['subtração','subtração simples'],12,true) on conflict (id) do update set question = excluded.question, correct_answer = excluded.correct_answer;
insert into public.exercises (id,lesson_id,skill_id,type,question,correct_answer,explanation,hint,difficulty,school_year,tags,order_index,is_active) values ('00000000-0000-4000-8000-000000001395','00000000-0000-4000-8000-0000000007da','00000000-0000-4000-8000-000000000bc2','multiple_choice','139 - 31','108','139 - 31 = 108.','Pense em quanto falta para voltar ao número maior.',3,7,array['subtração','subtração simples'],13,true) on conflict (id) do update set question = excluded.question, correct_answer = excluded.correct_answer;
insert into public.exercise_options (id,exercise_id,option_text,is_correct,order_index) values ('00000000-0000-4000-8000-000000002f62','00000000-0000-4000-8000-000000001395','106',false,1) on conflict (id) do update set option_text = excluded.option_text, is_correct = excluded.is_correct;
insert into public.exercise_options (id,exercise_id,option_text,is_correct,order_index) values ('00000000-0000-4000-8000-000000002f63','00000000-0000-4000-8000-000000001395','108',true,2) on conflict (id) do update set option_text = excluded.option_text, is_correct = excluded.is_correct;
insert into public.exercise_options (id,exercise_id,option_text,is_correct,order_index) values ('00000000-0000-4000-8000-000000002f64','00000000-0000-4000-8000-000000001395','111',false,3) on conflict (id) do update set option_text = excluded.option_text, is_correct = excluded.is_correct;
insert into public.exercise_options (id,exercise_id,option_text,is_correct,order_index) values ('00000000-0000-4000-8000-000000002f65','00000000-0000-4000-8000-000000001395','115',false,4) on conflict (id) do update set option_text = excluded.option_text, is_correct = excluded.is_correct;
insert into public.exercises (id,lesson_id,skill_id,type,question,correct_answer,explanation,hint,difficulty,school_year,tags,order_index,is_active) values ('00000000-0000-4000-8000-000000001396','00000000-0000-4000-8000-0000000007da','00000000-0000-4000-8000-000000000bc2','input','144 - 33','111','144 - 33 = 111.','Pense em quanto falta para voltar ao número maior.',3,7,array['subtração','subtração simples'],14,true) on conflict (id) do update set question = excluded.question, correct_answer = excluded.correct_answer;
insert into public.exercises (id,lesson_id,skill_id,type,question,correct_answer,explanation,hint,difficulty,school_year,tags,order_index,is_active) values ('00000000-0000-4000-8000-000000001397','00000000-0000-4000-8000-0000000007da','00000000-0000-4000-8000-000000000bc2','word_problem','João tinha R$ 149 e gastou R$ 35. Quanto sobrou?','114','149 - 35 = 114.','Pense em quanto falta para voltar ao número maior.',4,7,array['subtração','subtração simples'],15,true) on conflict (id) do update set question = excluded.question, correct_answer = excluded.correct_answer;
insert into public.exercises (id,lesson_id,skill_id,type,question,correct_answer,explanation,hint,difficulty,school_year,tags,order_index,is_active) values ('00000000-0000-4000-8000-000000001398','00000000-0000-4000-8000-0000000007da','00000000-0000-4000-8000-000000000bc2','true_false','154 - 37 é igual a 117.','true','154 - 37 = 117.','Pense em quanto falta para voltar ao número maior.',4,7,array['subtração','subtração simples'],16,true) on conflict (id) do update set question = excluded.question, correct_answer = excluded.correct_answer;
insert into public.exercises (id,lesson_id,skill_id,type,question,correct_answer,explanation,hint,difficulty,school_year,tags,order_index,is_active) values ('00000000-0000-4000-8000-000000001399','00000000-0000-4000-8000-0000000007da','00000000-0000-4000-8000-000000000bc2','multiple_choice','159 - 39','120','159 - 39 = 120.','Pense em quanto falta para voltar ao número maior.',4,7,array['subtração','subtração simples'],17,true) on conflict (id) do update set question = excluded.question, correct_answer = excluded.correct_answer;
insert into public.exercise_options (id,exercise_id,option_text,is_correct,order_index) values ('00000000-0000-4000-8000-000000002f8a','00000000-0000-4000-8000-000000001399','118',false,1) on conflict (id) do update set option_text = excluded.option_text, is_correct = excluded.is_correct;
insert into public.exercise_options (id,exercise_id,option_text,is_correct,order_index) values ('00000000-0000-4000-8000-000000002f8b','00000000-0000-4000-8000-000000001399','120',true,2) on conflict (id) do update set option_text = excluded.option_text, is_correct = excluded.is_correct;
insert into public.exercise_options (id,exercise_id,option_text,is_correct,order_index) values ('00000000-0000-4000-8000-000000002f8c','00000000-0000-4000-8000-000000001399','123',false,3) on conflict (id) do update set option_text = excluded.option_text, is_correct = excluded.is_correct;
insert into public.exercise_options (id,exercise_id,option_text,is_correct,order_index) values ('00000000-0000-4000-8000-000000002f8d','00000000-0000-4000-8000-000000001399','127',false,4) on conflict (id) do update set option_text = excluded.option_text, is_correct = excluded.is_correct;
insert into public.exercises (id,lesson_id,skill_id,type,question,correct_answer,explanation,hint,difficulty,school_year,tags,order_index,is_active) values ('00000000-0000-4000-8000-00000000139a','00000000-0000-4000-8000-0000000007da','00000000-0000-4000-8000-000000000bc2','complete','164 - 41','123','164 - 41 = 123.','Pense em quanto falta para voltar ao número maior.',4,7,array['subtração','subtração simples'],18,true) on conflict (id) do update set question = excluded.question, correct_answer = excluded.correct_answer;
insert into public.exercises (id,lesson_id,skill_id,type,question,correct_answer,explanation,hint,difficulty,school_year,tags,order_index,is_active) values ('00000000-0000-4000-8000-00000000139b','00000000-0000-4000-8000-0000000007da','00000000-0000-4000-8000-000000000bc2','multiple_choice','169 - 43','126','169 - 43 = 126.','Pense em quanto falta para voltar ao número maior.',4,7,array['subtração','subtração simples'],19,true) on conflict (id) do update set question = excluded.question, correct_answer = excluded.correct_answer;
insert into public.exercise_options (id,exercise_id,option_text,is_correct,order_index) values ('00000000-0000-4000-8000-000000002f9e','00000000-0000-4000-8000-00000000139b','124',false,1) on conflict (id) do update set option_text = excluded.option_text, is_correct = excluded.is_correct;
insert into public.exercise_options (id,exercise_id,option_text,is_correct,order_index) values ('00000000-0000-4000-8000-000000002f9f','00000000-0000-4000-8000-00000000139b','126',true,2) on conflict (id) do update set option_text = excluded.option_text, is_correct = excluded.is_correct;
insert into public.exercise_options (id,exercise_id,option_text,is_correct,order_index) values ('00000000-0000-4000-8000-000000002fa0','00000000-0000-4000-8000-00000000139b','129',false,3) on conflict (id) do update set option_text = excluded.option_text, is_correct = excluded.is_correct;
insert into public.exercise_options (id,exercise_id,option_text,is_correct,order_index) values ('00000000-0000-4000-8000-000000002fa1','00000000-0000-4000-8000-00000000139b','133',false,4) on conflict (id) do update set option_text = excluded.option_text, is_correct = excluded.is_correct;
insert into public.exercises (id,lesson_id,skill_id,type,question,correct_answer,explanation,hint,difficulty,school_year,tags,order_index,is_active) values ('00000000-0000-4000-8000-00000000139c','00000000-0000-4000-8000-0000000007da','00000000-0000-4000-8000-000000000bc2','word_problem','João tinha R$ 174 e gastou R$ 45. Quanto sobrou?','129','174 - 45 = 129.','Pense em quanto falta para voltar ao número maior.',5,7,array['subtração','subtração simples'],20,true) on conflict (id) do update set question = excluded.question, correct_answer = excluded.correct_answer;
insert into public.skills (id,name,description,school_year) values ('00000000-0000-4000-8000-000000000bc3','Subtração com empréstimo','Habilidade: Subtração com empréstimo.',7) on conflict (id) do update set name = excluded.name;
insert into public.lessons (id,module_id,title,description,explanation,example,order_index,xp_bonus,is_active) values ('00000000-0000-4000-8000-0000000007db','00000000-0000-4000-8000-0000000003e9','Subtração com empréstimo','Treino guiado com dica e feedback imediato.','Resolva uma parte por vez e confira seu raciocínio.','Exemplo resolvido aparece antes da prática.',2,20,true) on conflict (id) do update set title = excluded.title;
insert into public.exercises (id,lesson_id,skill_id,type,question,correct_answer,explanation,hint,difficulty,school_year,tags,order_index,is_active) values ('00000000-0000-4000-8000-0000000013ed','00000000-0000-4000-8000-0000000007db','00000000-0000-4000-8000-000000000bc3','multiple_choice','89 - 16','73','89 - 16 = 73.','Pense em quanto falta para voltar ao número maior.',1,7,array['subtração','subtração com empréstimo'],1,true) on conflict (id) do update set question = excluded.question, correct_answer = excluded.correct_answer;
insert into public.exercise_options (id,exercise_id,option_text,is_correct,order_index) values ('00000000-0000-4000-8000-00000000307a','00000000-0000-4000-8000-0000000013ed','71',false,1) on conflict (id) do update set option_text = excluded.option_text, is_correct = excluded.is_correct;
insert into public.exercise_options (id,exercise_id,option_text,is_correct,order_index) values ('00000000-0000-4000-8000-00000000307b','00000000-0000-4000-8000-0000000013ed','73',true,2) on conflict (id) do update set option_text = excluded.option_text, is_correct = excluded.is_correct;
insert into public.exercise_options (id,exercise_id,option_text,is_correct,order_index) values ('00000000-0000-4000-8000-00000000307c','00000000-0000-4000-8000-0000000013ed','76',false,3) on conflict (id) do update set option_text = excluded.option_text, is_correct = excluded.is_correct;
insert into public.exercise_options (id,exercise_id,option_text,is_correct,order_index) values ('00000000-0000-4000-8000-00000000307d','00000000-0000-4000-8000-0000000013ed','80',false,4) on conflict (id) do update set option_text = excluded.option_text, is_correct = excluded.is_correct;
insert into public.exercises (id,lesson_id,skill_id,type,question,correct_answer,explanation,hint,difficulty,school_year,tags,order_index,is_active) values ('00000000-0000-4000-8000-0000000013ee','00000000-0000-4000-8000-0000000007db','00000000-0000-4000-8000-000000000bc3','input','94 - 18','76','94 - 18 = 76.','Pense em quanto falta para voltar ao número maior.',1,7,array['subtração','subtração com empréstimo'],2,true) on conflict (id) do update set question = excluded.question, correct_answer = excluded.correct_answer;
insert into public.exercises (id,lesson_id,skill_id,type,question,correct_answer,explanation,hint,difficulty,school_year,tags,order_index,is_active) values ('00000000-0000-4000-8000-0000000013ef','00000000-0000-4000-8000-0000000007db','00000000-0000-4000-8000-000000000bc3','complete','99 - 20','79','99 - 20 = 79.','Pense em quanto falta para voltar ao número maior.',1,7,array['subtração','subtração com empréstimo'],3,true) on conflict (id) do update set question = excluded.question, correct_answer = excluded.correct_answer;
insert into public.exercises (id,lesson_id,skill_id,type,question,correct_answer,explanation,hint,difficulty,school_year,tags,order_index,is_active) values ('00000000-0000-4000-8000-0000000013f0','00000000-0000-4000-8000-0000000007db','00000000-0000-4000-8000-000000000bc3','true_false','104 - 22 é igual a 82.','true','104 - 22 = 82.','Pense em quanto falta para voltar ao número maior.',1,7,array['subtração','subtração com empréstimo'],4,true) on conflict (id) do update set question = excluded.question, correct_answer = excluded.correct_answer;
insert into public.exercises (id,lesson_id,skill_id,type,question,correct_answer,explanation,hint,difficulty,school_year,tags,order_index,is_active) values ('00000000-0000-4000-8000-0000000013f1','00000000-0000-4000-8000-0000000007db','00000000-0000-4000-8000-000000000bc3','word_problem','João tinha R$ 109 e gastou R$ 24. Quanto sobrou?','85','109 - 24 = 85.','Pense em quanto falta para voltar ao número maior.',2,7,array['subtração','subtração com empréstimo'],5,true) on conflict (id) do update set question = excluded.question, correct_answer = excluded.correct_answer;
insert into public.exercises (id,lesson_id,skill_id,type,question,correct_answer,explanation,hint,difficulty,school_year,tags,order_index,is_active) values ('00000000-0000-4000-8000-0000000013f2','00000000-0000-4000-8000-0000000007db','00000000-0000-4000-8000-000000000bc3','complete','114 - 26','88','114 - 26 = 88.','Pense em quanto falta para voltar ao número maior.',2,7,array['subtração','subtração com empréstimo'],6,true) on conflict (id) do update set question = excluded.question, correct_answer = excluded.correct_answer;
insert into public.exercises (id,lesson_id,skill_id,type,question,correct_answer,explanation,hint,difficulty,school_year,tags,order_index,is_active) values ('00000000-0000-4000-8000-0000000013f3','00000000-0000-4000-8000-0000000007db','00000000-0000-4000-8000-000000000bc3','multiple_choice','119 - 28','91','119 - 28 = 91.','Pense em quanto falta para voltar ao número maior.',2,7,array['subtração','subtração com empréstimo'],7,true) on conflict (id) do update set question = excluded.question, correct_answer = excluded.correct_answer;
insert into public.exercise_options (id,exercise_id,option_text,is_correct,order_index) values ('00000000-0000-4000-8000-0000000030b6','00000000-0000-4000-8000-0000000013f3','89',false,1) on conflict (id) do update set option_text = excluded.option_text, is_correct = excluded.is_correct;
insert into public.exercise_options (id,exercise_id,option_text,is_correct,order_index) values ('00000000-0000-4000-8000-0000000030b7','00000000-0000-4000-8000-0000000013f3','91',true,2) on conflict (id) do update set option_text = excluded.option_text, is_correct = excluded.is_correct;
insert into public.exercise_options (id,exercise_id,option_text,is_correct,order_index) values ('00000000-0000-4000-8000-0000000030b8','00000000-0000-4000-8000-0000000013f3','94',false,3) on conflict (id) do update set option_text = excluded.option_text, is_correct = excluded.is_correct;
insert into public.exercise_options (id,exercise_id,option_text,is_correct,order_index) values ('00000000-0000-4000-8000-0000000030b9','00000000-0000-4000-8000-0000000013f3','98',false,4) on conflict (id) do update set option_text = excluded.option_text, is_correct = excluded.is_correct;
insert into public.exercises (id,lesson_id,skill_id,type,question,correct_answer,explanation,hint,difficulty,school_year,tags,order_index,is_active) values ('00000000-0000-4000-8000-0000000013f4','00000000-0000-4000-8000-0000000007db','00000000-0000-4000-8000-000000000bc3','true_false','124 - 30 é igual a 94.','true','124 - 30 = 94.','Pense em quanto falta para voltar ao número maior.',2,7,array['subtração','subtração com empréstimo'],8,true) on conflict (id) do update set question = excluded.question, correct_answer = excluded.correct_answer;
insert into public.exercises (id,lesson_id,skill_id,type,question,correct_answer,explanation,hint,difficulty,school_year,tags,order_index,is_active) values ('00000000-0000-4000-8000-0000000013f5','00000000-0000-4000-8000-0000000007db','00000000-0000-4000-8000-000000000bc3','complete','129 - 32','97','129 - 32 = 97.','Pense em quanto falta para voltar ao número maior.',2,7,array['subtração','subtração com empréstimo'],9,true) on conflict (id) do update set question = excluded.question, correct_answer = excluded.correct_answer;
insert into public.exercises (id,lesson_id,skill_id,type,question,correct_answer,explanation,hint,difficulty,school_year,tags,order_index,is_active) values ('00000000-0000-4000-8000-0000000013f6','00000000-0000-4000-8000-0000000007db','00000000-0000-4000-8000-000000000bc3','word_problem','João tinha R$ 134 e gastou R$ 34. Quanto sobrou?','100','134 - 34 = 100.','Pense em quanto falta para voltar ao número maior.',3,7,array['subtração','subtração com empréstimo'],10,true) on conflict (id) do update set question = excluded.question, correct_answer = excluded.correct_answer;
insert into public.exercises (id,lesson_id,skill_id,type,question,correct_answer,explanation,hint,difficulty,school_year,tags,order_index,is_active) values ('00000000-0000-4000-8000-0000000013f7','00000000-0000-4000-8000-0000000007db','00000000-0000-4000-8000-000000000bc3','multiple_choice','139 - 36','103','139 - 36 = 103.','Pense em quanto falta para voltar ao número maior.',3,7,array['subtração','subtração com empréstimo'],11,true) on conflict (id) do update set question = excluded.question, correct_answer = excluded.correct_answer;
insert into public.exercise_options (id,exercise_id,option_text,is_correct,order_index) values ('00000000-0000-4000-8000-0000000030de','00000000-0000-4000-8000-0000000013f7','101',false,1) on conflict (id) do update set option_text = excluded.option_text, is_correct = excluded.is_correct;
insert into public.exercise_options (id,exercise_id,option_text,is_correct,order_index) values ('00000000-0000-4000-8000-0000000030df','00000000-0000-4000-8000-0000000013f7','103',true,2) on conflict (id) do update set option_text = excluded.option_text, is_correct = excluded.is_correct;
insert into public.exercise_options (id,exercise_id,option_text,is_correct,order_index) values ('00000000-0000-4000-8000-0000000030e0','00000000-0000-4000-8000-0000000013f7','106',false,3) on conflict (id) do update set option_text = excluded.option_text, is_correct = excluded.is_correct;
insert into public.exercise_options (id,exercise_id,option_text,is_correct,order_index) values ('00000000-0000-4000-8000-0000000030e1','00000000-0000-4000-8000-0000000013f7','110',false,4) on conflict (id) do update set option_text = excluded.option_text, is_correct = excluded.is_correct;
insert into public.exercises (id,lesson_id,skill_id,type,question,correct_answer,explanation,hint,difficulty,school_year,tags,order_index,is_active) values ('00000000-0000-4000-8000-0000000013f8','00000000-0000-4000-8000-0000000007db','00000000-0000-4000-8000-000000000bc3','true_false','144 - 38 é igual a 106.','true','144 - 38 = 106.','Pense em quanto falta para voltar ao número maior.',3,7,array['subtração','subtração com empréstimo'],12,true) on conflict (id) do update set question = excluded.question, correct_answer = excluded.correct_answer;
insert into public.exercises (id,lesson_id,skill_id,type,question,correct_answer,explanation,hint,difficulty,school_year,tags,order_index,is_active) values ('00000000-0000-4000-8000-0000000013f9','00000000-0000-4000-8000-0000000007db','00000000-0000-4000-8000-000000000bc3','multiple_choice','149 - 40','109','149 - 40 = 109.','Pense em quanto falta para voltar ao número maior.',3,7,array['subtração','subtração com empréstimo'],13,true) on conflict (id) do update set question = excluded.question, correct_answer = excluded.correct_answer;
insert into public.exercise_options (id,exercise_id,option_text,is_correct,order_index) values ('00000000-0000-4000-8000-0000000030f2','00000000-0000-4000-8000-0000000013f9','107',false,1) on conflict (id) do update set option_text = excluded.option_text, is_correct = excluded.is_correct;
insert into public.exercise_options (id,exercise_id,option_text,is_correct,order_index) values ('00000000-0000-4000-8000-0000000030f3','00000000-0000-4000-8000-0000000013f9','109',true,2) on conflict (id) do update set option_text = excluded.option_text, is_correct = excluded.is_correct;
insert into public.exercise_options (id,exercise_id,option_text,is_correct,order_index) values ('00000000-0000-4000-8000-0000000030f4','00000000-0000-4000-8000-0000000013f9','112',false,3) on conflict (id) do update set option_text = excluded.option_text, is_correct = excluded.is_correct;
insert into public.exercise_options (id,exercise_id,option_text,is_correct,order_index) values ('00000000-0000-4000-8000-0000000030f5','00000000-0000-4000-8000-0000000013f9','116',false,4) on conflict (id) do update set option_text = excluded.option_text, is_correct = excluded.is_correct;
insert into public.exercises (id,lesson_id,skill_id,type,question,correct_answer,explanation,hint,difficulty,school_year,tags,order_index,is_active) values ('00000000-0000-4000-8000-0000000013fa','00000000-0000-4000-8000-0000000007db','00000000-0000-4000-8000-000000000bc3','input','154 - 42','112','154 - 42 = 112.','Pense em quanto falta para voltar ao número maior.',3,7,array['subtração','subtração com empréstimo'],14,true) on conflict (id) do update set question = excluded.question, correct_answer = excluded.correct_answer;
insert into public.exercises (id,lesson_id,skill_id,type,question,correct_answer,explanation,hint,difficulty,school_year,tags,order_index,is_active) values ('00000000-0000-4000-8000-0000000013fb','00000000-0000-4000-8000-0000000007db','00000000-0000-4000-8000-000000000bc3','word_problem','João tinha R$ 159 e gastou R$ 44. Quanto sobrou?','115','159 - 44 = 115.','Pense em quanto falta para voltar ao número maior.',4,7,array['subtração','subtração com empréstimo'],15,true) on conflict (id) do update set question = excluded.question, correct_answer = excluded.correct_answer;
insert into public.exercises (id,lesson_id,skill_id,type,question,correct_answer,explanation,hint,difficulty,school_year,tags,order_index,is_active) values ('00000000-0000-4000-8000-0000000013fc','00000000-0000-4000-8000-0000000007db','00000000-0000-4000-8000-000000000bc3','true_false','164 - 46 é igual a 118.','true','164 - 46 = 118.','Pense em quanto falta para voltar ao número maior.',4,7,array['subtração','subtração com empréstimo'],16,true) on conflict (id) do update set question = excluded.question, correct_answer = excluded.correct_answer;
insert into public.exercises (id,lesson_id,skill_id,type,question,correct_answer,explanation,hint,difficulty,school_year,tags,order_index,is_active) values ('00000000-0000-4000-8000-0000000013fd','00000000-0000-4000-8000-0000000007db','00000000-0000-4000-8000-000000000bc3','multiple_choice','169 - 48','121','169 - 48 = 121.','Pense em quanto falta para voltar ao número maior.',4,7,array['subtração','subtração com empréstimo'],17,true) on conflict (id) do update set question = excluded.question, correct_answer = excluded.correct_answer;
insert into public.exercise_options (id,exercise_id,option_text,is_correct,order_index) values ('00000000-0000-4000-8000-00000000311a','00000000-0000-4000-8000-0000000013fd','119',false,1) on conflict (id) do update set option_text = excluded.option_text, is_correct = excluded.is_correct;
insert into public.exercise_options (id,exercise_id,option_text,is_correct,order_index) values ('00000000-0000-4000-8000-00000000311b','00000000-0000-4000-8000-0000000013fd','121',true,2) on conflict (id) do update set option_text = excluded.option_text, is_correct = excluded.is_correct;
insert into public.exercise_options (id,exercise_id,option_text,is_correct,order_index) values ('00000000-0000-4000-8000-00000000311c','00000000-0000-4000-8000-0000000013fd','124',false,3) on conflict (id) do update set option_text = excluded.option_text, is_correct = excluded.is_correct;
insert into public.exercise_options (id,exercise_id,option_text,is_correct,order_index) values ('00000000-0000-4000-8000-00000000311d','00000000-0000-4000-8000-0000000013fd','128',false,4) on conflict (id) do update set option_text = excluded.option_text, is_correct = excluded.is_correct;
insert into public.exercises (id,lesson_id,skill_id,type,question,correct_answer,explanation,hint,difficulty,school_year,tags,order_index,is_active) values ('00000000-0000-4000-8000-0000000013fe','00000000-0000-4000-8000-0000000007db','00000000-0000-4000-8000-000000000bc3','complete','174 - 50','124','174 - 50 = 124.','Pense em quanto falta para voltar ao número maior.',4,7,array['subtração','subtração com empréstimo'],18,true) on conflict (id) do update set question = excluded.question, correct_answer = excluded.correct_answer;
insert into public.exercises (id,lesson_id,skill_id,type,question,correct_answer,explanation,hint,difficulty,school_year,tags,order_index,is_active) values ('00000000-0000-4000-8000-0000000013ff','00000000-0000-4000-8000-0000000007db','00000000-0000-4000-8000-000000000bc3','multiple_choice','179 - 52','127','179 - 52 = 127.','Pense em quanto falta para voltar ao número maior.',4,7,array['subtração','subtração com empréstimo'],19,true) on conflict (id) do update set question = excluded.question, correct_answer = excluded.correct_answer;
insert into public.exercise_options (id,exercise_id,option_text,is_correct,order_index) values ('00000000-0000-4000-8000-00000000312e','00000000-0000-4000-8000-0000000013ff','125',false,1) on conflict (id) do update set option_text = excluded.option_text, is_correct = excluded.is_correct;
insert into public.exercise_options (id,exercise_id,option_text,is_correct,order_index) values ('00000000-0000-4000-8000-00000000312f','00000000-0000-4000-8000-0000000013ff','127',true,2) on conflict (id) do update set option_text = excluded.option_text, is_correct = excluded.is_correct;
insert into public.exercise_options (id,exercise_id,option_text,is_correct,order_index) values ('00000000-0000-4000-8000-000000003130','00000000-0000-4000-8000-0000000013ff','130',false,3) on conflict (id) do update set option_text = excluded.option_text, is_correct = excluded.is_correct;
insert into public.exercise_options (id,exercise_id,option_text,is_correct,order_index) values ('00000000-0000-4000-8000-000000003131','00000000-0000-4000-8000-0000000013ff','134',false,4) on conflict (id) do update set option_text = excluded.option_text, is_correct = excluded.is_correct;
insert into public.exercises (id,lesson_id,skill_id,type,question,correct_answer,explanation,hint,difficulty,school_year,tags,order_index,is_active) values ('00000000-0000-4000-8000-000000001400','00000000-0000-4000-8000-0000000007db','00000000-0000-4000-8000-000000000bc3','word_problem','João tinha R$ 184 e gastou R$ 54. Quanto sobrou?','130','184 - 54 = 130.','Pense em quanto falta para voltar ao número maior.',5,7,array['subtração','subtração com empréstimo'],20,true) on conflict (id) do update set question = excluded.question, correct_answer = excluded.correct_answer;
insert into public.skills (id,name,description,school_year) values ('00000000-0000-4000-8000-000000000bc4','Subtração com números maiores','Habilidade: Subtração com números maiores.',7) on conflict (id) do update set name = excluded.name;
insert into public.lessons (id,module_id,title,description,explanation,example,order_index,xp_bonus,is_active) values ('00000000-0000-4000-8000-0000000007dc','00000000-0000-4000-8000-0000000003e9','Subtração com números maiores','Treino guiado com dica e feedback imediato.','Resolva uma parte por vez e confira seu raciocínio.','Exemplo resolvido aparece antes da prática.',3,20,true) on conflict (id) do update set title = excluded.title;
insert into public.exercises (id,lesson_id,skill_id,type,question,correct_answer,explanation,hint,difficulty,school_year,tags,order_index,is_active) values ('00000000-0000-4000-8000-000000001451','00000000-0000-4000-8000-0000000007dc','00000000-0000-4000-8000-000000000bc4','multiple_choice','99 - 25','74','99 - 25 = 74.','Pense em quanto falta para voltar ao número maior.',1,7,array['subtração','subtração com números maiores'],1,true) on conflict (id) do update set question = excluded.question, correct_answer = excluded.correct_answer;
insert into public.exercise_options (id,exercise_id,option_text,is_correct,order_index) values ('00000000-0000-4000-8000-00000000320a','00000000-0000-4000-8000-000000001451','72',false,1) on conflict (id) do update set option_text = excluded.option_text, is_correct = excluded.is_correct;
insert into public.exercise_options (id,exercise_id,option_text,is_correct,order_index) values ('00000000-0000-4000-8000-00000000320b','00000000-0000-4000-8000-000000001451','74',true,2) on conflict (id) do update set option_text = excluded.option_text, is_correct = excluded.is_correct;
insert into public.exercise_options (id,exercise_id,option_text,is_correct,order_index) values ('00000000-0000-4000-8000-00000000320c','00000000-0000-4000-8000-000000001451','77',false,3) on conflict (id) do update set option_text = excluded.option_text, is_correct = excluded.is_correct;
insert into public.exercise_options (id,exercise_id,option_text,is_correct,order_index) values ('00000000-0000-4000-8000-00000000320d','00000000-0000-4000-8000-000000001451','81',false,4) on conflict (id) do update set option_text = excluded.option_text, is_correct = excluded.is_correct;
insert into public.exercises (id,lesson_id,skill_id,type,question,correct_answer,explanation,hint,difficulty,school_year,tags,order_index,is_active) values ('00000000-0000-4000-8000-000000001452','00000000-0000-4000-8000-0000000007dc','00000000-0000-4000-8000-000000000bc4','input','104 - 27','77','104 - 27 = 77.','Pense em quanto falta para voltar ao número maior.',1,7,array['subtração','subtração com números maiores'],2,true) on conflict (id) do update set question = excluded.question, correct_answer = excluded.correct_answer;
insert into public.exercises (id,lesson_id,skill_id,type,question,correct_answer,explanation,hint,difficulty,school_year,tags,order_index,is_active) values ('00000000-0000-4000-8000-000000001453','00000000-0000-4000-8000-0000000007dc','00000000-0000-4000-8000-000000000bc4','complete','109 - 29','80','109 - 29 = 80.','Pense em quanto falta para voltar ao número maior.',1,7,array['subtração','subtração com números maiores'],3,true) on conflict (id) do update set question = excluded.question, correct_answer = excluded.correct_answer;
insert into public.exercises (id,lesson_id,skill_id,type,question,correct_answer,explanation,hint,difficulty,school_year,tags,order_index,is_active) values ('00000000-0000-4000-8000-000000001454','00000000-0000-4000-8000-0000000007dc','00000000-0000-4000-8000-000000000bc4','true_false','114 - 31 é igual a 83.','true','114 - 31 = 83.','Pense em quanto falta para voltar ao número maior.',1,7,array['subtração','subtração com números maiores'],4,true) on conflict (id) do update set question = excluded.question, correct_answer = excluded.correct_answer;
insert into public.exercises (id,lesson_id,skill_id,type,question,correct_answer,explanation,hint,difficulty,school_year,tags,order_index,is_active) values ('00000000-0000-4000-8000-000000001455','00000000-0000-4000-8000-0000000007dc','00000000-0000-4000-8000-000000000bc4','word_problem','João tinha R$ 119 e gastou R$ 33. Quanto sobrou?','86','119 - 33 = 86.','Pense em quanto falta para voltar ao número maior.',2,7,array['subtração','subtração com números maiores'],5,true) on conflict (id) do update set question = excluded.question, correct_answer = excluded.correct_answer;
insert into public.exercises (id,lesson_id,skill_id,type,question,correct_answer,explanation,hint,difficulty,school_year,tags,order_index,is_active) values ('00000000-0000-4000-8000-000000001456','00000000-0000-4000-8000-0000000007dc','00000000-0000-4000-8000-000000000bc4','complete','124 - 35','89','124 - 35 = 89.','Pense em quanto falta para voltar ao número maior.',2,7,array['subtração','subtração com números maiores'],6,true) on conflict (id) do update set question = excluded.question, correct_answer = excluded.correct_answer;
insert into public.exercises (id,lesson_id,skill_id,type,question,correct_answer,explanation,hint,difficulty,school_year,tags,order_index,is_active) values ('00000000-0000-4000-8000-000000001457','00000000-0000-4000-8000-0000000007dc','00000000-0000-4000-8000-000000000bc4','multiple_choice','129 - 37','92','129 - 37 = 92.','Pense em quanto falta para voltar ao número maior.',2,7,array['subtração','subtração com números maiores'],7,true) on conflict (id) do update set question = excluded.question, correct_answer = excluded.correct_answer;
insert into public.exercise_options (id,exercise_id,option_text,is_correct,order_index) values ('00000000-0000-4000-8000-000000003246','00000000-0000-4000-8000-000000001457','90',false,1) on conflict (id) do update set option_text = excluded.option_text, is_correct = excluded.is_correct;
insert into public.exercise_options (id,exercise_id,option_text,is_correct,order_index) values ('00000000-0000-4000-8000-000000003247','00000000-0000-4000-8000-000000001457','92',true,2) on conflict (id) do update set option_text = excluded.option_text, is_correct = excluded.is_correct;
insert into public.exercise_options (id,exercise_id,option_text,is_correct,order_index) values ('00000000-0000-4000-8000-000000003248','00000000-0000-4000-8000-000000001457','95',false,3) on conflict (id) do update set option_text = excluded.option_text, is_correct = excluded.is_correct;
insert into public.exercise_options (id,exercise_id,option_text,is_correct,order_index) values ('00000000-0000-4000-8000-000000003249','00000000-0000-4000-8000-000000001457','99',false,4) on conflict (id) do update set option_text = excluded.option_text, is_correct = excluded.is_correct;
insert into public.exercises (id,lesson_id,skill_id,type,question,correct_answer,explanation,hint,difficulty,school_year,tags,order_index,is_active) values ('00000000-0000-4000-8000-000000001458','00000000-0000-4000-8000-0000000007dc','00000000-0000-4000-8000-000000000bc4','true_false','134 - 39 é igual a 95.','true','134 - 39 = 95.','Pense em quanto falta para voltar ao número maior.',2,7,array['subtração','subtração com números maiores'],8,true) on conflict (id) do update set question = excluded.question, correct_answer = excluded.correct_answer;
insert into public.exercises (id,lesson_id,skill_id,type,question,correct_answer,explanation,hint,difficulty,school_year,tags,order_index,is_active) values ('00000000-0000-4000-8000-000000001459','00000000-0000-4000-8000-0000000007dc','00000000-0000-4000-8000-000000000bc4','complete','139 - 41','98','139 - 41 = 98.','Pense em quanto falta para voltar ao número maior.',2,7,array['subtração','subtração com números maiores'],9,true) on conflict (id) do update set question = excluded.question, correct_answer = excluded.correct_answer;
insert into public.exercises (id,lesson_id,skill_id,type,question,correct_answer,explanation,hint,difficulty,school_year,tags,order_index,is_active) values ('00000000-0000-4000-8000-00000000145a','00000000-0000-4000-8000-0000000007dc','00000000-0000-4000-8000-000000000bc4','word_problem','João tinha R$ 144 e gastou R$ 43. Quanto sobrou?','101','144 - 43 = 101.','Pense em quanto falta para voltar ao número maior.',3,7,array['subtração','subtração com números maiores'],10,true) on conflict (id) do update set question = excluded.question, correct_answer = excluded.correct_answer;
insert into public.exercises (id,lesson_id,skill_id,type,question,correct_answer,explanation,hint,difficulty,school_year,tags,order_index,is_active) values ('00000000-0000-4000-8000-00000000145b','00000000-0000-4000-8000-0000000007dc','00000000-0000-4000-8000-000000000bc4','multiple_choice','149 - 45','104','149 - 45 = 104.','Pense em quanto falta para voltar ao número maior.',3,7,array['subtração','subtração com números maiores'],11,true) on conflict (id) do update set question = excluded.question, correct_answer = excluded.correct_answer;
insert into public.exercise_options (id,exercise_id,option_text,is_correct,order_index) values ('00000000-0000-4000-8000-00000000326e','00000000-0000-4000-8000-00000000145b','102',false,1) on conflict (id) do update set option_text = excluded.option_text, is_correct = excluded.is_correct;
insert into public.exercise_options (id,exercise_id,option_text,is_correct,order_index) values ('00000000-0000-4000-8000-00000000326f','00000000-0000-4000-8000-00000000145b','104',true,2) on conflict (id) do update set option_text = excluded.option_text, is_correct = excluded.is_correct;
insert into public.exercise_options (id,exercise_id,option_text,is_correct,order_index) values ('00000000-0000-4000-8000-000000003270','00000000-0000-4000-8000-00000000145b','107',false,3) on conflict (id) do update set option_text = excluded.option_text, is_correct = excluded.is_correct;
insert into public.exercise_options (id,exercise_id,option_text,is_correct,order_index) values ('00000000-0000-4000-8000-000000003271','00000000-0000-4000-8000-00000000145b','111',false,4) on conflict (id) do update set option_text = excluded.option_text, is_correct = excluded.is_correct;
insert into public.exercises (id,lesson_id,skill_id,type,question,correct_answer,explanation,hint,difficulty,school_year,tags,order_index,is_active) values ('00000000-0000-4000-8000-00000000145c','00000000-0000-4000-8000-0000000007dc','00000000-0000-4000-8000-000000000bc4','true_false','154 - 47 é igual a 107.','true','154 - 47 = 107.','Pense em quanto falta para voltar ao número maior.',3,7,array['subtração','subtração com números maiores'],12,true) on conflict (id) do update set question = excluded.question, correct_answer = excluded.correct_answer;
insert into public.exercises (id,lesson_id,skill_id,type,question,correct_answer,explanation,hint,difficulty,school_year,tags,order_index,is_active) values ('00000000-0000-4000-8000-00000000145d','00000000-0000-4000-8000-0000000007dc','00000000-0000-4000-8000-000000000bc4','multiple_choice','159 - 49','110','159 - 49 = 110.','Pense em quanto falta para voltar ao número maior.',3,7,array['subtração','subtração com números maiores'],13,true) on conflict (id) do update set question = excluded.question, correct_answer = excluded.correct_answer;
insert into public.exercise_options (id,exercise_id,option_text,is_correct,order_index) values ('00000000-0000-4000-8000-000000003282','00000000-0000-4000-8000-00000000145d','108',false,1) on conflict (id) do update set option_text = excluded.option_text, is_correct = excluded.is_correct;
insert into public.exercise_options (id,exercise_id,option_text,is_correct,order_index) values ('00000000-0000-4000-8000-000000003283','00000000-0000-4000-8000-00000000145d','110',true,2) on conflict (id) do update set option_text = excluded.option_text, is_correct = excluded.is_correct;
insert into public.exercise_options (id,exercise_id,option_text,is_correct,order_index) values ('00000000-0000-4000-8000-000000003284','00000000-0000-4000-8000-00000000145d','113',false,3) on conflict (id) do update set option_text = excluded.option_text, is_correct = excluded.is_correct;
insert into public.exercise_options (id,exercise_id,option_text,is_correct,order_index) values ('00000000-0000-4000-8000-000000003285','00000000-0000-4000-8000-00000000145d','117',false,4) on conflict (id) do update set option_text = excluded.option_text, is_correct = excluded.is_correct;
insert into public.exercises (id,lesson_id,skill_id,type,question,correct_answer,explanation,hint,difficulty,school_year,tags,order_index,is_active) values ('00000000-0000-4000-8000-00000000145e','00000000-0000-4000-8000-0000000007dc','00000000-0000-4000-8000-000000000bc4','input','164 - 51','113','164 - 51 = 113.','Pense em quanto falta para voltar ao número maior.',3,7,array['subtração','subtração com números maiores'],14,true) on conflict (id) do update set question = excluded.question, correct_answer = excluded.correct_answer;
insert into public.exercises (id,lesson_id,skill_id,type,question,correct_answer,explanation,hint,difficulty,school_year,tags,order_index,is_active) values ('00000000-0000-4000-8000-00000000145f','00000000-0000-4000-8000-0000000007dc','00000000-0000-4000-8000-000000000bc4','word_problem','João tinha R$ 169 e gastou R$ 53. Quanto sobrou?','116','169 - 53 = 116.','Pense em quanto falta para voltar ao número maior.',4,7,array['subtração','subtração com números maiores'],15,true) on conflict (id) do update set question = excluded.question, correct_answer = excluded.correct_answer;
insert into public.exercises (id,lesson_id,skill_id,type,question,correct_answer,explanation,hint,difficulty,school_year,tags,order_index,is_active) values ('00000000-0000-4000-8000-000000001460','00000000-0000-4000-8000-0000000007dc','00000000-0000-4000-8000-000000000bc4','true_false','174 - 55 é igual a 119.','true','174 - 55 = 119.','Pense em quanto falta para voltar ao número maior.',4,7,array['subtração','subtração com números maiores'],16,true) on conflict (id) do update set question = excluded.question, correct_answer = excluded.correct_answer;
insert into public.exercises (id,lesson_id,skill_id,type,question,correct_answer,explanation,hint,difficulty,school_year,tags,order_index,is_active) values ('00000000-0000-4000-8000-000000001461','00000000-0000-4000-8000-0000000007dc','00000000-0000-4000-8000-000000000bc4','multiple_choice','179 - 57','122','179 - 57 = 122.','Pense em quanto falta para voltar ao número maior.',4,7,array['subtração','subtração com números maiores'],17,true) on conflict (id) do update set question = excluded.question, correct_answer = excluded.correct_answer;
insert into public.exercise_options (id,exercise_id,option_text,is_correct,order_index) values ('00000000-0000-4000-8000-0000000032aa','00000000-0000-4000-8000-000000001461','120',false,1) on conflict (id) do update set option_text = excluded.option_text, is_correct = excluded.is_correct;
insert into public.exercise_options (id,exercise_id,option_text,is_correct,order_index) values ('00000000-0000-4000-8000-0000000032ab','00000000-0000-4000-8000-000000001461','122',true,2) on conflict (id) do update set option_text = excluded.option_text, is_correct = excluded.is_correct;
insert into public.exercise_options (id,exercise_id,option_text,is_correct,order_index) values ('00000000-0000-4000-8000-0000000032ac','00000000-0000-4000-8000-000000001461','125',false,3) on conflict (id) do update set option_text = excluded.option_text, is_correct = excluded.is_correct;
insert into public.exercise_options (id,exercise_id,option_text,is_correct,order_index) values ('00000000-0000-4000-8000-0000000032ad','00000000-0000-4000-8000-000000001461','129',false,4) on conflict (id) do update set option_text = excluded.option_text, is_correct = excluded.is_correct;
insert into public.exercises (id,lesson_id,skill_id,type,question,correct_answer,explanation,hint,difficulty,school_year,tags,order_index,is_active) values ('00000000-0000-4000-8000-000000001462','00000000-0000-4000-8000-0000000007dc','00000000-0000-4000-8000-000000000bc4','complete','184 - 59','125','184 - 59 = 125.','Pense em quanto falta para voltar ao número maior.',4,7,array['subtração','subtração com números maiores'],18,true) on conflict (id) do update set question = excluded.question, correct_answer = excluded.correct_answer;
insert into public.exercises (id,lesson_id,skill_id,type,question,correct_answer,explanation,hint,difficulty,school_year,tags,order_index,is_active) values ('00000000-0000-4000-8000-000000001463','00000000-0000-4000-8000-0000000007dc','00000000-0000-4000-8000-000000000bc4','multiple_choice','189 - 61','128','189 - 61 = 128.','Pense em quanto falta para voltar ao número maior.',4,7,array['subtração','subtração com números maiores'],19,true) on conflict (id) do update set question = excluded.question, correct_answer = excluded.correct_answer;
insert into public.exercise_options (id,exercise_id,option_text,is_correct,order_index) values ('00000000-0000-4000-8000-0000000032be','00000000-0000-4000-8000-000000001463','126',false,1) on conflict (id) do update set option_text = excluded.option_text, is_correct = excluded.is_correct;
insert into public.exercise_options (id,exercise_id,option_text,is_correct,order_index) values ('00000000-0000-4000-8000-0000000032bf','00000000-0000-4000-8000-000000001463','128',true,2) on conflict (id) do update set option_text = excluded.option_text, is_correct = excluded.is_correct;
insert into public.exercise_options (id,exercise_id,option_text,is_correct,order_index) values ('00000000-0000-4000-8000-0000000032c0','00000000-0000-4000-8000-000000001463','131',false,3) on conflict (id) do update set option_text = excluded.option_text, is_correct = excluded.is_correct;
insert into public.exercise_options (id,exercise_id,option_text,is_correct,order_index) values ('00000000-0000-4000-8000-0000000032c1','00000000-0000-4000-8000-000000001463','135',false,4) on conflict (id) do update set option_text = excluded.option_text, is_correct = excluded.is_correct;
insert into public.exercises (id,lesson_id,skill_id,type,question,correct_answer,explanation,hint,difficulty,school_year,tags,order_index,is_active) values ('00000000-0000-4000-8000-000000001464','00000000-0000-4000-8000-0000000007dc','00000000-0000-4000-8000-000000000bc4','word_problem','João tinha R$ 194 e gastou R$ 63. Quanto sobrou?','131','194 - 63 = 131.','Pense em quanto falta para voltar ao número maior.',5,7,array['subtração','subtração com números maiores'],20,true) on conflict (id) do update set question = excluded.question, correct_answer = excluded.correct_answer;
insert into public.skills (id,name,description,school_year) values ('00000000-0000-4000-8000-000000000bc5','Problemas de subtração','Habilidade: Problemas de subtração.',7) on conflict (id) do update set name = excluded.name;
insert into public.lessons (id,module_id,title,description,explanation,example,order_index,xp_bonus,is_active) values ('00000000-0000-4000-8000-0000000007dd','00000000-0000-4000-8000-0000000003e9','Problemas de subtração','Treino guiado com dica e feedback imediato.','Resolva uma parte por vez e confira seu raciocínio.','Exemplo resolvido aparece antes da prática.',4,20,true) on conflict (id) do update set title = excluded.title;
insert into public.exercises (id,lesson_id,skill_id,type,question,correct_answer,explanation,hint,difficulty,school_year,tags,order_index,is_active) values ('00000000-0000-4000-8000-0000000014b5','00000000-0000-4000-8000-0000000007dd','00000000-0000-4000-8000-000000000bc5','multiple_choice','109 - 34','75','109 - 34 = 75.','Pense em quanto falta para voltar ao número maior.',1,7,array['subtração','problemas de subtração'],1,true) on conflict (id) do update set question = excluded.question, correct_answer = excluded.correct_answer;
insert into public.exercise_options (id,exercise_id,option_text,is_correct,order_index) values ('00000000-0000-4000-8000-00000000339a','00000000-0000-4000-8000-0000000014b5','73',false,1) on conflict (id) do update set option_text = excluded.option_text, is_correct = excluded.is_correct;
insert into public.exercise_options (id,exercise_id,option_text,is_correct,order_index) values ('00000000-0000-4000-8000-00000000339b','00000000-0000-4000-8000-0000000014b5','75',true,2) on conflict (id) do update set option_text = excluded.option_text, is_correct = excluded.is_correct;
insert into public.exercise_options (id,exercise_id,option_text,is_correct,order_index) values ('00000000-0000-4000-8000-00000000339c','00000000-0000-4000-8000-0000000014b5','78',false,3) on conflict (id) do update set option_text = excluded.option_text, is_correct = excluded.is_correct;
insert into public.exercise_options (id,exercise_id,option_text,is_correct,order_index) values ('00000000-0000-4000-8000-00000000339d','00000000-0000-4000-8000-0000000014b5','82',false,4) on conflict (id) do update set option_text = excluded.option_text, is_correct = excluded.is_correct;
insert into public.exercises (id,lesson_id,skill_id,type,question,correct_answer,explanation,hint,difficulty,school_year,tags,order_index,is_active) values ('00000000-0000-4000-8000-0000000014b6','00000000-0000-4000-8000-0000000007dd','00000000-0000-4000-8000-000000000bc5','input','114 - 36','78','114 - 36 = 78.','Pense em quanto falta para voltar ao número maior.',1,7,array['subtração','problemas de subtração'],2,true) on conflict (id) do update set question = excluded.question, correct_answer = excluded.correct_answer;
insert into public.exercises (id,lesson_id,skill_id,type,question,correct_answer,explanation,hint,difficulty,school_year,tags,order_index,is_active) values ('00000000-0000-4000-8000-0000000014b7','00000000-0000-4000-8000-0000000007dd','00000000-0000-4000-8000-000000000bc5','complete','119 - 38','81','119 - 38 = 81.','Pense em quanto falta para voltar ao número maior.',1,7,array['subtração','problemas de subtração'],3,true) on conflict (id) do update set question = excluded.question, correct_answer = excluded.correct_answer;
insert into public.exercises (id,lesson_id,skill_id,type,question,correct_answer,explanation,hint,difficulty,school_year,tags,order_index,is_active) values ('00000000-0000-4000-8000-0000000014b8','00000000-0000-4000-8000-0000000007dd','00000000-0000-4000-8000-000000000bc5','true_false','124 - 40 é igual a 84.','true','124 - 40 = 84.','Pense em quanto falta para voltar ao número maior.',1,7,array['subtração','problemas de subtração'],4,true) on conflict (id) do update set question = excluded.question, correct_answer = excluded.correct_answer;
insert into public.exercises (id,lesson_id,skill_id,type,question,correct_answer,explanation,hint,difficulty,school_year,tags,order_index,is_active) values ('00000000-0000-4000-8000-0000000014b9','00000000-0000-4000-8000-0000000007dd','00000000-0000-4000-8000-000000000bc5','word_problem','João tinha R$ 129 e gastou R$ 42. Quanto sobrou?','87','129 - 42 = 87.','Pense em quanto falta para voltar ao número maior.',2,7,array['subtração','problemas de subtração'],5,true) on conflict (id) do update set question = excluded.question, correct_answer = excluded.correct_answer;
insert into public.exercises (id,lesson_id,skill_id,type,question,correct_answer,explanation,hint,difficulty,school_year,tags,order_index,is_active) values ('00000000-0000-4000-8000-0000000014ba','00000000-0000-4000-8000-0000000007dd','00000000-0000-4000-8000-000000000bc5','complete','134 - 44','90','134 - 44 = 90.','Pense em quanto falta para voltar ao número maior.',2,7,array['subtração','problemas de subtração'],6,true) on conflict (id) do update set question = excluded.question, correct_answer = excluded.correct_answer;
insert into public.exercises (id,lesson_id,skill_id,type,question,correct_answer,explanation,hint,difficulty,school_year,tags,order_index,is_active) values ('00000000-0000-4000-8000-0000000014bb','00000000-0000-4000-8000-0000000007dd','00000000-0000-4000-8000-000000000bc5','multiple_choice','139 - 46','93','139 - 46 = 93.','Pense em quanto falta para voltar ao número maior.',2,7,array['subtração','problemas de subtração'],7,true) on conflict (id) do update set question = excluded.question, correct_answer = excluded.correct_answer;
insert into public.exercise_options (id,exercise_id,option_text,is_correct,order_index) values ('00000000-0000-4000-8000-0000000033d6','00000000-0000-4000-8000-0000000014bb','91',false,1) on conflict (id) do update set option_text = excluded.option_text, is_correct = excluded.is_correct;
insert into public.exercise_options (id,exercise_id,option_text,is_correct,order_index) values ('00000000-0000-4000-8000-0000000033d7','00000000-0000-4000-8000-0000000014bb','93',true,2) on conflict (id) do update set option_text = excluded.option_text, is_correct = excluded.is_correct;
insert into public.exercise_options (id,exercise_id,option_text,is_correct,order_index) values ('00000000-0000-4000-8000-0000000033d8','00000000-0000-4000-8000-0000000014bb','96',false,3) on conflict (id) do update set option_text = excluded.option_text, is_correct = excluded.is_correct;
insert into public.exercise_options (id,exercise_id,option_text,is_correct,order_index) values ('00000000-0000-4000-8000-0000000033d9','00000000-0000-4000-8000-0000000014bb','100',false,4) on conflict (id) do update set option_text = excluded.option_text, is_correct = excluded.is_correct;
insert into public.exercises (id,lesson_id,skill_id,type,question,correct_answer,explanation,hint,difficulty,school_year,tags,order_index,is_active) values ('00000000-0000-4000-8000-0000000014bc','00000000-0000-4000-8000-0000000007dd','00000000-0000-4000-8000-000000000bc5','true_false','144 - 48 é igual a 96.','true','144 - 48 = 96.','Pense em quanto falta para voltar ao número maior.',2,7,array['subtração','problemas de subtração'],8,true) on conflict (id) do update set question = excluded.question, correct_answer = excluded.correct_answer;
insert into public.exercises (id,lesson_id,skill_id,type,question,correct_answer,explanation,hint,difficulty,school_year,tags,order_index,is_active) values ('00000000-0000-4000-8000-0000000014bd','00000000-0000-4000-8000-0000000007dd','00000000-0000-4000-8000-000000000bc5','complete','149 - 50','99','149 - 50 = 99.','Pense em quanto falta para voltar ao número maior.',2,7,array['subtração','problemas de subtração'],9,true) on conflict (id) do update set question = excluded.question, correct_answer = excluded.correct_answer;
insert into public.exercises (id,lesson_id,skill_id,type,question,correct_answer,explanation,hint,difficulty,school_year,tags,order_index,is_active) values ('00000000-0000-4000-8000-0000000014be','00000000-0000-4000-8000-0000000007dd','00000000-0000-4000-8000-000000000bc5','word_problem','João tinha R$ 154 e gastou R$ 52. Quanto sobrou?','102','154 - 52 = 102.','Pense em quanto falta para voltar ao número maior.',3,7,array['subtração','problemas de subtração'],10,true) on conflict (id) do update set question = excluded.question, correct_answer = excluded.correct_answer;
insert into public.exercises (id,lesson_id,skill_id,type,question,correct_answer,explanation,hint,difficulty,school_year,tags,order_index,is_active) values ('00000000-0000-4000-8000-0000000014bf','00000000-0000-4000-8000-0000000007dd','00000000-0000-4000-8000-000000000bc5','multiple_choice','159 - 54','105','159 - 54 = 105.','Pense em quanto falta para voltar ao número maior.',3,7,array['subtração','problemas de subtração'],11,true) on conflict (id) do update set question = excluded.question, correct_answer = excluded.correct_answer;
insert into public.exercise_options (id,exercise_id,option_text,is_correct,order_index) values ('00000000-0000-4000-8000-0000000033fe','00000000-0000-4000-8000-0000000014bf','103',false,1) on conflict (id) do update set option_text = excluded.option_text, is_correct = excluded.is_correct;
insert into public.exercise_options (id,exercise_id,option_text,is_correct,order_index) values ('00000000-0000-4000-8000-0000000033ff','00000000-0000-4000-8000-0000000014bf','105',true,2) on conflict (id) do update set option_text = excluded.option_text, is_correct = excluded.is_correct;
insert into public.exercise_options (id,exercise_id,option_text,is_correct,order_index) values ('00000000-0000-4000-8000-000000003400','00000000-0000-4000-8000-0000000014bf','108',false,3) on conflict (id) do update set option_text = excluded.option_text, is_correct = excluded.is_correct;
insert into public.exercise_options (id,exercise_id,option_text,is_correct,order_index) values ('00000000-0000-4000-8000-000000003401','00000000-0000-4000-8000-0000000014bf','112',false,4) on conflict (id) do update set option_text = excluded.option_text, is_correct = excluded.is_correct;
insert into public.exercises (id,lesson_id,skill_id,type,question,correct_answer,explanation,hint,difficulty,school_year,tags,order_index,is_active) values ('00000000-0000-4000-8000-0000000014c0','00000000-0000-4000-8000-0000000007dd','00000000-0000-4000-8000-000000000bc5','true_false','164 - 56 é igual a 108.','true','164 - 56 = 108.','Pense em quanto falta para voltar ao número maior.',3,7,array['subtração','problemas de subtração'],12,true) on conflict (id) do update set question = excluded.question, correct_answer = excluded.correct_answer;
insert into public.exercises (id,lesson_id,skill_id,type,question,correct_answer,explanation,hint,difficulty,school_year,tags,order_index,is_active) values ('00000000-0000-4000-8000-0000000014c1','00000000-0000-4000-8000-0000000007dd','00000000-0000-4000-8000-000000000bc5','multiple_choice','169 - 58','111','169 - 58 = 111.','Pense em quanto falta para voltar ao número maior.',3,7,array['subtração','problemas de subtração'],13,true) on conflict (id) do update set question = excluded.question, correct_answer = excluded.correct_answer;
insert into public.exercise_options (id,exercise_id,option_text,is_correct,order_index) values ('00000000-0000-4000-8000-000000003412','00000000-0000-4000-8000-0000000014c1','109',false,1) on conflict (id) do update set option_text = excluded.option_text, is_correct = excluded.is_correct;
insert into public.exercise_options (id,exercise_id,option_text,is_correct,order_index) values ('00000000-0000-4000-8000-000000003413','00000000-0000-4000-8000-0000000014c1','111',true,2) on conflict (id) do update set option_text = excluded.option_text, is_correct = excluded.is_correct;
insert into public.exercise_options (id,exercise_id,option_text,is_correct,order_index) values ('00000000-0000-4000-8000-000000003414','00000000-0000-4000-8000-0000000014c1','114',false,3) on conflict (id) do update set option_text = excluded.option_text, is_correct = excluded.is_correct;
insert into public.exercise_options (id,exercise_id,option_text,is_correct,order_index) values ('00000000-0000-4000-8000-000000003415','00000000-0000-4000-8000-0000000014c1','118',false,4) on conflict (id) do update set option_text = excluded.option_text, is_correct = excluded.is_correct;
insert into public.exercises (id,lesson_id,skill_id,type,question,correct_answer,explanation,hint,difficulty,school_year,tags,order_index,is_active) values ('00000000-0000-4000-8000-0000000014c2','00000000-0000-4000-8000-0000000007dd','00000000-0000-4000-8000-000000000bc5','input','174 - 60','114','174 - 60 = 114.','Pense em quanto falta para voltar ao número maior.',3,7,array['subtração','problemas de subtração'],14,true) on conflict (id) do update set question = excluded.question, correct_answer = excluded.correct_answer;
insert into public.exercises (id,lesson_id,skill_id,type,question,correct_answer,explanation,hint,difficulty,school_year,tags,order_index,is_active) values ('00000000-0000-4000-8000-0000000014c3','00000000-0000-4000-8000-0000000007dd','00000000-0000-4000-8000-000000000bc5','word_problem','João tinha R$ 179 e gastou R$ 62. Quanto sobrou?','117','179 - 62 = 117.','Pense em quanto falta para voltar ao número maior.',4,7,array['subtração','problemas de subtração'],15,true) on conflict (id) do update set question = excluded.question, correct_answer = excluded.correct_answer;
insert into public.exercises (id,lesson_id,skill_id,type,question,correct_answer,explanation,hint,difficulty,school_year,tags,order_index,is_active) values ('00000000-0000-4000-8000-0000000014c4','00000000-0000-4000-8000-0000000007dd','00000000-0000-4000-8000-000000000bc5','true_false','184 - 64 é igual a 120.','true','184 - 64 = 120.','Pense em quanto falta para voltar ao número maior.',4,7,array['subtração','problemas de subtração'],16,true) on conflict (id) do update set question = excluded.question, correct_answer = excluded.correct_answer;
insert into public.exercises (id,lesson_id,skill_id,type,question,correct_answer,explanation,hint,difficulty,school_year,tags,order_index,is_active) values ('00000000-0000-4000-8000-0000000014c5','00000000-0000-4000-8000-0000000007dd','00000000-0000-4000-8000-000000000bc5','multiple_choice','189 - 66','123','189 - 66 = 123.','Pense em quanto falta para voltar ao número maior.',4,7,array['subtração','problemas de subtração'],17,true) on conflict (id) do update set question = excluded.question, correct_answer = excluded.correct_answer;
insert into public.exercise_options (id,exercise_id,option_text,is_correct,order_index) values ('00000000-0000-4000-8000-00000000343a','00000000-0000-4000-8000-0000000014c5','121',false,1) on conflict (id) do update set option_text = excluded.option_text, is_correct = excluded.is_correct;
insert into public.exercise_options (id,exercise_id,option_text,is_correct,order_index) values ('00000000-0000-4000-8000-00000000343b','00000000-0000-4000-8000-0000000014c5','123',true,2) on conflict (id) do update set option_text = excluded.option_text, is_correct = excluded.is_correct;
insert into public.exercise_options (id,exercise_id,option_text,is_correct,order_index) values ('00000000-0000-4000-8000-00000000343c','00000000-0000-4000-8000-0000000014c5','126',false,3) on conflict (id) do update set option_text = excluded.option_text, is_correct = excluded.is_correct;
insert into public.exercise_options (id,exercise_id,option_text,is_correct,order_index) values ('00000000-0000-4000-8000-00000000343d','00000000-0000-4000-8000-0000000014c5','130',false,4) on conflict (id) do update set option_text = excluded.option_text, is_correct = excluded.is_correct;
insert into public.exercises (id,lesson_id,skill_id,type,question,correct_answer,explanation,hint,difficulty,school_year,tags,order_index,is_active) values ('00000000-0000-4000-8000-0000000014c6','00000000-0000-4000-8000-0000000007dd','00000000-0000-4000-8000-000000000bc5','complete','194 - 68','126','194 - 68 = 126.','Pense em quanto falta para voltar ao número maior.',4,7,array['subtração','problemas de subtração'],18,true) on conflict (id) do update set question = excluded.question, correct_answer = excluded.correct_answer;
insert into public.exercises (id,lesson_id,skill_id,type,question,correct_answer,explanation,hint,difficulty,school_year,tags,order_index,is_active) values ('00000000-0000-4000-8000-0000000014c7','00000000-0000-4000-8000-0000000007dd','00000000-0000-4000-8000-000000000bc5','multiple_choice','199 - 70','129','199 - 70 = 129.','Pense em quanto falta para voltar ao número maior.',4,7,array['subtração','problemas de subtração'],19,true) on conflict (id) do update set question = excluded.question, correct_answer = excluded.correct_answer;
insert into public.exercise_options (id,exercise_id,option_text,is_correct,order_index) values ('00000000-0000-4000-8000-00000000344e','00000000-0000-4000-8000-0000000014c7','127',false,1) on conflict (id) do update set option_text = excluded.option_text, is_correct = excluded.is_correct;
insert into public.exercise_options (id,exercise_id,option_text,is_correct,order_index) values ('00000000-0000-4000-8000-00000000344f','00000000-0000-4000-8000-0000000014c7','129',true,2) on conflict (id) do update set option_text = excluded.option_text, is_correct = excluded.is_correct;
insert into public.exercise_options (id,exercise_id,option_text,is_correct,order_index) values ('00000000-0000-4000-8000-000000003450','00000000-0000-4000-8000-0000000014c7','132',false,3) on conflict (id) do update set option_text = excluded.option_text, is_correct = excluded.is_correct;
insert into public.exercise_options (id,exercise_id,option_text,is_correct,order_index) values ('00000000-0000-4000-8000-000000003451','00000000-0000-4000-8000-0000000014c7','136',false,4) on conflict (id) do update set option_text = excluded.option_text, is_correct = excluded.is_correct;
insert into public.exercises (id,lesson_id,skill_id,type,question,correct_answer,explanation,hint,difficulty,school_year,tags,order_index,is_active) values ('00000000-0000-4000-8000-0000000014c8','00000000-0000-4000-8000-0000000007dd','00000000-0000-4000-8000-000000000bc5','word_problem','João tinha R$ 204 e gastou R$ 72. Quanto sobrou?','132','204 - 72 = 132.','Pense em quanto falta para voltar ao número maior.',5,7,array['subtração','problemas de subtração'],20,true) on conflict (id) do update set question = excluded.question, correct_answer = excluded.correct_answer;
insert into public.modules (id,title,description,order_index,icon,color,required_xp,is_active) values ('00000000-0000-4000-8000-0000000003ea','Multiplicação','Módulo de multiplicação para o 7º ano.',3,'X','amber',160,true) on conflict (id) do update set title = excluded.title;
insert into public.skills (id,name,description,school_year) values ('00000000-0000-4000-8000-000000000bcc','Tabuada','Habilidade: Tabuada.',7) on conflict (id) do update set name = excluded.name;
insert into public.lessons (id,module_id,title,description,explanation,example,order_index,xp_bonus,is_active) values ('00000000-0000-4000-8000-0000000007e4','00000000-0000-4000-8000-0000000003ea','Tabuada','Treino guiado com dica e feedback imediato.','Resolva uma parte por vez e confira seu raciocínio.','Exemplo resolvido aparece antes da prática.',1,20,true) on conflict (id) do update set title = excluded.title;
insert into public.exercises (id,lesson_id,skill_id,type,question,correct_answer,explanation,hint,difficulty,school_year,tags,order_index,is_active) values ('00000000-0000-4000-8000-000000001771','00000000-0000-4000-8000-0000000007e4','00000000-0000-4000-8000-000000000bcc','multiple_choice','49 x 2','98','49 x 2 = 98.','Multiplicar é somar grupos iguais.',1,7,array['multiplicação','tabuada'],1,true) on conflict (id) do update set question = excluded.question, correct_answer = excluded.correct_answer;
insert into public.exercise_options (id,exercise_id,option_text,is_correct,order_index) values ('00000000-0000-4000-8000-000000003e8a','00000000-0000-4000-8000-000000001771','96',false,1) on conflict (id) do update set option_text = excluded.option_text, is_correct = excluded.is_correct;
insert into public.exercise_options (id,exercise_id,option_text,is_correct,order_index) values ('00000000-0000-4000-8000-000000003e8b','00000000-0000-4000-8000-000000001771','98',true,2) on conflict (id) do update set option_text = excluded.option_text, is_correct = excluded.is_correct;
insert into public.exercise_options (id,exercise_id,option_text,is_correct,order_index) values ('00000000-0000-4000-8000-000000003e8c','00000000-0000-4000-8000-000000001771','101',false,3) on conflict (id) do update set option_text = excluded.option_text, is_correct = excluded.is_correct;
insert into public.exercise_options (id,exercise_id,option_text,is_correct,order_index) values ('00000000-0000-4000-8000-000000003e8d','00000000-0000-4000-8000-000000001771','105',false,4) on conflict (id) do update set option_text = excluded.option_text, is_correct = excluded.is_correct;
insert into public.exercises (id,lesson_id,skill_id,type,question,correct_answer,explanation,hint,difficulty,school_year,tags,order_index,is_active) values ('00000000-0000-4000-8000-000000001772','00000000-0000-4000-8000-0000000007e4','00000000-0000-4000-8000-000000000bcc','input','52 x 2','104','52 x 2 = 104.','Multiplicar é somar grupos iguais.',1,7,array['multiplicação','tabuada'],2,true) on conflict (id) do update set question = excluded.question, correct_answer = excluded.correct_answer;
insert into public.exercises (id,lesson_id,skill_id,type,question,correct_answer,explanation,hint,difficulty,school_year,tags,order_index,is_active) values ('00000000-0000-4000-8000-000000001773','00000000-0000-4000-8000-0000000007e4','00000000-0000-4000-8000-000000000bcc','complete','55 x 2','110','55 x 2 = 110.','Multiplicar é somar grupos iguais.',1,7,array['multiplicação','tabuada'],3,true) on conflict (id) do update set question = excluded.question, correct_answer = excluded.correct_answer;
insert into public.exercises (id,lesson_id,skill_id,type,question,correct_answer,explanation,hint,difficulty,school_year,tags,order_index,is_active) values ('00000000-0000-4000-8000-000000001774','00000000-0000-4000-8000-0000000007e4','00000000-0000-4000-8000-000000000bcc','true_false','58 x 2 é igual a 116.','true','58 x 2 = 116.','Multiplicar é somar grupos iguais.',1,7,array['multiplicação','tabuada'],4,true) on conflict (id) do update set question = excluded.question, correct_answer = excluded.correct_answer;
insert into public.exercises (id,lesson_id,skill_id,type,question,correct_answer,explanation,hint,difficulty,school_year,tags,order_index,is_active) values ('00000000-0000-4000-8000-000000001775','00000000-0000-4000-8000-0000000007e4','00000000-0000-4000-8000-000000000bcc','word_problem','Uma caixa tem 61 lápis. Quantos lápis há em 2 caixas?','122','61 x 2 = 122.','Multiplicar é somar grupos iguais.',2,7,array['multiplicação','tabuada'],5,true) on conflict (id) do update set question = excluded.question, correct_answer = excluded.correct_answer;
insert into public.exercises (id,lesson_id,skill_id,type,question,correct_answer,explanation,hint,difficulty,school_year,tags,order_index,is_active) values ('00000000-0000-4000-8000-000000001776','00000000-0000-4000-8000-0000000007e4','00000000-0000-4000-8000-000000000bcc','complete','64 x 2','128','64 x 2 = 128.','Multiplicar é somar grupos iguais.',2,7,array['multiplicação','tabuada'],6,true) on conflict (id) do update set question = excluded.question, correct_answer = excluded.correct_answer;
insert into public.exercises (id,lesson_id,skill_id,type,question,correct_answer,explanation,hint,difficulty,school_year,tags,order_index,is_active) values ('00000000-0000-4000-8000-000000001777','00000000-0000-4000-8000-0000000007e4','00000000-0000-4000-8000-000000000bcc','multiple_choice','67 x 2','134','67 x 2 = 134.','Multiplicar é somar grupos iguais.',2,7,array['multiplicação','tabuada'],7,true) on conflict (id) do update set question = excluded.question, correct_answer = excluded.correct_answer;
insert into public.exercise_options (id,exercise_id,option_text,is_correct,order_index) values ('00000000-0000-4000-8000-000000003ec6','00000000-0000-4000-8000-000000001777','132',false,1) on conflict (id) do update set option_text = excluded.option_text, is_correct = excluded.is_correct;
insert into public.exercise_options (id,exercise_id,option_text,is_correct,order_index) values ('00000000-0000-4000-8000-000000003ec7','00000000-0000-4000-8000-000000001777','134',true,2) on conflict (id) do update set option_text = excluded.option_text, is_correct = excluded.is_correct;
insert into public.exercise_options (id,exercise_id,option_text,is_correct,order_index) values ('00000000-0000-4000-8000-000000003ec8','00000000-0000-4000-8000-000000001777','137',false,3) on conflict (id) do update set option_text = excluded.option_text, is_correct = excluded.is_correct;
insert into public.exercise_options (id,exercise_id,option_text,is_correct,order_index) values ('00000000-0000-4000-8000-000000003ec9','00000000-0000-4000-8000-000000001777','141',false,4) on conflict (id) do update set option_text = excluded.option_text, is_correct = excluded.is_correct;
insert into public.exercises (id,lesson_id,skill_id,type,question,correct_answer,explanation,hint,difficulty,school_year,tags,order_index,is_active) values ('00000000-0000-4000-8000-000000001778','00000000-0000-4000-8000-0000000007e4','00000000-0000-4000-8000-000000000bcc','true_false','70 x 2 é igual a 140.','true','70 x 2 = 140.','Multiplicar é somar grupos iguais.',2,7,array['multiplicação','tabuada'],8,true) on conflict (id) do update set question = excluded.question, correct_answer = excluded.correct_answer;
insert into public.exercises (id,lesson_id,skill_id,type,question,correct_answer,explanation,hint,difficulty,school_year,tags,order_index,is_active) values ('00000000-0000-4000-8000-000000001779','00000000-0000-4000-8000-0000000007e4','00000000-0000-4000-8000-000000000bcc','complete','73 x 2','146','73 x 2 = 146.','Multiplicar é somar grupos iguais.',2,7,array['multiplicação','tabuada'],9,true) on conflict (id) do update set question = excluded.question, correct_answer = excluded.correct_answer;
insert into public.exercises (id,lesson_id,skill_id,type,question,correct_answer,explanation,hint,difficulty,school_year,tags,order_index,is_active) values ('00000000-0000-4000-8000-00000000177a','00000000-0000-4000-8000-0000000007e4','00000000-0000-4000-8000-000000000bcc','word_problem','Uma caixa tem 76 lápis. Quantos lápis há em 2 caixas?','152','76 x 2 = 152.','Multiplicar é somar grupos iguais.',3,7,array['multiplicação','tabuada'],10,true) on conflict (id) do update set question = excluded.question, correct_answer = excluded.correct_answer;
insert into public.exercises (id,lesson_id,skill_id,type,question,correct_answer,explanation,hint,difficulty,school_year,tags,order_index,is_active) values ('00000000-0000-4000-8000-00000000177b','00000000-0000-4000-8000-0000000007e4','00000000-0000-4000-8000-000000000bcc','multiple_choice','79 x 2','158','79 x 2 = 158.','Multiplicar é somar grupos iguais.',3,7,array['multiplicação','tabuada'],11,true) on conflict (id) do update set question = excluded.question, correct_answer = excluded.correct_answer;
insert into public.exercise_options (id,exercise_id,option_text,is_correct,order_index) values ('00000000-0000-4000-8000-000000003eee','00000000-0000-4000-8000-00000000177b','156',false,1) on conflict (id) do update set option_text = excluded.option_text, is_correct = excluded.is_correct;
insert into public.exercise_options (id,exercise_id,option_text,is_correct,order_index) values ('00000000-0000-4000-8000-000000003eef','00000000-0000-4000-8000-00000000177b','158',true,2) on conflict (id) do update set option_text = excluded.option_text, is_correct = excluded.is_correct;
insert into public.exercise_options (id,exercise_id,option_text,is_correct,order_index) values ('00000000-0000-4000-8000-000000003ef0','00000000-0000-4000-8000-00000000177b','161',false,3) on conflict (id) do update set option_text = excluded.option_text, is_correct = excluded.is_correct;
insert into public.exercise_options (id,exercise_id,option_text,is_correct,order_index) values ('00000000-0000-4000-8000-000000003ef1','00000000-0000-4000-8000-00000000177b','165',false,4) on conflict (id) do update set option_text = excluded.option_text, is_correct = excluded.is_correct;
insert into public.exercises (id,lesson_id,skill_id,type,question,correct_answer,explanation,hint,difficulty,school_year,tags,order_index,is_active) values ('00000000-0000-4000-8000-00000000177c','00000000-0000-4000-8000-0000000007e4','00000000-0000-4000-8000-000000000bcc','true_false','82 x 2 é igual a 164.','true','82 x 2 = 164.','Multiplicar é somar grupos iguais.',3,7,array['multiplicação','tabuada'],12,true) on conflict (id) do update set question = excluded.question, correct_answer = excluded.correct_answer;
insert into public.exercises (id,lesson_id,skill_id,type,question,correct_answer,explanation,hint,difficulty,school_year,tags,order_index,is_active) values ('00000000-0000-4000-8000-00000000177d','00000000-0000-4000-8000-0000000007e4','00000000-0000-4000-8000-000000000bcc','multiple_choice','85 x 2','170','85 x 2 = 170.','Multiplicar é somar grupos iguais.',3,7,array['multiplicação','tabuada'],13,true) on conflict (id) do update set question = excluded.question, correct_answer = excluded.correct_answer;
insert into public.exercise_options (id,exercise_id,option_text,is_correct,order_index) values ('00000000-0000-4000-8000-000000003f02','00000000-0000-4000-8000-00000000177d','168',false,1) on conflict (id) do update set option_text = excluded.option_text, is_correct = excluded.is_correct;
insert into public.exercise_options (id,exercise_id,option_text,is_correct,order_index) values ('00000000-0000-4000-8000-000000003f03','00000000-0000-4000-8000-00000000177d','170',true,2) on conflict (id) do update set option_text = excluded.option_text, is_correct = excluded.is_correct;
insert into public.exercise_options (id,exercise_id,option_text,is_correct,order_index) values ('00000000-0000-4000-8000-000000003f04','00000000-0000-4000-8000-00000000177d','173',false,3) on conflict (id) do update set option_text = excluded.option_text, is_correct = excluded.is_correct;
insert into public.exercise_options (id,exercise_id,option_text,is_correct,order_index) values ('00000000-0000-4000-8000-000000003f05','00000000-0000-4000-8000-00000000177d','177',false,4) on conflict (id) do update set option_text = excluded.option_text, is_correct = excluded.is_correct;
insert into public.exercises (id,lesson_id,skill_id,type,question,correct_answer,explanation,hint,difficulty,school_year,tags,order_index,is_active) values ('00000000-0000-4000-8000-00000000177e','00000000-0000-4000-8000-0000000007e4','00000000-0000-4000-8000-000000000bcc','input','88 x 2','176','88 x 2 = 176.','Multiplicar é somar grupos iguais.',3,7,array['multiplicação','tabuada'],14,true) on conflict (id) do update set question = excluded.question, correct_answer = excluded.correct_answer;
insert into public.exercises (id,lesson_id,skill_id,type,question,correct_answer,explanation,hint,difficulty,school_year,tags,order_index,is_active) values ('00000000-0000-4000-8000-00000000177f','00000000-0000-4000-8000-0000000007e4','00000000-0000-4000-8000-000000000bcc','word_problem','Uma caixa tem 91 lápis. Quantos lápis há em 2 caixas?','182','91 x 2 = 182.','Multiplicar é somar grupos iguais.',4,7,array['multiplicação','tabuada'],15,true) on conflict (id) do update set question = excluded.question, correct_answer = excluded.correct_answer;
insert into public.exercises (id,lesson_id,skill_id,type,question,correct_answer,explanation,hint,difficulty,school_year,tags,order_index,is_active) values ('00000000-0000-4000-8000-000000001780','00000000-0000-4000-8000-0000000007e4','00000000-0000-4000-8000-000000000bcc','true_false','94 x 2 é igual a 188.','true','94 x 2 = 188.','Multiplicar é somar grupos iguais.',4,7,array['multiplicação','tabuada'],16,true) on conflict (id) do update set question = excluded.question, correct_answer = excluded.correct_answer;
insert into public.exercises (id,lesson_id,skill_id,type,question,correct_answer,explanation,hint,difficulty,school_year,tags,order_index,is_active) values ('00000000-0000-4000-8000-000000001781','00000000-0000-4000-8000-0000000007e4','00000000-0000-4000-8000-000000000bcc','multiple_choice','97 x 2','194','97 x 2 = 194.','Multiplicar é somar grupos iguais.',4,7,array['multiplicação','tabuada'],17,true) on conflict (id) do update set question = excluded.question, correct_answer = excluded.correct_answer;
insert into public.exercise_options (id,exercise_id,option_text,is_correct,order_index) values ('00000000-0000-4000-8000-000000003f2a','00000000-0000-4000-8000-000000001781','192',false,1) on conflict (id) do update set option_text = excluded.option_text, is_correct = excluded.is_correct;
insert into public.exercise_options (id,exercise_id,option_text,is_correct,order_index) values ('00000000-0000-4000-8000-000000003f2b','00000000-0000-4000-8000-000000001781','194',true,2) on conflict (id) do update set option_text = excluded.option_text, is_correct = excluded.is_correct;
insert into public.exercise_options (id,exercise_id,option_text,is_correct,order_index) values ('00000000-0000-4000-8000-000000003f2c','00000000-0000-4000-8000-000000001781','197',false,3) on conflict (id) do update set option_text = excluded.option_text, is_correct = excluded.is_correct;
insert into public.exercise_options (id,exercise_id,option_text,is_correct,order_index) values ('00000000-0000-4000-8000-000000003f2d','00000000-0000-4000-8000-000000001781','201',false,4) on conflict (id) do update set option_text = excluded.option_text, is_correct = excluded.is_correct;
insert into public.exercises (id,lesson_id,skill_id,type,question,correct_answer,explanation,hint,difficulty,school_year,tags,order_index,is_active) values ('00000000-0000-4000-8000-000000001782','00000000-0000-4000-8000-0000000007e4','00000000-0000-4000-8000-000000000bcc','complete','100 x 2','200','100 x 2 = 200.','Multiplicar é somar grupos iguais.',4,7,array['multiplicação','tabuada'],18,true) on conflict (id) do update set question = excluded.question, correct_answer = excluded.correct_answer;
insert into public.exercises (id,lesson_id,skill_id,type,question,correct_answer,explanation,hint,difficulty,school_year,tags,order_index,is_active) values ('00000000-0000-4000-8000-000000001783','00000000-0000-4000-8000-0000000007e4','00000000-0000-4000-8000-000000000bcc','multiple_choice','103 x 2','206','103 x 2 = 206.','Multiplicar é somar grupos iguais.',4,7,array['multiplicação','tabuada'],19,true) on conflict (id) do update set question = excluded.question, correct_answer = excluded.correct_answer;
insert into public.exercise_options (id,exercise_id,option_text,is_correct,order_index) values ('00000000-0000-4000-8000-000000003f3e','00000000-0000-4000-8000-000000001783','204',false,1) on conflict (id) do update set option_text = excluded.option_text, is_correct = excluded.is_correct;
insert into public.exercise_options (id,exercise_id,option_text,is_correct,order_index) values ('00000000-0000-4000-8000-000000003f3f','00000000-0000-4000-8000-000000001783','206',true,2) on conflict (id) do update set option_text = excluded.option_text, is_correct = excluded.is_correct;
insert into public.exercise_options (id,exercise_id,option_text,is_correct,order_index) values ('00000000-0000-4000-8000-000000003f40','00000000-0000-4000-8000-000000001783','209',false,3) on conflict (id) do update set option_text = excluded.option_text, is_correct = excluded.is_correct;
insert into public.exercise_options (id,exercise_id,option_text,is_correct,order_index) values ('00000000-0000-4000-8000-000000003f41','00000000-0000-4000-8000-000000001783','213',false,4) on conflict (id) do update set option_text = excluded.option_text, is_correct = excluded.is_correct;
insert into public.exercises (id,lesson_id,skill_id,type,question,correct_answer,explanation,hint,difficulty,school_year,tags,order_index,is_active) values ('00000000-0000-4000-8000-000000001784','00000000-0000-4000-8000-0000000007e4','00000000-0000-4000-8000-000000000bcc','word_problem','Uma caixa tem 106 lápis. Quantos lápis há em 2 caixas?','212','106 x 2 = 212.','Multiplicar é somar grupos iguais.',5,7,array['multiplicação','tabuada'],20,true) on conflict (id) do update set question = excluded.question, correct_answer = excluded.correct_answer;
insert into public.skills (id,name,description,school_year) values ('00000000-0000-4000-8000-000000000bcd','Multiplicação por 1 algarismo','Habilidade: Multiplicação por 1 algarismo.',7) on conflict (id) do update set name = excluded.name;
insert into public.lessons (id,module_id,title,description,explanation,example,order_index,xp_bonus,is_active) values ('00000000-0000-4000-8000-0000000007e5','00000000-0000-4000-8000-0000000003ea','Multiplicação por 1 algarismo','Treino guiado com dica e feedback imediato.','Resolva uma parte por vez e confira seu raciocínio.','Exemplo resolvido aparece antes da prática.',2,20,true) on conflict (id) do update set title = excluded.title;
insert into public.exercises (id,lesson_id,skill_id,type,question,correct_answer,explanation,hint,difficulty,school_year,tags,order_index,is_active) values ('00000000-0000-4000-8000-0000000017d5','00000000-0000-4000-8000-0000000007e5','00000000-0000-4000-8000-000000000bcd','multiple_choice','50 x 3','150','50 x 3 = 150.','Multiplicar é somar grupos iguais.',1,7,array['multiplicação','multiplicação por 1 algarismo'],1,true) on conflict (id) do update set question = excluded.question, correct_answer = excluded.correct_answer;
insert into public.exercise_options (id,exercise_id,option_text,is_correct,order_index) values ('00000000-0000-4000-8000-00000000401a','00000000-0000-4000-8000-0000000017d5','148',false,1) on conflict (id) do update set option_text = excluded.option_text, is_correct = excluded.is_correct;
insert into public.exercise_options (id,exercise_id,option_text,is_correct,order_index) values ('00000000-0000-4000-8000-00000000401b','00000000-0000-4000-8000-0000000017d5','150',true,2) on conflict (id) do update set option_text = excluded.option_text, is_correct = excluded.is_correct;
insert into public.exercise_options (id,exercise_id,option_text,is_correct,order_index) values ('00000000-0000-4000-8000-00000000401c','00000000-0000-4000-8000-0000000017d5','153',false,3) on conflict (id) do update set option_text = excluded.option_text, is_correct = excluded.is_correct;
insert into public.exercise_options (id,exercise_id,option_text,is_correct,order_index) values ('00000000-0000-4000-8000-00000000401d','00000000-0000-4000-8000-0000000017d5','157',false,4) on conflict (id) do update set option_text = excluded.option_text, is_correct = excluded.is_correct;
insert into public.exercises (id,lesson_id,skill_id,type,question,correct_answer,explanation,hint,difficulty,school_year,tags,order_index,is_active) values ('00000000-0000-4000-8000-0000000017d6','00000000-0000-4000-8000-0000000007e5','00000000-0000-4000-8000-000000000bcd','input','53 x 3','159','53 x 3 = 159.','Multiplicar é somar grupos iguais.',1,7,array['multiplicação','multiplicação por 1 algarismo'],2,true) on conflict (id) do update set question = excluded.question, correct_answer = excluded.correct_answer;
insert into public.exercises (id,lesson_id,skill_id,type,question,correct_answer,explanation,hint,difficulty,school_year,tags,order_index,is_active) values ('00000000-0000-4000-8000-0000000017d7','00000000-0000-4000-8000-0000000007e5','00000000-0000-4000-8000-000000000bcd','complete','56 x 3','168','56 x 3 = 168.','Multiplicar é somar grupos iguais.',1,7,array['multiplicação','multiplicação por 1 algarismo'],3,true) on conflict (id) do update set question = excluded.question, correct_answer = excluded.correct_answer;
insert into public.exercises (id,lesson_id,skill_id,type,question,correct_answer,explanation,hint,difficulty,school_year,tags,order_index,is_active) values ('00000000-0000-4000-8000-0000000017d8','00000000-0000-4000-8000-0000000007e5','00000000-0000-4000-8000-000000000bcd','true_false','59 x 3 é igual a 177.','true','59 x 3 = 177.','Multiplicar é somar grupos iguais.',1,7,array['multiplicação','multiplicação por 1 algarismo'],4,true) on conflict (id) do update set question = excluded.question, correct_answer = excluded.correct_answer;
insert into public.exercises (id,lesson_id,skill_id,type,question,correct_answer,explanation,hint,difficulty,school_year,tags,order_index,is_active) values ('00000000-0000-4000-8000-0000000017d9','00000000-0000-4000-8000-0000000007e5','00000000-0000-4000-8000-000000000bcd','word_problem','Uma caixa tem 62 lápis. Quantos lápis há em 3 caixas?','186','62 x 3 = 186.','Multiplicar é somar grupos iguais.',2,7,array['multiplicação','multiplicação por 1 algarismo'],5,true) on conflict (id) do update set question = excluded.question, correct_answer = excluded.correct_answer;
insert into public.exercises (id,lesson_id,skill_id,type,question,correct_answer,explanation,hint,difficulty,school_year,tags,order_index,is_active) values ('00000000-0000-4000-8000-0000000017da','00000000-0000-4000-8000-0000000007e5','00000000-0000-4000-8000-000000000bcd','complete','65 x 3','195','65 x 3 = 195.','Multiplicar é somar grupos iguais.',2,7,array['multiplicação','multiplicação por 1 algarismo'],6,true) on conflict (id) do update set question = excluded.question, correct_answer = excluded.correct_answer;
insert into public.exercises (id,lesson_id,skill_id,type,question,correct_answer,explanation,hint,difficulty,school_year,tags,order_index,is_active) values ('00000000-0000-4000-8000-0000000017db','00000000-0000-4000-8000-0000000007e5','00000000-0000-4000-8000-000000000bcd','multiple_choice','68 x 3','204','68 x 3 = 204.','Multiplicar é somar grupos iguais.',2,7,array['multiplicação','multiplicação por 1 algarismo'],7,true) on conflict (id) do update set question = excluded.question, correct_answer = excluded.correct_answer;
insert into public.exercise_options (id,exercise_id,option_text,is_correct,order_index) values ('00000000-0000-4000-8000-000000004056','00000000-0000-4000-8000-0000000017db','202',false,1) on conflict (id) do update set option_text = excluded.option_text, is_correct = excluded.is_correct;
insert into public.exercise_options (id,exercise_id,option_text,is_correct,order_index) values ('00000000-0000-4000-8000-000000004057','00000000-0000-4000-8000-0000000017db','204',true,2) on conflict (id) do update set option_text = excluded.option_text, is_correct = excluded.is_correct;
insert into public.exercise_options (id,exercise_id,option_text,is_correct,order_index) values ('00000000-0000-4000-8000-000000004058','00000000-0000-4000-8000-0000000017db','207',false,3) on conflict (id) do update set option_text = excluded.option_text, is_correct = excluded.is_correct;
insert into public.exercise_options (id,exercise_id,option_text,is_correct,order_index) values ('00000000-0000-4000-8000-000000004059','00000000-0000-4000-8000-0000000017db','211',false,4) on conflict (id) do update set option_text = excluded.option_text, is_correct = excluded.is_correct;
insert into public.exercises (id,lesson_id,skill_id,type,question,correct_answer,explanation,hint,difficulty,school_year,tags,order_index,is_active) values ('00000000-0000-4000-8000-0000000017dc','00000000-0000-4000-8000-0000000007e5','00000000-0000-4000-8000-000000000bcd','true_false','71 x 3 é igual a 213.','true','71 x 3 = 213.','Multiplicar é somar grupos iguais.',2,7,array['multiplicação','multiplicação por 1 algarismo'],8,true) on conflict (id) do update set question = excluded.question, correct_answer = excluded.correct_answer;
insert into public.exercises (id,lesson_id,skill_id,type,question,correct_answer,explanation,hint,difficulty,school_year,tags,order_index,is_active) values ('00000000-0000-4000-8000-0000000017dd','00000000-0000-4000-8000-0000000007e5','00000000-0000-4000-8000-000000000bcd','complete','74 x 3','222','74 x 3 = 222.','Multiplicar é somar grupos iguais.',2,7,array['multiplicação','multiplicação por 1 algarismo'],9,true) on conflict (id) do update set question = excluded.question, correct_answer = excluded.correct_answer;
insert into public.exercises (id,lesson_id,skill_id,type,question,correct_answer,explanation,hint,difficulty,school_year,tags,order_index,is_active) values ('00000000-0000-4000-8000-0000000017de','00000000-0000-4000-8000-0000000007e5','00000000-0000-4000-8000-000000000bcd','word_problem','Uma caixa tem 77 lápis. Quantos lápis há em 3 caixas?','231','77 x 3 = 231.','Multiplicar é somar grupos iguais.',3,7,array['multiplicação','multiplicação por 1 algarismo'],10,true) on conflict (id) do update set question = excluded.question, correct_answer = excluded.correct_answer;
insert into public.exercises (id,lesson_id,skill_id,type,question,correct_answer,explanation,hint,difficulty,school_year,tags,order_index,is_active) values ('00000000-0000-4000-8000-0000000017df','00000000-0000-4000-8000-0000000007e5','00000000-0000-4000-8000-000000000bcd','multiple_choice','80 x 3','240','80 x 3 = 240.','Multiplicar é somar grupos iguais.',3,7,array['multiplicação','multiplicação por 1 algarismo'],11,true) on conflict (id) do update set question = excluded.question, correct_answer = excluded.correct_answer;
insert into public.exercise_options (id,exercise_id,option_text,is_correct,order_index) values ('00000000-0000-4000-8000-00000000407e','00000000-0000-4000-8000-0000000017df','238',false,1) on conflict (id) do update set option_text = excluded.option_text, is_correct = excluded.is_correct;
insert into public.exercise_options (id,exercise_id,option_text,is_correct,order_index) values ('00000000-0000-4000-8000-00000000407f','00000000-0000-4000-8000-0000000017df','240',true,2) on conflict (id) do update set option_text = excluded.option_text, is_correct = excluded.is_correct;
insert into public.exercise_options (id,exercise_id,option_text,is_correct,order_index) values ('00000000-0000-4000-8000-000000004080','00000000-0000-4000-8000-0000000017df','243',false,3) on conflict (id) do update set option_text = excluded.option_text, is_correct = excluded.is_correct;
insert into public.exercise_options (id,exercise_id,option_text,is_correct,order_index) values ('00000000-0000-4000-8000-000000004081','00000000-0000-4000-8000-0000000017df','247',false,4) on conflict (id) do update set option_text = excluded.option_text, is_correct = excluded.is_correct;
insert into public.exercises (id,lesson_id,skill_id,type,question,correct_answer,explanation,hint,difficulty,school_year,tags,order_index,is_active) values ('00000000-0000-4000-8000-0000000017e0','00000000-0000-4000-8000-0000000007e5','00000000-0000-4000-8000-000000000bcd','true_false','83 x 3 é igual a 249.','true','83 x 3 = 249.','Multiplicar é somar grupos iguais.',3,7,array['multiplicação','multiplicação por 1 algarismo'],12,true) on conflict (id) do update set question = excluded.question, correct_answer = excluded.correct_answer;
insert into public.exercises (id,lesson_id,skill_id,type,question,correct_answer,explanation,hint,difficulty,school_year,tags,order_index,is_active) values ('00000000-0000-4000-8000-0000000017e1','00000000-0000-4000-8000-0000000007e5','00000000-0000-4000-8000-000000000bcd','multiple_choice','86 x 3','258','86 x 3 = 258.','Multiplicar é somar grupos iguais.',3,7,array['multiplicação','multiplicação por 1 algarismo'],13,true) on conflict (id) do update set question = excluded.question, correct_answer = excluded.correct_answer;
insert into public.exercise_options (id,exercise_id,option_text,is_correct,order_index) values ('00000000-0000-4000-8000-000000004092','00000000-0000-4000-8000-0000000017e1','256',false,1) on conflict (id) do update set option_text = excluded.option_text, is_correct = excluded.is_correct;
insert into public.exercise_options (id,exercise_id,option_text,is_correct,order_index) values ('00000000-0000-4000-8000-000000004093','00000000-0000-4000-8000-0000000017e1','258',true,2) on conflict (id) do update set option_text = excluded.option_text, is_correct = excluded.is_correct;
insert into public.exercise_options (id,exercise_id,option_text,is_correct,order_index) values ('00000000-0000-4000-8000-000000004094','00000000-0000-4000-8000-0000000017e1','261',false,3) on conflict (id) do update set option_text = excluded.option_text, is_correct = excluded.is_correct;
insert into public.exercise_options (id,exercise_id,option_text,is_correct,order_index) values ('00000000-0000-4000-8000-000000004095','00000000-0000-4000-8000-0000000017e1','265',false,4) on conflict (id) do update set option_text = excluded.option_text, is_correct = excluded.is_correct;
insert into public.exercises (id,lesson_id,skill_id,type,question,correct_answer,explanation,hint,difficulty,school_year,tags,order_index,is_active) values ('00000000-0000-4000-8000-0000000017e2','00000000-0000-4000-8000-0000000007e5','00000000-0000-4000-8000-000000000bcd','input','89 x 3','267','89 x 3 = 267.','Multiplicar é somar grupos iguais.',3,7,array['multiplicação','multiplicação por 1 algarismo'],14,true) on conflict (id) do update set question = excluded.question, correct_answer = excluded.correct_answer;
insert into public.exercises (id,lesson_id,skill_id,type,question,correct_answer,explanation,hint,difficulty,school_year,tags,order_index,is_active) values ('00000000-0000-4000-8000-0000000017e3','00000000-0000-4000-8000-0000000007e5','00000000-0000-4000-8000-000000000bcd','word_problem','Uma caixa tem 92 lápis. Quantos lápis há em 3 caixas?','276','92 x 3 = 276.','Multiplicar é somar grupos iguais.',4,7,array['multiplicação','multiplicação por 1 algarismo'],15,true) on conflict (id) do update set question = excluded.question, correct_answer = excluded.correct_answer;
insert into public.exercises (id,lesson_id,skill_id,type,question,correct_answer,explanation,hint,difficulty,school_year,tags,order_index,is_active) values ('00000000-0000-4000-8000-0000000017e4','00000000-0000-4000-8000-0000000007e5','00000000-0000-4000-8000-000000000bcd','true_false','95 x 3 é igual a 285.','true','95 x 3 = 285.','Multiplicar é somar grupos iguais.',4,7,array['multiplicação','multiplicação por 1 algarismo'],16,true) on conflict (id) do update set question = excluded.question, correct_answer = excluded.correct_answer;
insert into public.exercises (id,lesson_id,skill_id,type,question,correct_answer,explanation,hint,difficulty,school_year,tags,order_index,is_active) values ('00000000-0000-4000-8000-0000000017e5','00000000-0000-4000-8000-0000000007e5','00000000-0000-4000-8000-000000000bcd','multiple_choice','98 x 3','294','98 x 3 = 294.','Multiplicar é somar grupos iguais.',4,7,array['multiplicação','multiplicação por 1 algarismo'],17,true) on conflict (id) do update set question = excluded.question, correct_answer = excluded.correct_answer;
insert into public.exercise_options (id,exercise_id,option_text,is_correct,order_index) values ('00000000-0000-4000-8000-0000000040ba','00000000-0000-4000-8000-0000000017e5','292',false,1) on conflict (id) do update set option_text = excluded.option_text, is_correct = excluded.is_correct;
insert into public.exercise_options (id,exercise_id,option_text,is_correct,order_index) values ('00000000-0000-4000-8000-0000000040bb','00000000-0000-4000-8000-0000000017e5','294',true,2) on conflict (id) do update set option_text = excluded.option_text, is_correct = excluded.is_correct;
insert into public.exercise_options (id,exercise_id,option_text,is_correct,order_index) values ('00000000-0000-4000-8000-0000000040bc','00000000-0000-4000-8000-0000000017e5','297',false,3) on conflict (id) do update set option_text = excluded.option_text, is_correct = excluded.is_correct;
insert into public.exercise_options (id,exercise_id,option_text,is_correct,order_index) values ('00000000-0000-4000-8000-0000000040bd','00000000-0000-4000-8000-0000000017e5','301',false,4) on conflict (id) do update set option_text = excluded.option_text, is_correct = excluded.is_correct;
insert into public.exercises (id,lesson_id,skill_id,type,question,correct_answer,explanation,hint,difficulty,school_year,tags,order_index,is_active) values ('00000000-0000-4000-8000-0000000017e6','00000000-0000-4000-8000-0000000007e5','00000000-0000-4000-8000-000000000bcd','complete','101 x 3','303','101 x 3 = 303.','Multiplicar é somar grupos iguais.',4,7,array['multiplicação','multiplicação por 1 algarismo'],18,true) on conflict (id) do update set question = excluded.question, correct_answer = excluded.correct_answer;
insert into public.exercises (id,lesson_id,skill_id,type,question,correct_answer,explanation,hint,difficulty,school_year,tags,order_index,is_active) values ('00000000-0000-4000-8000-0000000017e7','00000000-0000-4000-8000-0000000007e5','00000000-0000-4000-8000-000000000bcd','multiple_choice','104 x 3','312','104 x 3 = 312.','Multiplicar é somar grupos iguais.',4,7,array['multiplicação','multiplicação por 1 algarismo'],19,true) on conflict (id) do update set question = excluded.question, correct_answer = excluded.correct_answer;
insert into public.exercise_options (id,exercise_id,option_text,is_correct,order_index) values ('00000000-0000-4000-8000-0000000040ce','00000000-0000-4000-8000-0000000017e7','310',false,1) on conflict (id) do update set option_text = excluded.option_text, is_correct = excluded.is_correct;
insert into public.exercise_options (id,exercise_id,option_text,is_correct,order_index) values ('00000000-0000-4000-8000-0000000040cf','00000000-0000-4000-8000-0000000017e7','312',true,2) on conflict (id) do update set option_text = excluded.option_text, is_correct = excluded.is_correct;
insert into public.exercise_options (id,exercise_id,option_text,is_correct,order_index) values ('00000000-0000-4000-8000-0000000040d0','00000000-0000-4000-8000-0000000017e7','315',false,3) on conflict (id) do update set option_text = excluded.option_text, is_correct = excluded.is_correct;
insert into public.exercise_options (id,exercise_id,option_text,is_correct,order_index) values ('00000000-0000-4000-8000-0000000040d1','00000000-0000-4000-8000-0000000017e7','319',false,4) on conflict (id) do update set option_text = excluded.option_text, is_correct = excluded.is_correct;
insert into public.exercises (id,lesson_id,skill_id,type,question,correct_answer,explanation,hint,difficulty,school_year,tags,order_index,is_active) values ('00000000-0000-4000-8000-0000000017e8','00000000-0000-4000-8000-0000000007e5','00000000-0000-4000-8000-000000000bcd','word_problem','Uma caixa tem 107 lápis. Quantos lápis há em 3 caixas?','321','107 x 3 = 321.','Multiplicar é somar grupos iguais.',5,7,array['multiplicação','multiplicação por 1 algarismo'],20,true) on conflict (id) do update set question = excluded.question, correct_answer = excluded.correct_answer;
insert into public.skills (id,name,description,school_year) values ('00000000-0000-4000-8000-000000000bce','Multiplicação por 2 algarismos','Habilidade: Multiplicação por 2 algarismos.',7) on conflict (id) do update set name = excluded.name;
insert into public.lessons (id,module_id,title,description,explanation,example,order_index,xp_bonus,is_active) values ('00000000-0000-4000-8000-0000000007e6','00000000-0000-4000-8000-0000000003ea','Multiplicação por 2 algarismos','Treino guiado com dica e feedback imediato.','Resolva uma parte por vez e confira seu raciocínio.','Exemplo resolvido aparece antes da prática.',3,20,true) on conflict (id) do update set title = excluded.title;
insert into public.exercises (id,lesson_id,skill_id,type,question,correct_answer,explanation,hint,difficulty,school_year,tags,order_index,is_active) values ('00000000-0000-4000-8000-000000001839','00000000-0000-4000-8000-0000000007e6','00000000-0000-4000-8000-000000000bce','multiple_choice','51 x 4','204','51 x 4 = 204.','Multiplicar é somar grupos iguais.',1,7,array['multiplicação','multiplicação por 2 algarismos'],1,true) on conflict (id) do update set question = excluded.question, correct_answer = excluded.correct_answer;
insert into public.exercise_options (id,exercise_id,option_text,is_correct,order_index) values ('00000000-0000-4000-8000-0000000041aa','00000000-0000-4000-8000-000000001839','202',false,1) on conflict (id) do update set option_text = excluded.option_text, is_correct = excluded.is_correct;
insert into public.exercise_options (id,exercise_id,option_text,is_correct,order_index) values ('00000000-0000-4000-8000-0000000041ab','00000000-0000-4000-8000-000000001839','204',true,2) on conflict (id) do update set option_text = excluded.option_text, is_correct = excluded.is_correct;
insert into public.exercise_options (id,exercise_id,option_text,is_correct,order_index) values ('00000000-0000-4000-8000-0000000041ac','00000000-0000-4000-8000-000000001839','207',false,3) on conflict (id) do update set option_text = excluded.option_text, is_correct = excluded.is_correct;
insert into public.exercise_options (id,exercise_id,option_text,is_correct,order_index) values ('00000000-0000-4000-8000-0000000041ad','00000000-0000-4000-8000-000000001839','211',false,4) on conflict (id) do update set option_text = excluded.option_text, is_correct = excluded.is_correct;
insert into public.exercises (id,lesson_id,skill_id,type,question,correct_answer,explanation,hint,difficulty,school_year,tags,order_index,is_active) values ('00000000-0000-4000-8000-00000000183a','00000000-0000-4000-8000-0000000007e6','00000000-0000-4000-8000-000000000bce','input','54 x 4','216','54 x 4 = 216.','Multiplicar é somar grupos iguais.',1,7,array['multiplicação','multiplicação por 2 algarismos'],2,true) on conflict (id) do update set question = excluded.question, correct_answer = excluded.correct_answer;
insert into public.exercises (id,lesson_id,skill_id,type,question,correct_answer,explanation,hint,difficulty,school_year,tags,order_index,is_active) values ('00000000-0000-4000-8000-00000000183b','00000000-0000-4000-8000-0000000007e6','00000000-0000-4000-8000-000000000bce','complete','57 x 4','228','57 x 4 = 228.','Multiplicar é somar grupos iguais.',1,7,array['multiplicação','multiplicação por 2 algarismos'],3,true) on conflict (id) do update set question = excluded.question, correct_answer = excluded.correct_answer;
insert into public.exercises (id,lesson_id,skill_id,type,question,correct_answer,explanation,hint,difficulty,school_year,tags,order_index,is_active) values ('00000000-0000-4000-8000-00000000183c','00000000-0000-4000-8000-0000000007e6','00000000-0000-4000-8000-000000000bce','true_false','60 x 4 é igual a 240.','true','60 x 4 = 240.','Multiplicar é somar grupos iguais.',1,7,array['multiplicação','multiplicação por 2 algarismos'],4,true) on conflict (id) do update set question = excluded.question, correct_answer = excluded.correct_answer;
insert into public.exercises (id,lesson_id,skill_id,type,question,correct_answer,explanation,hint,difficulty,school_year,tags,order_index,is_active) values ('00000000-0000-4000-8000-00000000183d','00000000-0000-4000-8000-0000000007e6','00000000-0000-4000-8000-000000000bce','word_problem','Uma caixa tem 63 lápis. Quantos lápis há em 4 caixas?','252','63 x 4 = 252.','Multiplicar é somar grupos iguais.',2,7,array['multiplicação','multiplicação por 2 algarismos'],5,true) on conflict (id) do update set question = excluded.question, correct_answer = excluded.correct_answer;
insert into public.exercises (id,lesson_id,skill_id,type,question,correct_answer,explanation,hint,difficulty,school_year,tags,order_index,is_active) values ('00000000-0000-4000-8000-00000000183e','00000000-0000-4000-8000-0000000007e6','00000000-0000-4000-8000-000000000bce','complete','66 x 4','264','66 x 4 = 264.','Multiplicar é somar grupos iguais.',2,7,array['multiplicação','multiplicação por 2 algarismos'],6,true) on conflict (id) do update set question = excluded.question, correct_answer = excluded.correct_answer;
insert into public.exercises (id,lesson_id,skill_id,type,question,correct_answer,explanation,hint,difficulty,school_year,tags,order_index,is_active) values ('00000000-0000-4000-8000-00000000183f','00000000-0000-4000-8000-0000000007e6','00000000-0000-4000-8000-000000000bce','multiple_choice','69 x 4','276','69 x 4 = 276.','Multiplicar é somar grupos iguais.',2,7,array['multiplicação','multiplicação por 2 algarismos'],7,true) on conflict (id) do update set question = excluded.question, correct_answer = excluded.correct_answer;
insert into public.exercise_options (id,exercise_id,option_text,is_correct,order_index) values ('00000000-0000-4000-8000-0000000041e6','00000000-0000-4000-8000-00000000183f','274',false,1) on conflict (id) do update set option_text = excluded.option_text, is_correct = excluded.is_correct;
insert into public.exercise_options (id,exercise_id,option_text,is_correct,order_index) values ('00000000-0000-4000-8000-0000000041e7','00000000-0000-4000-8000-00000000183f','276',true,2) on conflict (id) do update set option_text = excluded.option_text, is_correct = excluded.is_correct;
insert into public.exercise_options (id,exercise_id,option_text,is_correct,order_index) values ('00000000-0000-4000-8000-0000000041e8','00000000-0000-4000-8000-00000000183f','279',false,3) on conflict (id) do update set option_text = excluded.option_text, is_correct = excluded.is_correct;
insert into public.exercise_options (id,exercise_id,option_text,is_correct,order_index) values ('00000000-0000-4000-8000-0000000041e9','00000000-0000-4000-8000-00000000183f','283',false,4) on conflict (id) do update set option_text = excluded.option_text, is_correct = excluded.is_correct;
insert into public.exercises (id,lesson_id,skill_id,type,question,correct_answer,explanation,hint,difficulty,school_year,tags,order_index,is_active) values ('00000000-0000-4000-8000-000000001840','00000000-0000-4000-8000-0000000007e6','00000000-0000-4000-8000-000000000bce','true_false','72 x 4 é igual a 288.','true','72 x 4 = 288.','Multiplicar é somar grupos iguais.',2,7,array['multiplicação','multiplicação por 2 algarismos'],8,true) on conflict (id) do update set question = excluded.question, correct_answer = excluded.correct_answer;
insert into public.exercises (id,lesson_id,skill_id,type,question,correct_answer,explanation,hint,difficulty,school_year,tags,order_index,is_active) values ('00000000-0000-4000-8000-000000001841','00000000-0000-4000-8000-0000000007e6','00000000-0000-4000-8000-000000000bce','complete','75 x 4','300','75 x 4 = 300.','Multiplicar é somar grupos iguais.',2,7,array['multiplicação','multiplicação por 2 algarismos'],9,true) on conflict (id) do update set question = excluded.question, correct_answer = excluded.correct_answer;
insert into public.exercises (id,lesson_id,skill_id,type,question,correct_answer,explanation,hint,difficulty,school_year,tags,order_index,is_active) values ('00000000-0000-4000-8000-000000001842','00000000-0000-4000-8000-0000000007e6','00000000-0000-4000-8000-000000000bce','word_problem','Uma caixa tem 78 lápis. Quantos lápis há em 4 caixas?','312','78 x 4 = 312.','Multiplicar é somar grupos iguais.',3,7,array['multiplicação','multiplicação por 2 algarismos'],10,true) on conflict (id) do update set question = excluded.question, correct_answer = excluded.correct_answer;
insert into public.exercises (id,lesson_id,skill_id,type,question,correct_answer,explanation,hint,difficulty,school_year,tags,order_index,is_active) values ('00000000-0000-4000-8000-000000001843','00000000-0000-4000-8000-0000000007e6','00000000-0000-4000-8000-000000000bce','multiple_choice','81 x 4','324','81 x 4 = 324.','Multiplicar é somar grupos iguais.',3,7,array['multiplicação','multiplicação por 2 algarismos'],11,true) on conflict (id) do update set question = excluded.question, correct_answer = excluded.correct_answer;
insert into public.exercise_options (id,exercise_id,option_text,is_correct,order_index) values ('00000000-0000-4000-8000-00000000420e','00000000-0000-4000-8000-000000001843','322',false,1) on conflict (id) do update set option_text = excluded.option_text, is_correct = excluded.is_correct;
insert into public.exercise_options (id,exercise_id,option_text,is_correct,order_index) values ('00000000-0000-4000-8000-00000000420f','00000000-0000-4000-8000-000000001843','324',true,2) on conflict (id) do update set option_text = excluded.option_text, is_correct = excluded.is_correct;
insert into public.exercise_options (id,exercise_id,option_text,is_correct,order_index) values ('00000000-0000-4000-8000-000000004210','00000000-0000-4000-8000-000000001843','327',false,3) on conflict (id) do update set option_text = excluded.option_text, is_correct = excluded.is_correct;
insert into public.exercise_options (id,exercise_id,option_text,is_correct,order_index) values ('00000000-0000-4000-8000-000000004211','00000000-0000-4000-8000-000000001843','331',false,4) on conflict (id) do update set option_text = excluded.option_text, is_correct = excluded.is_correct;
insert into public.exercises (id,lesson_id,skill_id,type,question,correct_answer,explanation,hint,difficulty,school_year,tags,order_index,is_active) values ('00000000-0000-4000-8000-000000001844','00000000-0000-4000-8000-0000000007e6','00000000-0000-4000-8000-000000000bce','true_false','84 x 4 é igual a 336.','true','84 x 4 = 336.','Multiplicar é somar grupos iguais.',3,7,array['multiplicação','multiplicação por 2 algarismos'],12,true) on conflict (id) do update set question = excluded.question, correct_answer = excluded.correct_answer;
insert into public.exercises (id,lesson_id,skill_id,type,question,correct_answer,explanation,hint,difficulty,school_year,tags,order_index,is_active) values ('00000000-0000-4000-8000-000000001845','00000000-0000-4000-8000-0000000007e6','00000000-0000-4000-8000-000000000bce','multiple_choice','87 x 4','348','87 x 4 = 348.','Multiplicar é somar grupos iguais.',3,7,array['multiplicação','multiplicação por 2 algarismos'],13,true) on conflict (id) do update set question = excluded.question, correct_answer = excluded.correct_answer;
insert into public.exercise_options (id,exercise_id,option_text,is_correct,order_index) values ('00000000-0000-4000-8000-000000004222','00000000-0000-4000-8000-000000001845','346',false,1) on conflict (id) do update set option_text = excluded.option_text, is_correct = excluded.is_correct;
insert into public.exercise_options (id,exercise_id,option_text,is_correct,order_index) values ('00000000-0000-4000-8000-000000004223','00000000-0000-4000-8000-000000001845','348',true,2) on conflict (id) do update set option_text = excluded.option_text, is_correct = excluded.is_correct;
insert into public.exercise_options (id,exercise_id,option_text,is_correct,order_index) values ('00000000-0000-4000-8000-000000004224','00000000-0000-4000-8000-000000001845','351',false,3) on conflict (id) do update set option_text = excluded.option_text, is_correct = excluded.is_correct;
insert into public.exercise_options (id,exercise_id,option_text,is_correct,order_index) values ('00000000-0000-4000-8000-000000004225','00000000-0000-4000-8000-000000001845','355',false,4) on conflict (id) do update set option_text = excluded.option_text, is_correct = excluded.is_correct;
insert into public.exercises (id,lesson_id,skill_id,type,question,correct_answer,explanation,hint,difficulty,school_year,tags,order_index,is_active) values ('00000000-0000-4000-8000-000000001846','00000000-0000-4000-8000-0000000007e6','00000000-0000-4000-8000-000000000bce','input','90 x 4','360','90 x 4 = 360.','Multiplicar é somar grupos iguais.',3,7,array['multiplicação','multiplicação por 2 algarismos'],14,true) on conflict (id) do update set question = excluded.question, correct_answer = excluded.correct_answer;
insert into public.exercises (id,lesson_id,skill_id,type,question,correct_answer,explanation,hint,difficulty,school_year,tags,order_index,is_active) values ('00000000-0000-4000-8000-000000001847','00000000-0000-4000-8000-0000000007e6','00000000-0000-4000-8000-000000000bce','word_problem','Uma caixa tem 93 lápis. Quantos lápis há em 4 caixas?','372','93 x 4 = 372.','Multiplicar é somar grupos iguais.',4,7,array['multiplicação','multiplicação por 2 algarismos'],15,true) on conflict (id) do update set question = excluded.question, correct_answer = excluded.correct_answer;
insert into public.exercises (id,lesson_id,skill_id,type,question,correct_answer,explanation,hint,difficulty,school_year,tags,order_index,is_active) values ('00000000-0000-4000-8000-000000001848','00000000-0000-4000-8000-0000000007e6','00000000-0000-4000-8000-000000000bce','true_false','96 x 4 é igual a 384.','true','96 x 4 = 384.','Multiplicar é somar grupos iguais.',4,7,array['multiplicação','multiplicação por 2 algarismos'],16,true) on conflict (id) do update set question = excluded.question, correct_answer = excluded.correct_answer;
insert into public.exercises (id,lesson_id,skill_id,type,question,correct_answer,explanation,hint,difficulty,school_year,tags,order_index,is_active) values ('00000000-0000-4000-8000-000000001849','00000000-0000-4000-8000-0000000007e6','00000000-0000-4000-8000-000000000bce','multiple_choice','99 x 4','396','99 x 4 = 396.','Multiplicar é somar grupos iguais.',4,7,array['multiplicação','multiplicação por 2 algarismos'],17,true) on conflict (id) do update set question = excluded.question, correct_answer = excluded.correct_answer;
insert into public.exercise_options (id,exercise_id,option_text,is_correct,order_index) values ('00000000-0000-4000-8000-00000000424a','00000000-0000-4000-8000-000000001849','394',false,1) on conflict (id) do update set option_text = excluded.option_text, is_correct = excluded.is_correct;
insert into public.exercise_options (id,exercise_id,option_text,is_correct,order_index) values ('00000000-0000-4000-8000-00000000424b','00000000-0000-4000-8000-000000001849','396',true,2) on conflict (id) do update set option_text = excluded.option_text, is_correct = excluded.is_correct;
insert into public.exercise_options (id,exercise_id,option_text,is_correct,order_index) values ('00000000-0000-4000-8000-00000000424c','00000000-0000-4000-8000-000000001849','399',false,3) on conflict (id) do update set option_text = excluded.option_text, is_correct = excluded.is_correct;
insert into public.exercise_options (id,exercise_id,option_text,is_correct,order_index) values ('00000000-0000-4000-8000-00000000424d','00000000-0000-4000-8000-000000001849','403',false,4) on conflict (id) do update set option_text = excluded.option_text, is_correct = excluded.is_correct;
insert into public.exercises (id,lesson_id,skill_id,type,question,correct_answer,explanation,hint,difficulty,school_year,tags,order_index,is_active) values ('00000000-0000-4000-8000-00000000184a','00000000-0000-4000-8000-0000000007e6','00000000-0000-4000-8000-000000000bce','complete','102 x 4','408','102 x 4 = 408.','Multiplicar é somar grupos iguais.',4,7,array['multiplicação','multiplicação por 2 algarismos'],18,true) on conflict (id) do update set question = excluded.question, correct_answer = excluded.correct_answer;
insert into public.exercises (id,lesson_id,skill_id,type,question,correct_answer,explanation,hint,difficulty,school_year,tags,order_index,is_active) values ('00000000-0000-4000-8000-00000000184b','00000000-0000-4000-8000-0000000007e6','00000000-0000-4000-8000-000000000bce','multiple_choice','105 x 4','420','105 x 4 = 420.','Multiplicar é somar grupos iguais.',4,7,array['multiplicação','multiplicação por 2 algarismos'],19,true) on conflict (id) do update set question = excluded.question, correct_answer = excluded.correct_answer;
insert into public.exercise_options (id,exercise_id,option_text,is_correct,order_index) values ('00000000-0000-4000-8000-00000000425e','00000000-0000-4000-8000-00000000184b','418',false,1) on conflict (id) do update set option_text = excluded.option_text, is_correct = excluded.is_correct;
insert into public.exercise_options (id,exercise_id,option_text,is_correct,order_index) values ('00000000-0000-4000-8000-00000000425f','00000000-0000-4000-8000-00000000184b','420',true,2) on conflict (id) do update set option_text = excluded.option_text, is_correct = excluded.is_correct;
insert into public.exercise_options (id,exercise_id,option_text,is_correct,order_index) values ('00000000-0000-4000-8000-000000004260','00000000-0000-4000-8000-00000000184b','423',false,3) on conflict (id) do update set option_text = excluded.option_text, is_correct = excluded.is_correct;
insert into public.exercise_options (id,exercise_id,option_text,is_correct,order_index) values ('00000000-0000-4000-8000-000000004261','00000000-0000-4000-8000-00000000184b','427',false,4) on conflict (id) do update set option_text = excluded.option_text, is_correct = excluded.is_correct;
insert into public.exercises (id,lesson_id,skill_id,type,question,correct_answer,explanation,hint,difficulty,school_year,tags,order_index,is_active) values ('00000000-0000-4000-8000-00000000184c','00000000-0000-4000-8000-0000000007e6','00000000-0000-4000-8000-000000000bce','word_problem','Uma caixa tem 108 lápis. Quantos lápis há em 4 caixas?','432','108 x 4 = 432.','Multiplicar é somar grupos iguais.',5,7,array['multiplicação','multiplicação por 2 algarismos'],20,true) on conflict (id) do update set question = excluded.question, correct_answer = excluded.correct_answer;
insert into public.skills (id,name,description,school_year) values ('00000000-0000-4000-8000-000000000bcf','Problemas de multiplicação','Habilidade: Problemas de multiplicação.',7) on conflict (id) do update set name = excluded.name;
insert into public.lessons (id,module_id,title,description,explanation,example,order_index,xp_bonus,is_active) values ('00000000-0000-4000-8000-0000000007e7','00000000-0000-4000-8000-0000000003ea','Problemas de multiplicação','Treino guiado com dica e feedback imediato.','Resolva uma parte por vez e confira seu raciocínio.','Exemplo resolvido aparece antes da prática.',4,20,true) on conflict (id) do update set title = excluded.title;
insert into public.exercises (id,lesson_id,skill_id,type,question,correct_answer,explanation,hint,difficulty,school_year,tags,order_index,is_active) values ('00000000-0000-4000-8000-00000000189d','00000000-0000-4000-8000-0000000007e7','00000000-0000-4000-8000-000000000bcf','multiple_choice','52 x 5','260','52 x 5 = 260.','Multiplicar é somar grupos iguais.',1,7,array['multiplicação','problemas de multiplicação'],1,true) on conflict (id) do update set question = excluded.question, correct_answer = excluded.correct_answer;
insert into public.exercise_options (id,exercise_id,option_text,is_correct,order_index) values ('00000000-0000-4000-8000-00000000433a','00000000-0000-4000-8000-00000000189d','258',false,1) on conflict (id) do update set option_text = excluded.option_text, is_correct = excluded.is_correct;
insert into public.exercise_options (id,exercise_id,option_text,is_correct,order_index) values ('00000000-0000-4000-8000-00000000433b','00000000-0000-4000-8000-00000000189d','260',true,2) on conflict (id) do update set option_text = excluded.option_text, is_correct = excluded.is_correct;
insert into public.exercise_options (id,exercise_id,option_text,is_correct,order_index) values ('00000000-0000-4000-8000-00000000433c','00000000-0000-4000-8000-00000000189d','263',false,3) on conflict (id) do update set option_text = excluded.option_text, is_correct = excluded.is_correct;
insert into public.exercise_options (id,exercise_id,option_text,is_correct,order_index) values ('00000000-0000-4000-8000-00000000433d','00000000-0000-4000-8000-00000000189d','267',false,4) on conflict (id) do update set option_text = excluded.option_text, is_correct = excluded.is_correct;
insert into public.exercises (id,lesson_id,skill_id,type,question,correct_answer,explanation,hint,difficulty,school_year,tags,order_index,is_active) values ('00000000-0000-4000-8000-00000000189e','00000000-0000-4000-8000-0000000007e7','00000000-0000-4000-8000-000000000bcf','input','55 x 5','275','55 x 5 = 275.','Multiplicar é somar grupos iguais.',1,7,array['multiplicação','problemas de multiplicação'],2,true) on conflict (id) do update set question = excluded.question, correct_answer = excluded.correct_answer;
insert into public.exercises (id,lesson_id,skill_id,type,question,correct_answer,explanation,hint,difficulty,school_year,tags,order_index,is_active) values ('00000000-0000-4000-8000-00000000189f','00000000-0000-4000-8000-0000000007e7','00000000-0000-4000-8000-000000000bcf','complete','58 x 5','290','58 x 5 = 290.','Multiplicar é somar grupos iguais.',1,7,array['multiplicação','problemas de multiplicação'],3,true) on conflict (id) do update set question = excluded.question, correct_answer = excluded.correct_answer;
insert into public.exercises (id,lesson_id,skill_id,type,question,correct_answer,explanation,hint,difficulty,school_year,tags,order_index,is_active) values ('00000000-0000-4000-8000-0000000018a0','00000000-0000-4000-8000-0000000007e7','00000000-0000-4000-8000-000000000bcf','true_false','61 x 5 é igual a 305.','true','61 x 5 = 305.','Multiplicar é somar grupos iguais.',1,7,array['multiplicação','problemas de multiplicação'],4,true) on conflict (id) do update set question = excluded.question, correct_answer = excluded.correct_answer;
insert into public.exercises (id,lesson_id,skill_id,type,question,correct_answer,explanation,hint,difficulty,school_year,tags,order_index,is_active) values ('00000000-0000-4000-8000-0000000018a1','00000000-0000-4000-8000-0000000007e7','00000000-0000-4000-8000-000000000bcf','word_problem','Uma caixa tem 64 lápis. Quantos lápis há em 5 caixas?','320','64 x 5 = 320.','Multiplicar é somar grupos iguais.',2,7,array['multiplicação','problemas de multiplicação'],5,true) on conflict (id) do update set question = excluded.question, correct_answer = excluded.correct_answer;
insert into public.exercises (id,lesson_id,skill_id,type,question,correct_answer,explanation,hint,difficulty,school_year,tags,order_index,is_active) values ('00000000-0000-4000-8000-0000000018a2','00000000-0000-4000-8000-0000000007e7','00000000-0000-4000-8000-000000000bcf','complete','67 x 5','335','67 x 5 = 335.','Multiplicar é somar grupos iguais.',2,7,array['multiplicação','problemas de multiplicação'],6,true) on conflict (id) do update set question = excluded.question, correct_answer = excluded.correct_answer;
insert into public.exercises (id,lesson_id,skill_id,type,question,correct_answer,explanation,hint,difficulty,school_year,tags,order_index,is_active) values ('00000000-0000-4000-8000-0000000018a3','00000000-0000-4000-8000-0000000007e7','00000000-0000-4000-8000-000000000bcf','multiple_choice','70 x 5','350','70 x 5 = 350.','Multiplicar é somar grupos iguais.',2,7,array['multiplicação','problemas de multiplicação'],7,true) on conflict (id) do update set question = excluded.question, correct_answer = excluded.correct_answer;
insert into public.exercise_options (id,exercise_id,option_text,is_correct,order_index) values ('00000000-0000-4000-8000-000000004376','00000000-0000-4000-8000-0000000018a3','348',false,1) on conflict (id) do update set option_text = excluded.option_text, is_correct = excluded.is_correct;
insert into public.exercise_options (id,exercise_id,option_text,is_correct,order_index) values ('00000000-0000-4000-8000-000000004377','00000000-0000-4000-8000-0000000018a3','350',true,2) on conflict (id) do update set option_text = excluded.option_text, is_correct = excluded.is_correct;
insert into public.exercise_options (id,exercise_id,option_text,is_correct,order_index) values ('00000000-0000-4000-8000-000000004378','00000000-0000-4000-8000-0000000018a3','353',false,3) on conflict (id) do update set option_text = excluded.option_text, is_correct = excluded.is_correct;
insert into public.exercise_options (id,exercise_id,option_text,is_correct,order_index) values ('00000000-0000-4000-8000-000000004379','00000000-0000-4000-8000-0000000018a3','357',false,4) on conflict (id) do update set option_text = excluded.option_text, is_correct = excluded.is_correct;
insert into public.exercises (id,lesson_id,skill_id,type,question,correct_answer,explanation,hint,difficulty,school_year,tags,order_index,is_active) values ('00000000-0000-4000-8000-0000000018a4','00000000-0000-4000-8000-0000000007e7','00000000-0000-4000-8000-000000000bcf','true_false','73 x 5 é igual a 365.','true','73 x 5 = 365.','Multiplicar é somar grupos iguais.',2,7,array['multiplicação','problemas de multiplicação'],8,true) on conflict (id) do update set question = excluded.question, correct_answer = excluded.correct_answer;
insert into public.exercises (id,lesson_id,skill_id,type,question,correct_answer,explanation,hint,difficulty,school_year,tags,order_index,is_active) values ('00000000-0000-4000-8000-0000000018a5','00000000-0000-4000-8000-0000000007e7','00000000-0000-4000-8000-000000000bcf','complete','76 x 5','380','76 x 5 = 380.','Multiplicar é somar grupos iguais.',2,7,array['multiplicação','problemas de multiplicação'],9,true) on conflict (id) do update set question = excluded.question, correct_answer = excluded.correct_answer;
insert into public.exercises (id,lesson_id,skill_id,type,question,correct_answer,explanation,hint,difficulty,school_year,tags,order_index,is_active) values ('00000000-0000-4000-8000-0000000018a6','00000000-0000-4000-8000-0000000007e7','00000000-0000-4000-8000-000000000bcf','word_problem','Uma caixa tem 79 lápis. Quantos lápis há em 5 caixas?','395','79 x 5 = 395.','Multiplicar é somar grupos iguais.',3,7,array['multiplicação','problemas de multiplicação'],10,true) on conflict (id) do update set question = excluded.question, correct_answer = excluded.correct_answer;
insert into public.exercises (id,lesson_id,skill_id,type,question,correct_answer,explanation,hint,difficulty,school_year,tags,order_index,is_active) values ('00000000-0000-4000-8000-0000000018a7','00000000-0000-4000-8000-0000000007e7','00000000-0000-4000-8000-000000000bcf','multiple_choice','82 x 5','410','82 x 5 = 410.','Multiplicar é somar grupos iguais.',3,7,array['multiplicação','problemas de multiplicação'],11,true) on conflict (id) do update set question = excluded.question, correct_answer = excluded.correct_answer;
insert into public.exercise_options (id,exercise_id,option_text,is_correct,order_index) values ('00000000-0000-4000-8000-00000000439e','00000000-0000-4000-8000-0000000018a7','408',false,1) on conflict (id) do update set option_text = excluded.option_text, is_correct = excluded.is_correct;
insert into public.exercise_options (id,exercise_id,option_text,is_correct,order_index) values ('00000000-0000-4000-8000-00000000439f','00000000-0000-4000-8000-0000000018a7','410',true,2) on conflict (id) do update set option_text = excluded.option_text, is_correct = excluded.is_correct;
insert into public.exercise_options (id,exercise_id,option_text,is_correct,order_index) values ('00000000-0000-4000-8000-0000000043a0','00000000-0000-4000-8000-0000000018a7','413',false,3) on conflict (id) do update set option_text = excluded.option_text, is_correct = excluded.is_correct;
insert into public.exercise_options (id,exercise_id,option_text,is_correct,order_index) values ('00000000-0000-4000-8000-0000000043a1','00000000-0000-4000-8000-0000000018a7','417',false,4) on conflict (id) do update set option_text = excluded.option_text, is_correct = excluded.is_correct;
insert into public.exercises (id,lesson_id,skill_id,type,question,correct_answer,explanation,hint,difficulty,school_year,tags,order_index,is_active) values ('00000000-0000-4000-8000-0000000018a8','00000000-0000-4000-8000-0000000007e7','00000000-0000-4000-8000-000000000bcf','true_false','85 x 5 é igual a 425.','true','85 x 5 = 425.','Multiplicar é somar grupos iguais.',3,7,array['multiplicação','problemas de multiplicação'],12,true) on conflict (id) do update set question = excluded.question, correct_answer = excluded.correct_answer;
insert into public.exercises (id,lesson_id,skill_id,type,question,correct_answer,explanation,hint,difficulty,school_year,tags,order_index,is_active) values ('00000000-0000-4000-8000-0000000018a9','00000000-0000-4000-8000-0000000007e7','00000000-0000-4000-8000-000000000bcf','multiple_choice','88 x 5','440','88 x 5 = 440.','Multiplicar é somar grupos iguais.',3,7,array['multiplicação','problemas de multiplicação'],13,true) on conflict (id) do update set question = excluded.question, correct_answer = excluded.correct_answer;
insert into public.exercise_options (id,exercise_id,option_text,is_correct,order_index) values ('00000000-0000-4000-8000-0000000043b2','00000000-0000-4000-8000-0000000018a9','438',false,1) on conflict (id) do update set option_text = excluded.option_text, is_correct = excluded.is_correct;
insert into public.exercise_options (id,exercise_id,option_text,is_correct,order_index) values ('00000000-0000-4000-8000-0000000043b3','00000000-0000-4000-8000-0000000018a9','440',true,2) on conflict (id) do update set option_text = excluded.option_text, is_correct = excluded.is_correct;
insert into public.exercise_options (id,exercise_id,option_text,is_correct,order_index) values ('00000000-0000-4000-8000-0000000043b4','00000000-0000-4000-8000-0000000018a9','443',false,3) on conflict (id) do update set option_text = excluded.option_text, is_correct = excluded.is_correct;
insert into public.exercise_options (id,exercise_id,option_text,is_correct,order_index) values ('00000000-0000-4000-8000-0000000043b5','00000000-0000-4000-8000-0000000018a9','447',false,4) on conflict (id) do update set option_text = excluded.option_text, is_correct = excluded.is_correct;
insert into public.exercises (id,lesson_id,skill_id,type,question,correct_answer,explanation,hint,difficulty,school_year,tags,order_index,is_active) values ('00000000-0000-4000-8000-0000000018aa','00000000-0000-4000-8000-0000000007e7','00000000-0000-4000-8000-000000000bcf','input','91 x 5','455','91 x 5 = 455.','Multiplicar é somar grupos iguais.',3,7,array['multiplicação','problemas de multiplicação'],14,true) on conflict (id) do update set question = excluded.question, correct_answer = excluded.correct_answer;
insert into public.exercises (id,lesson_id,skill_id,type,question,correct_answer,explanation,hint,difficulty,school_year,tags,order_index,is_active) values ('00000000-0000-4000-8000-0000000018ab','00000000-0000-4000-8000-0000000007e7','00000000-0000-4000-8000-000000000bcf','word_problem','Uma caixa tem 94 lápis. Quantos lápis há em 5 caixas?','470','94 x 5 = 470.','Multiplicar é somar grupos iguais.',4,7,array['multiplicação','problemas de multiplicação'],15,true) on conflict (id) do update set question = excluded.question, correct_answer = excluded.correct_answer;
insert into public.exercises (id,lesson_id,skill_id,type,question,correct_answer,explanation,hint,difficulty,school_year,tags,order_index,is_active) values ('00000000-0000-4000-8000-0000000018ac','00000000-0000-4000-8000-0000000007e7','00000000-0000-4000-8000-000000000bcf','true_false','97 x 5 é igual a 485.','true','97 x 5 = 485.','Multiplicar é somar grupos iguais.',4,7,array['multiplicação','problemas de multiplicação'],16,true) on conflict (id) do update set question = excluded.question, correct_answer = excluded.correct_answer;
insert into public.exercises (id,lesson_id,skill_id,type,question,correct_answer,explanation,hint,difficulty,school_year,tags,order_index,is_active) values ('00000000-0000-4000-8000-0000000018ad','00000000-0000-4000-8000-0000000007e7','00000000-0000-4000-8000-000000000bcf','multiple_choice','100 x 5','500','100 x 5 = 500.','Multiplicar é somar grupos iguais.',4,7,array['multiplicação','problemas de multiplicação'],17,true) on conflict (id) do update set question = excluded.question, correct_answer = excluded.correct_answer;
insert into public.exercise_options (id,exercise_id,option_text,is_correct,order_index) values ('00000000-0000-4000-8000-0000000043da','00000000-0000-4000-8000-0000000018ad','498',false,1) on conflict (id) do update set option_text = excluded.option_text, is_correct = excluded.is_correct;
insert into public.exercise_options (id,exercise_id,option_text,is_correct,order_index) values ('00000000-0000-4000-8000-0000000043db','00000000-0000-4000-8000-0000000018ad','500',true,2) on conflict (id) do update set option_text = excluded.option_text, is_correct = excluded.is_correct;
insert into public.exercise_options (id,exercise_id,option_text,is_correct,order_index) values ('00000000-0000-4000-8000-0000000043dc','00000000-0000-4000-8000-0000000018ad','503',false,3) on conflict (id) do update set option_text = excluded.option_text, is_correct = excluded.is_correct;
insert into public.exercise_options (id,exercise_id,option_text,is_correct,order_index) values ('00000000-0000-4000-8000-0000000043dd','00000000-0000-4000-8000-0000000018ad','507',false,4) on conflict (id) do update set option_text = excluded.option_text, is_correct = excluded.is_correct;
insert into public.exercises (id,lesson_id,skill_id,type,question,correct_answer,explanation,hint,difficulty,school_year,tags,order_index,is_active) values ('00000000-0000-4000-8000-0000000018ae','00000000-0000-4000-8000-0000000007e7','00000000-0000-4000-8000-000000000bcf','complete','103 x 5','515','103 x 5 = 515.','Multiplicar é somar grupos iguais.',4,7,array['multiplicação','problemas de multiplicação'],18,true) on conflict (id) do update set question = excluded.question, correct_answer = excluded.correct_answer;
insert into public.exercises (id,lesson_id,skill_id,type,question,correct_answer,explanation,hint,difficulty,school_year,tags,order_index,is_active) values ('00000000-0000-4000-8000-0000000018af','00000000-0000-4000-8000-0000000007e7','00000000-0000-4000-8000-000000000bcf','multiple_choice','106 x 5','530','106 x 5 = 530.','Multiplicar é somar grupos iguais.',4,7,array['multiplicação','problemas de multiplicação'],19,true) on conflict (id) do update set question = excluded.question, correct_answer = excluded.correct_answer;
insert into public.exercise_options (id,exercise_id,option_text,is_correct,order_index) values ('00000000-0000-4000-8000-0000000043ee','00000000-0000-4000-8000-0000000018af','528',false,1) on conflict (id) do update set option_text = excluded.option_text, is_correct = excluded.is_correct;
insert into public.exercise_options (id,exercise_id,option_text,is_correct,order_index) values ('00000000-0000-4000-8000-0000000043ef','00000000-0000-4000-8000-0000000018af','530',true,2) on conflict (id) do update set option_text = excluded.option_text, is_correct = excluded.is_correct;
insert into public.exercise_options (id,exercise_id,option_text,is_correct,order_index) values ('00000000-0000-4000-8000-0000000043f0','00000000-0000-4000-8000-0000000018af','533',false,3) on conflict (id) do update set option_text = excluded.option_text, is_correct = excluded.is_correct;
insert into public.exercise_options (id,exercise_id,option_text,is_correct,order_index) values ('00000000-0000-4000-8000-0000000043f1','00000000-0000-4000-8000-0000000018af','537',false,4) on conflict (id) do update set option_text = excluded.option_text, is_correct = excluded.is_correct;
insert into public.exercises (id,lesson_id,skill_id,type,question,correct_answer,explanation,hint,difficulty,school_year,tags,order_index,is_active) values ('00000000-0000-4000-8000-0000000018b0','00000000-0000-4000-8000-0000000007e7','00000000-0000-4000-8000-000000000bcf','word_problem','Uma caixa tem 109 lápis. Quantos lápis há em 5 caixas?','545','109 x 5 = 545.','Multiplicar é somar grupos iguais.',5,7,array['multiplicação','problemas de multiplicação'],20,true) on conflict (id) do update set question = excluded.question, correct_answer = excluded.correct_answer;
insert into public.modules (id,title,description,order_index,icon,color,required_xp,is_active) values ('00000000-0000-4000-8000-0000000003eb','Divisão','Módulo de divisão para o 7º ano.',4,'Divide','rose',240,true) on conflict (id) do update set title = excluded.title;
insert into public.skills (id,name,description,school_year) values ('00000000-0000-4000-8000-000000000bd6','Divisão exata','Habilidade: Divisão exata.',7) on conflict (id) do update set name = excluded.name;
insert into public.lessons (id,module_id,title,description,explanation,example,order_index,xp_bonus,is_active) values ('00000000-0000-4000-8000-0000000007ee','00000000-0000-4000-8000-0000000003eb','Divisão exata','Treino guiado com dica e feedback imediato.','Resolva uma parte por vez e confira seu raciocínio.','Exemplo resolvido aparece antes da prática.',1,20,true) on conflict (id) do update set title = excluded.title;
insert into public.exercises (id,lesson_id,skill_id,type,question,correct_answer,explanation,hint,difficulty,school_year,tags,order_index,is_active) values ('00000000-0000-4000-8000-000000001b59','00000000-0000-4000-8000-0000000007ee','00000000-0000-4000-8000-000000000bd6','multiple_choice','14 ÷ 2','7','14 ÷ 2 = 7.','Procure o número que multiplicado pelo divisor chega ao dividendo.',1,7,array['divisão','divisão exata'],1,true) on conflict (id) do update set question = excluded.question, correct_answer = excluded.correct_answer;
insert into public.exercise_options (id,exercise_id,option_text,is_correct,order_index) values ('00000000-0000-4000-8000-000000004e2a','00000000-0000-4000-8000-000000001b59','5',false,1) on conflict (id) do update set option_text = excluded.option_text, is_correct = excluded.is_correct;
insert into public.exercise_options (id,exercise_id,option_text,is_correct,order_index) values ('00000000-0000-4000-8000-000000004e2b','00000000-0000-4000-8000-000000001b59','7',true,2) on conflict (id) do update set option_text = excluded.option_text, is_correct = excluded.is_correct;
insert into public.exercise_options (id,exercise_id,option_text,is_correct,order_index) values ('00000000-0000-4000-8000-000000004e2c','00000000-0000-4000-8000-000000001b59','10',false,3) on conflict (id) do update set option_text = excluded.option_text, is_correct = excluded.is_correct;
insert into public.exercise_options (id,exercise_id,option_text,is_correct,order_index) values ('00000000-0000-4000-8000-000000004e2d','00000000-0000-4000-8000-000000001b59','14',false,4) on conflict (id) do update set option_text = excluded.option_text, is_correct = excluded.is_correct;
insert into public.exercises (id,lesson_id,skill_id,type,question,correct_answer,explanation,hint,difficulty,school_year,tags,order_index,is_active) values ('00000000-0000-4000-8000-000000001b5a','00000000-0000-4000-8000-0000000007ee','00000000-0000-4000-8000-000000000bd6','input','16 ÷ 2','8','16 ÷ 2 = 8.','Procure o número que multiplicado pelo divisor chega ao dividendo.',1,7,array['divisão','divisão exata'],2,true) on conflict (id) do update set question = excluded.question, correct_answer = excluded.correct_answer;
insert into public.exercises (id,lesson_id,skill_id,type,question,correct_answer,explanation,hint,difficulty,school_year,tags,order_index,is_active) values ('00000000-0000-4000-8000-000000001b5b','00000000-0000-4000-8000-0000000007ee','00000000-0000-4000-8000-000000000bd6','complete','18 ÷ 2','9','18 ÷ 2 = 9.','Procure o número que multiplicado pelo divisor chega ao dividendo.',1,7,array['divisão','divisão exata'],3,true) on conflict (id) do update set question = excluded.question, correct_answer = excluded.correct_answer;
insert into public.exercises (id,lesson_id,skill_id,type,question,correct_answer,explanation,hint,difficulty,school_year,tags,order_index,is_active) values ('00000000-0000-4000-8000-000000001b5c','00000000-0000-4000-8000-0000000007ee','00000000-0000-4000-8000-000000000bd6','true_false','20 ÷ 2 é igual a 10.','true','20 ÷ 2 = 10.','Procure o número que multiplicado pelo divisor chega ao dividendo.',1,7,array['divisão','divisão exata'],4,true) on conflict (id) do update set question = excluded.question, correct_answer = excluded.correct_answer;
insert into public.exercises (id,lesson_id,skill_id,type,question,correct_answer,explanation,hint,difficulty,school_year,tags,order_index,is_active) values ('00000000-0000-4000-8000-000000001b5d','00000000-0000-4000-8000-0000000007ee','00000000-0000-4000-8000-000000000bd6','word_problem','22 balas foram divididas entre 2 crianças. Quantas cada uma recebeu?','11','22 ÷ 2 = 11.','Procure o número que multiplicado pelo divisor chega ao dividendo.',2,7,array['divisão','divisão exata'],5,true) on conflict (id) do update set question = excluded.question, correct_answer = excluded.correct_answer;
insert into public.exercises (id,lesson_id,skill_id,type,question,correct_answer,explanation,hint,difficulty,school_year,tags,order_index,is_active) values ('00000000-0000-4000-8000-000000001b5e','00000000-0000-4000-8000-0000000007ee','00000000-0000-4000-8000-000000000bd6','complete','24 ÷ 2','12','24 ÷ 2 = 12.','Procure o número que multiplicado pelo divisor chega ao dividendo.',2,7,array['divisão','divisão exata'],6,true) on conflict (id) do update set question = excluded.question, correct_answer = excluded.correct_answer;
insert into public.exercises (id,lesson_id,skill_id,type,question,correct_answer,explanation,hint,difficulty,school_year,tags,order_index,is_active) values ('00000000-0000-4000-8000-000000001b5f','00000000-0000-4000-8000-0000000007ee','00000000-0000-4000-8000-000000000bd6','multiple_choice','26 ÷ 2','13','26 ÷ 2 = 13.','Procure o número que multiplicado pelo divisor chega ao dividendo.',2,7,array['divisão','divisão exata'],7,true) on conflict (id) do update set question = excluded.question, correct_answer = excluded.correct_answer;
insert into public.exercise_options (id,exercise_id,option_text,is_correct,order_index) values ('00000000-0000-4000-8000-000000004e66','00000000-0000-4000-8000-000000001b5f','11',false,1) on conflict (id) do update set option_text = excluded.option_text, is_correct = excluded.is_correct;
insert into public.exercise_options (id,exercise_id,option_text,is_correct,order_index) values ('00000000-0000-4000-8000-000000004e67','00000000-0000-4000-8000-000000001b5f','13',true,2) on conflict (id) do update set option_text = excluded.option_text, is_correct = excluded.is_correct;
insert into public.exercise_options (id,exercise_id,option_text,is_correct,order_index) values ('00000000-0000-4000-8000-000000004e68','00000000-0000-4000-8000-000000001b5f','16',false,3) on conflict (id) do update set option_text = excluded.option_text, is_correct = excluded.is_correct;
insert into public.exercise_options (id,exercise_id,option_text,is_correct,order_index) values ('00000000-0000-4000-8000-000000004e69','00000000-0000-4000-8000-000000001b5f','20',false,4) on conflict (id) do update set option_text = excluded.option_text, is_correct = excluded.is_correct;
insert into public.exercises (id,lesson_id,skill_id,type,question,correct_answer,explanation,hint,difficulty,school_year,tags,order_index,is_active) values ('00000000-0000-4000-8000-000000001b60','00000000-0000-4000-8000-0000000007ee','00000000-0000-4000-8000-000000000bd6','true_false','28 ÷ 2 é igual a 14.','true','28 ÷ 2 = 14.','Procure o número que multiplicado pelo divisor chega ao dividendo.',2,7,array['divisão','divisão exata'],8,true) on conflict (id) do update set question = excluded.question, correct_answer = excluded.correct_answer;
insert into public.exercises (id,lesson_id,skill_id,type,question,correct_answer,explanation,hint,difficulty,school_year,tags,order_index,is_active) values ('00000000-0000-4000-8000-000000001b61','00000000-0000-4000-8000-0000000007ee','00000000-0000-4000-8000-000000000bd6','complete','30 ÷ 2','15','30 ÷ 2 = 15.','Procure o número que multiplicado pelo divisor chega ao dividendo.',2,7,array['divisão','divisão exata'],9,true) on conflict (id) do update set question = excluded.question, correct_answer = excluded.correct_answer;
insert into public.exercises (id,lesson_id,skill_id,type,question,correct_answer,explanation,hint,difficulty,school_year,tags,order_index,is_active) values ('00000000-0000-4000-8000-000000001b62','00000000-0000-4000-8000-0000000007ee','00000000-0000-4000-8000-000000000bd6','word_problem','32 balas foram divididas entre 2 crianças. Quantas cada uma recebeu?','16','32 ÷ 2 = 16.','Procure o número que multiplicado pelo divisor chega ao dividendo.',3,7,array['divisão','divisão exata'],10,true) on conflict (id) do update set question = excluded.question, correct_answer = excluded.correct_answer;
insert into public.exercises (id,lesson_id,skill_id,type,question,correct_answer,explanation,hint,difficulty,school_year,tags,order_index,is_active) values ('00000000-0000-4000-8000-000000001b63','00000000-0000-4000-8000-0000000007ee','00000000-0000-4000-8000-000000000bd6','multiple_choice','34 ÷ 2','17','34 ÷ 2 = 17.','Procure o número que multiplicado pelo divisor chega ao dividendo.',3,7,array['divisão','divisão exata'],11,true) on conflict (id) do update set question = excluded.question, correct_answer = excluded.correct_answer;
insert into public.exercise_options (id,exercise_id,option_text,is_correct,order_index) values ('00000000-0000-4000-8000-000000004e8e','00000000-0000-4000-8000-000000001b63','15',false,1) on conflict (id) do update set option_text = excluded.option_text, is_correct = excluded.is_correct;
insert into public.exercise_options (id,exercise_id,option_text,is_correct,order_index) values ('00000000-0000-4000-8000-000000004e8f','00000000-0000-4000-8000-000000001b63','17',true,2) on conflict (id) do update set option_text = excluded.option_text, is_correct = excluded.is_correct;
insert into public.exercise_options (id,exercise_id,option_text,is_correct,order_index) values ('00000000-0000-4000-8000-000000004e90','00000000-0000-4000-8000-000000001b63','20',false,3) on conflict (id) do update set option_text = excluded.option_text, is_correct = excluded.is_correct;
insert into public.exercise_options (id,exercise_id,option_text,is_correct,order_index) values ('00000000-0000-4000-8000-000000004e91','00000000-0000-4000-8000-000000001b63','24',false,4) on conflict (id) do update set option_text = excluded.option_text, is_correct = excluded.is_correct;
insert into public.exercises (id,lesson_id,skill_id,type,question,correct_answer,explanation,hint,difficulty,school_year,tags,order_index,is_active) values ('00000000-0000-4000-8000-000000001b64','00000000-0000-4000-8000-0000000007ee','00000000-0000-4000-8000-000000000bd6','true_false','36 ÷ 2 é igual a 18.','true','36 ÷ 2 = 18.','Procure o número que multiplicado pelo divisor chega ao dividendo.',3,7,array['divisão','divisão exata'],12,true) on conflict (id) do update set question = excluded.question, correct_answer = excluded.correct_answer;
insert into public.exercises (id,lesson_id,skill_id,type,question,correct_answer,explanation,hint,difficulty,school_year,tags,order_index,is_active) values ('00000000-0000-4000-8000-000000001b65','00000000-0000-4000-8000-0000000007ee','00000000-0000-4000-8000-000000000bd6','multiple_choice','38 ÷ 2','19','38 ÷ 2 = 19.','Procure o número que multiplicado pelo divisor chega ao dividendo.',3,7,array['divisão','divisão exata'],13,true) on conflict (id) do update set question = excluded.question, correct_answer = excluded.correct_answer;
insert into public.exercise_options (id,exercise_id,option_text,is_correct,order_index) values ('00000000-0000-4000-8000-000000004ea2','00000000-0000-4000-8000-000000001b65','17',false,1) on conflict (id) do update set option_text = excluded.option_text, is_correct = excluded.is_correct;
insert into public.exercise_options (id,exercise_id,option_text,is_correct,order_index) values ('00000000-0000-4000-8000-000000004ea3','00000000-0000-4000-8000-000000001b65','19',true,2) on conflict (id) do update set option_text = excluded.option_text, is_correct = excluded.is_correct;
insert into public.exercise_options (id,exercise_id,option_text,is_correct,order_index) values ('00000000-0000-4000-8000-000000004ea4','00000000-0000-4000-8000-000000001b65','22',false,3) on conflict (id) do update set option_text = excluded.option_text, is_correct = excluded.is_correct;
insert into public.exercise_options (id,exercise_id,option_text,is_correct,order_index) values ('00000000-0000-4000-8000-000000004ea5','00000000-0000-4000-8000-000000001b65','26',false,4) on conflict (id) do update set option_text = excluded.option_text, is_correct = excluded.is_correct;
insert into public.exercises (id,lesson_id,skill_id,type,question,correct_answer,explanation,hint,difficulty,school_year,tags,order_index,is_active) values ('00000000-0000-4000-8000-000000001b66','00000000-0000-4000-8000-0000000007ee','00000000-0000-4000-8000-000000000bd6','input','40 ÷ 2','20','40 ÷ 2 = 20.','Procure o número que multiplicado pelo divisor chega ao dividendo.',3,7,array['divisão','divisão exata'],14,true) on conflict (id) do update set question = excluded.question, correct_answer = excluded.correct_answer;
insert into public.exercises (id,lesson_id,skill_id,type,question,correct_answer,explanation,hint,difficulty,school_year,tags,order_index,is_active) values ('00000000-0000-4000-8000-000000001b67','00000000-0000-4000-8000-0000000007ee','00000000-0000-4000-8000-000000000bd6','word_problem','42 balas foram divididas entre 2 crianças. Quantas cada uma recebeu?','21','42 ÷ 2 = 21.','Procure o número que multiplicado pelo divisor chega ao dividendo.',4,7,array['divisão','divisão exata'],15,true) on conflict (id) do update set question = excluded.question, correct_answer = excluded.correct_answer;
insert into public.exercises (id,lesson_id,skill_id,type,question,correct_answer,explanation,hint,difficulty,school_year,tags,order_index,is_active) values ('00000000-0000-4000-8000-000000001b68','00000000-0000-4000-8000-0000000007ee','00000000-0000-4000-8000-000000000bd6','true_false','44 ÷ 2 é igual a 22.','true','44 ÷ 2 = 22.','Procure o número que multiplicado pelo divisor chega ao dividendo.',4,7,array['divisão','divisão exata'],16,true) on conflict (id) do update set question = excluded.question, correct_answer = excluded.correct_answer;
insert into public.exercises (id,lesson_id,skill_id,type,question,correct_answer,explanation,hint,difficulty,school_year,tags,order_index,is_active) values ('00000000-0000-4000-8000-000000001b69','00000000-0000-4000-8000-0000000007ee','00000000-0000-4000-8000-000000000bd6','multiple_choice','46 ÷ 2','23','46 ÷ 2 = 23.','Procure o número que multiplicado pelo divisor chega ao dividendo.',4,7,array['divisão','divisão exata'],17,true) on conflict (id) do update set question = excluded.question, correct_answer = excluded.correct_answer;
insert into public.exercise_options (id,exercise_id,option_text,is_correct,order_index) values ('00000000-0000-4000-8000-000000004eca','00000000-0000-4000-8000-000000001b69','21',false,1) on conflict (id) do update set option_text = excluded.option_text, is_correct = excluded.is_correct;
insert into public.exercise_options (id,exercise_id,option_text,is_correct,order_index) values ('00000000-0000-4000-8000-000000004ecb','00000000-0000-4000-8000-000000001b69','23',true,2) on conflict (id) do update set option_text = excluded.option_text, is_correct = excluded.is_correct;
insert into public.exercise_options (id,exercise_id,option_text,is_correct,order_index) values ('00000000-0000-4000-8000-000000004ecc','00000000-0000-4000-8000-000000001b69','26',false,3) on conflict (id) do update set option_text = excluded.option_text, is_correct = excluded.is_correct;
insert into public.exercise_options (id,exercise_id,option_text,is_correct,order_index) values ('00000000-0000-4000-8000-000000004ecd','00000000-0000-4000-8000-000000001b69','30',false,4) on conflict (id) do update set option_text = excluded.option_text, is_correct = excluded.is_correct;
insert into public.exercises (id,lesson_id,skill_id,type,question,correct_answer,explanation,hint,difficulty,school_year,tags,order_index,is_active) values ('00000000-0000-4000-8000-000000001b6a','00000000-0000-4000-8000-0000000007ee','00000000-0000-4000-8000-000000000bd6','complete','48 ÷ 2','24','48 ÷ 2 = 24.','Procure o número que multiplicado pelo divisor chega ao dividendo.',4,7,array['divisão','divisão exata'],18,true) on conflict (id) do update set question = excluded.question, correct_answer = excluded.correct_answer;
insert into public.exercises (id,lesson_id,skill_id,type,question,correct_answer,explanation,hint,difficulty,school_year,tags,order_index,is_active) values ('00000000-0000-4000-8000-000000001b6b','00000000-0000-4000-8000-0000000007ee','00000000-0000-4000-8000-000000000bd6','multiple_choice','50 ÷ 2','25','50 ÷ 2 = 25.','Procure o número que multiplicado pelo divisor chega ao dividendo.',4,7,array['divisão','divisão exata'],19,true) on conflict (id) do update set question = excluded.question, correct_answer = excluded.correct_answer;
insert into public.exercise_options (id,exercise_id,option_text,is_correct,order_index) values ('00000000-0000-4000-8000-000000004ede','00000000-0000-4000-8000-000000001b6b','23',false,1) on conflict (id) do update set option_text = excluded.option_text, is_correct = excluded.is_correct;
insert into public.exercise_options (id,exercise_id,option_text,is_correct,order_index) values ('00000000-0000-4000-8000-000000004edf','00000000-0000-4000-8000-000000001b6b','25',true,2) on conflict (id) do update set option_text = excluded.option_text, is_correct = excluded.is_correct;
insert into public.exercise_options (id,exercise_id,option_text,is_correct,order_index) values ('00000000-0000-4000-8000-000000004ee0','00000000-0000-4000-8000-000000001b6b','28',false,3) on conflict (id) do update set option_text = excluded.option_text, is_correct = excluded.is_correct;
insert into public.exercise_options (id,exercise_id,option_text,is_correct,order_index) values ('00000000-0000-4000-8000-000000004ee1','00000000-0000-4000-8000-000000001b6b','32',false,4) on conflict (id) do update set option_text = excluded.option_text, is_correct = excluded.is_correct;
insert into public.exercises (id,lesson_id,skill_id,type,question,correct_answer,explanation,hint,difficulty,school_year,tags,order_index,is_active) values ('00000000-0000-4000-8000-000000001b6c','00000000-0000-4000-8000-0000000007ee','00000000-0000-4000-8000-000000000bd6','word_problem','52 balas foram divididas entre 2 crianças. Quantas cada uma recebeu?','26','52 ÷ 2 = 26.','Procure o número que multiplicado pelo divisor chega ao dividendo.',5,7,array['divisão','divisão exata'],20,true) on conflict (id) do update set question = excluded.question, correct_answer = excluded.correct_answer;
insert into public.skills (id,name,description,school_year) values ('00000000-0000-4000-8000-000000000bd7','Divisão com resto','Habilidade: Divisão com resto.',7) on conflict (id) do update set name = excluded.name;
insert into public.lessons (id,module_id,title,description,explanation,example,order_index,xp_bonus,is_active) values ('00000000-0000-4000-8000-0000000007ef','00000000-0000-4000-8000-0000000003eb','Divisão com resto','Treino guiado com dica e feedback imediato.','Resolva uma parte por vez e confira seu raciocínio.','Exemplo resolvido aparece antes da prática.',2,20,true) on conflict (id) do update set title = excluded.title;
insert into public.exercises (id,lesson_id,skill_id,type,question,correct_answer,explanation,hint,difficulty,school_year,tags,order_index,is_active) values ('00000000-0000-4000-8000-000000001bbd','00000000-0000-4000-8000-0000000007ef','00000000-0000-4000-8000-000000000bd7','multiple_choice','21 ÷ 3','7','21 ÷ 3 = 7.','Procure o número que multiplicado pelo divisor chega ao dividendo.',1,7,array['divisão','divisão com resto'],1,true) on conflict (id) do update set question = excluded.question, correct_answer = excluded.correct_answer;
insert into public.exercise_options (id,exercise_id,option_text,is_correct,order_index) values ('00000000-0000-4000-8000-000000004fba','00000000-0000-4000-8000-000000001bbd','5',false,1) on conflict (id) do update set option_text = excluded.option_text, is_correct = excluded.is_correct;
insert into public.exercise_options (id,exercise_id,option_text,is_correct,order_index) values ('00000000-0000-4000-8000-000000004fbb','00000000-0000-4000-8000-000000001bbd','7',true,2) on conflict (id) do update set option_text = excluded.option_text, is_correct = excluded.is_correct;
insert into public.exercise_options (id,exercise_id,option_text,is_correct,order_index) values ('00000000-0000-4000-8000-000000004fbc','00000000-0000-4000-8000-000000001bbd','10',false,3) on conflict (id) do update set option_text = excluded.option_text, is_correct = excluded.is_correct;
insert into public.exercise_options (id,exercise_id,option_text,is_correct,order_index) values ('00000000-0000-4000-8000-000000004fbd','00000000-0000-4000-8000-000000001bbd','14',false,4) on conflict (id) do update set option_text = excluded.option_text, is_correct = excluded.is_correct;
insert into public.exercises (id,lesson_id,skill_id,type,question,correct_answer,explanation,hint,difficulty,school_year,tags,order_index,is_active) values ('00000000-0000-4000-8000-000000001bbe','00000000-0000-4000-8000-0000000007ef','00000000-0000-4000-8000-000000000bd7','input','24 ÷ 3','8','24 ÷ 3 = 8.','Procure o número que multiplicado pelo divisor chega ao dividendo.',1,7,array['divisão','divisão com resto'],2,true) on conflict (id) do update set question = excluded.question, correct_answer = excluded.correct_answer;
insert into public.exercises (id,lesson_id,skill_id,type,question,correct_answer,explanation,hint,difficulty,school_year,tags,order_index,is_active) values ('00000000-0000-4000-8000-000000001bbf','00000000-0000-4000-8000-0000000007ef','00000000-0000-4000-8000-000000000bd7','complete','27 ÷ 3','9','27 ÷ 3 = 9.','Procure o número que multiplicado pelo divisor chega ao dividendo.',1,7,array['divisão','divisão com resto'],3,true) on conflict (id) do update set question = excluded.question, correct_answer = excluded.correct_answer;
insert into public.exercises (id,lesson_id,skill_id,type,question,correct_answer,explanation,hint,difficulty,school_year,tags,order_index,is_active) values ('00000000-0000-4000-8000-000000001bc0','00000000-0000-4000-8000-0000000007ef','00000000-0000-4000-8000-000000000bd7','true_false','30 ÷ 3 é igual a 10.','true','30 ÷ 3 = 10.','Procure o número que multiplicado pelo divisor chega ao dividendo.',1,7,array['divisão','divisão com resto'],4,true) on conflict (id) do update set question = excluded.question, correct_answer = excluded.correct_answer;
insert into public.exercises (id,lesson_id,skill_id,type,question,correct_answer,explanation,hint,difficulty,school_year,tags,order_index,is_active) values ('00000000-0000-4000-8000-000000001bc1','00000000-0000-4000-8000-0000000007ef','00000000-0000-4000-8000-000000000bd7','word_problem','33 balas foram divididas entre 3 crianças. Quantas cada uma recebeu?','11','33 ÷ 3 = 11.','Procure o número que multiplicado pelo divisor chega ao dividendo.',2,7,array['divisão','divisão com resto'],5,true) on conflict (id) do update set question = excluded.question, correct_answer = excluded.correct_answer;
insert into public.exercises (id,lesson_id,skill_id,type,question,correct_answer,explanation,hint,difficulty,school_year,tags,order_index,is_active) values ('00000000-0000-4000-8000-000000001bc2','00000000-0000-4000-8000-0000000007ef','00000000-0000-4000-8000-000000000bd7','complete','36 ÷ 3','12','36 ÷ 3 = 12.','Procure o número que multiplicado pelo divisor chega ao dividendo.',2,7,array['divisão','divisão com resto'],6,true) on conflict (id) do update set question = excluded.question, correct_answer = excluded.correct_answer;
insert into public.exercises (id,lesson_id,skill_id,type,question,correct_answer,explanation,hint,difficulty,school_year,tags,order_index,is_active) values ('00000000-0000-4000-8000-000000001bc3','00000000-0000-4000-8000-0000000007ef','00000000-0000-4000-8000-000000000bd7','multiple_choice','39 ÷ 3','13','39 ÷ 3 = 13.','Procure o número que multiplicado pelo divisor chega ao dividendo.',2,7,array['divisão','divisão com resto'],7,true) on conflict (id) do update set question = excluded.question, correct_answer = excluded.correct_answer;
insert into public.exercise_options (id,exercise_id,option_text,is_correct,order_index) values ('00000000-0000-4000-8000-000000004ff6','00000000-0000-4000-8000-000000001bc3','11',false,1) on conflict (id) do update set option_text = excluded.option_text, is_correct = excluded.is_correct;
insert into public.exercise_options (id,exercise_id,option_text,is_correct,order_index) values ('00000000-0000-4000-8000-000000004ff7','00000000-0000-4000-8000-000000001bc3','13',true,2) on conflict (id) do update set option_text = excluded.option_text, is_correct = excluded.is_correct;
insert into public.exercise_options (id,exercise_id,option_text,is_correct,order_index) values ('00000000-0000-4000-8000-000000004ff8','00000000-0000-4000-8000-000000001bc3','16',false,3) on conflict (id) do update set option_text = excluded.option_text, is_correct = excluded.is_correct;
insert into public.exercise_options (id,exercise_id,option_text,is_correct,order_index) values ('00000000-0000-4000-8000-000000004ff9','00000000-0000-4000-8000-000000001bc3','20',false,4) on conflict (id) do update set option_text = excluded.option_text, is_correct = excluded.is_correct;
insert into public.exercises (id,lesson_id,skill_id,type,question,correct_answer,explanation,hint,difficulty,school_year,tags,order_index,is_active) values ('00000000-0000-4000-8000-000000001bc4','00000000-0000-4000-8000-0000000007ef','00000000-0000-4000-8000-000000000bd7','true_false','42 ÷ 3 é igual a 14.','true','42 ÷ 3 = 14.','Procure o número que multiplicado pelo divisor chega ao dividendo.',2,7,array['divisão','divisão com resto'],8,true) on conflict (id) do update set question = excluded.question, correct_answer = excluded.correct_answer;
insert into public.exercises (id,lesson_id,skill_id,type,question,correct_answer,explanation,hint,difficulty,school_year,tags,order_index,is_active) values ('00000000-0000-4000-8000-000000001bc5','00000000-0000-4000-8000-0000000007ef','00000000-0000-4000-8000-000000000bd7','complete','45 ÷ 3','15','45 ÷ 3 = 15.','Procure o número que multiplicado pelo divisor chega ao dividendo.',2,7,array['divisão','divisão com resto'],9,true) on conflict (id) do update set question = excluded.question, correct_answer = excluded.correct_answer;
insert into public.exercises (id,lesson_id,skill_id,type,question,correct_answer,explanation,hint,difficulty,school_year,tags,order_index,is_active) values ('00000000-0000-4000-8000-000000001bc6','00000000-0000-4000-8000-0000000007ef','00000000-0000-4000-8000-000000000bd7','word_problem','48 balas foram divididas entre 3 crianças. Quantas cada uma recebeu?','16','48 ÷ 3 = 16.','Procure o número que multiplicado pelo divisor chega ao dividendo.',3,7,array['divisão','divisão com resto'],10,true) on conflict (id) do update set question = excluded.question, correct_answer = excluded.correct_answer;
insert into public.exercises (id,lesson_id,skill_id,type,question,correct_answer,explanation,hint,difficulty,school_year,tags,order_index,is_active) values ('00000000-0000-4000-8000-000000001bc7','00000000-0000-4000-8000-0000000007ef','00000000-0000-4000-8000-000000000bd7','multiple_choice','51 ÷ 3','17','51 ÷ 3 = 17.','Procure o número que multiplicado pelo divisor chega ao dividendo.',3,7,array['divisão','divisão com resto'],11,true) on conflict (id) do update set question = excluded.question, correct_answer = excluded.correct_answer;
insert into public.exercise_options (id,exercise_id,option_text,is_correct,order_index) values ('00000000-0000-4000-8000-00000000501e','00000000-0000-4000-8000-000000001bc7','15',false,1) on conflict (id) do update set option_text = excluded.option_text, is_correct = excluded.is_correct;
insert into public.exercise_options (id,exercise_id,option_text,is_correct,order_index) values ('00000000-0000-4000-8000-00000000501f','00000000-0000-4000-8000-000000001bc7','17',true,2) on conflict (id) do update set option_text = excluded.option_text, is_correct = excluded.is_correct;
insert into public.exercise_options (id,exercise_id,option_text,is_correct,order_index) values ('00000000-0000-4000-8000-000000005020','00000000-0000-4000-8000-000000001bc7','20',false,3) on conflict (id) do update set option_text = excluded.option_text, is_correct = excluded.is_correct;
insert into public.exercise_options (id,exercise_id,option_text,is_correct,order_index) values ('00000000-0000-4000-8000-000000005021','00000000-0000-4000-8000-000000001bc7','24',false,4) on conflict (id) do update set option_text = excluded.option_text, is_correct = excluded.is_correct;
insert into public.exercises (id,lesson_id,skill_id,type,question,correct_answer,explanation,hint,difficulty,school_year,tags,order_index,is_active) values ('00000000-0000-4000-8000-000000001bc8','00000000-0000-4000-8000-0000000007ef','00000000-0000-4000-8000-000000000bd7','true_false','54 ÷ 3 é igual a 18.','true','54 ÷ 3 = 18.','Procure o número que multiplicado pelo divisor chega ao dividendo.',3,7,array['divisão','divisão com resto'],12,true) on conflict (id) do update set question = excluded.question, correct_answer = excluded.correct_answer;
insert into public.exercises (id,lesson_id,skill_id,type,question,correct_answer,explanation,hint,difficulty,school_year,tags,order_index,is_active) values ('00000000-0000-4000-8000-000000001bc9','00000000-0000-4000-8000-0000000007ef','00000000-0000-4000-8000-000000000bd7','multiple_choice','57 ÷ 3','19','57 ÷ 3 = 19.','Procure o número que multiplicado pelo divisor chega ao dividendo.',3,7,array['divisão','divisão com resto'],13,true) on conflict (id) do update set question = excluded.question, correct_answer = excluded.correct_answer;
insert into public.exercise_options (id,exercise_id,option_text,is_correct,order_index) values ('00000000-0000-4000-8000-000000005032','00000000-0000-4000-8000-000000001bc9','17',false,1) on conflict (id) do update set option_text = excluded.option_text, is_correct = excluded.is_correct;
insert into public.exercise_options (id,exercise_id,option_text,is_correct,order_index) values ('00000000-0000-4000-8000-000000005033','00000000-0000-4000-8000-000000001bc9','19',true,2) on conflict (id) do update set option_text = excluded.option_text, is_correct = excluded.is_correct;
insert into public.exercise_options (id,exercise_id,option_text,is_correct,order_index) values ('00000000-0000-4000-8000-000000005034','00000000-0000-4000-8000-000000001bc9','22',false,3) on conflict (id) do update set option_text = excluded.option_text, is_correct = excluded.is_correct;
insert into public.exercise_options (id,exercise_id,option_text,is_correct,order_index) values ('00000000-0000-4000-8000-000000005035','00000000-0000-4000-8000-000000001bc9','26',false,4) on conflict (id) do update set option_text = excluded.option_text, is_correct = excluded.is_correct;
insert into public.exercises (id,lesson_id,skill_id,type,question,correct_answer,explanation,hint,difficulty,school_year,tags,order_index,is_active) values ('00000000-0000-4000-8000-000000001bca','00000000-0000-4000-8000-0000000007ef','00000000-0000-4000-8000-000000000bd7','input','60 ÷ 3','20','60 ÷ 3 = 20.','Procure o número que multiplicado pelo divisor chega ao dividendo.',3,7,array['divisão','divisão com resto'],14,true) on conflict (id) do update set question = excluded.question, correct_answer = excluded.correct_answer;
insert into public.exercises (id,lesson_id,skill_id,type,question,correct_answer,explanation,hint,difficulty,school_year,tags,order_index,is_active) values ('00000000-0000-4000-8000-000000001bcb','00000000-0000-4000-8000-0000000007ef','00000000-0000-4000-8000-000000000bd7','word_problem','63 balas foram divididas entre 3 crianças. Quantas cada uma recebeu?','21','63 ÷ 3 = 21.','Procure o número que multiplicado pelo divisor chega ao dividendo.',4,7,array['divisão','divisão com resto'],15,true) on conflict (id) do update set question = excluded.question, correct_answer = excluded.correct_answer;
insert into public.exercises (id,lesson_id,skill_id,type,question,correct_answer,explanation,hint,difficulty,school_year,tags,order_index,is_active) values ('00000000-0000-4000-8000-000000001bcc','00000000-0000-4000-8000-0000000007ef','00000000-0000-4000-8000-000000000bd7','true_false','66 ÷ 3 é igual a 22.','true','66 ÷ 3 = 22.','Procure o número que multiplicado pelo divisor chega ao dividendo.',4,7,array['divisão','divisão com resto'],16,true) on conflict (id) do update set question = excluded.question, correct_answer = excluded.correct_answer;
insert into public.exercises (id,lesson_id,skill_id,type,question,correct_answer,explanation,hint,difficulty,school_year,tags,order_index,is_active) values ('00000000-0000-4000-8000-000000001bcd','00000000-0000-4000-8000-0000000007ef','00000000-0000-4000-8000-000000000bd7','multiple_choice','69 ÷ 3','23','69 ÷ 3 = 23.','Procure o número que multiplicado pelo divisor chega ao dividendo.',4,7,array['divisão','divisão com resto'],17,true) on conflict (id) do update set question = excluded.question, correct_answer = excluded.correct_answer;
insert into public.exercise_options (id,exercise_id,option_text,is_correct,order_index) values ('00000000-0000-4000-8000-00000000505a','00000000-0000-4000-8000-000000001bcd','21',false,1) on conflict (id) do update set option_text = excluded.option_text, is_correct = excluded.is_correct;
insert into public.exercise_options (id,exercise_id,option_text,is_correct,order_index) values ('00000000-0000-4000-8000-00000000505b','00000000-0000-4000-8000-000000001bcd','23',true,2) on conflict (id) do update set option_text = excluded.option_text, is_correct = excluded.is_correct;
insert into public.exercise_options (id,exercise_id,option_text,is_correct,order_index) values ('00000000-0000-4000-8000-00000000505c','00000000-0000-4000-8000-000000001bcd','26',false,3) on conflict (id) do update set option_text = excluded.option_text, is_correct = excluded.is_correct;
insert into public.exercise_options (id,exercise_id,option_text,is_correct,order_index) values ('00000000-0000-4000-8000-00000000505d','00000000-0000-4000-8000-000000001bcd','30',false,4) on conflict (id) do update set option_text = excluded.option_text, is_correct = excluded.is_correct;
insert into public.exercises (id,lesson_id,skill_id,type,question,correct_answer,explanation,hint,difficulty,school_year,tags,order_index,is_active) values ('00000000-0000-4000-8000-000000001bce','00000000-0000-4000-8000-0000000007ef','00000000-0000-4000-8000-000000000bd7','complete','72 ÷ 3','24','72 ÷ 3 = 24.','Procure o número que multiplicado pelo divisor chega ao dividendo.',4,7,array['divisão','divisão com resto'],18,true) on conflict (id) do update set question = excluded.question, correct_answer = excluded.correct_answer;
insert into public.exercises (id,lesson_id,skill_id,type,question,correct_answer,explanation,hint,difficulty,school_year,tags,order_index,is_active) values ('00000000-0000-4000-8000-000000001bcf','00000000-0000-4000-8000-0000000007ef','00000000-0000-4000-8000-000000000bd7','multiple_choice','75 ÷ 3','25','75 ÷ 3 = 25.','Procure o número que multiplicado pelo divisor chega ao dividendo.',4,7,array['divisão','divisão com resto'],19,true) on conflict (id) do update set question = excluded.question, correct_answer = excluded.correct_answer;
insert into public.exercise_options (id,exercise_id,option_text,is_correct,order_index) values ('00000000-0000-4000-8000-00000000506e','00000000-0000-4000-8000-000000001bcf','23',false,1) on conflict (id) do update set option_text = excluded.option_text, is_correct = excluded.is_correct;
insert into public.exercise_options (id,exercise_id,option_text,is_correct,order_index) values ('00000000-0000-4000-8000-00000000506f','00000000-0000-4000-8000-000000001bcf','25',true,2) on conflict (id) do update set option_text = excluded.option_text, is_correct = excluded.is_correct;
insert into public.exercise_options (id,exercise_id,option_text,is_correct,order_index) values ('00000000-0000-4000-8000-000000005070','00000000-0000-4000-8000-000000001bcf','28',false,3) on conflict (id) do update set option_text = excluded.option_text, is_correct = excluded.is_correct;
insert into public.exercise_options (id,exercise_id,option_text,is_correct,order_index) values ('00000000-0000-4000-8000-000000005071','00000000-0000-4000-8000-000000001bcf','32',false,4) on conflict (id) do update set option_text = excluded.option_text, is_correct = excluded.is_correct;
insert into public.exercises (id,lesson_id,skill_id,type,question,correct_answer,explanation,hint,difficulty,school_year,tags,order_index,is_active) values ('00000000-0000-4000-8000-000000001bd0','00000000-0000-4000-8000-0000000007ef','00000000-0000-4000-8000-000000000bd7','word_problem','78 balas foram divididas entre 3 crianças. Quantas cada uma recebeu?','26','78 ÷ 3 = 26.','Procure o número que multiplicado pelo divisor chega ao dividendo.',5,7,array['divisão','divisão com resto'],20,true) on conflict (id) do update set question = excluded.question, correct_answer = excluded.correct_answer;
insert into public.skills (id,name,description,school_year) values ('00000000-0000-4000-8000-000000000bd8','Divisão por 1 algarismo','Habilidade: Divisão por 1 algarismo.',7) on conflict (id) do update set name = excluded.name;
insert into public.lessons (id,module_id,title,description,explanation,example,order_index,xp_bonus,is_active) values ('00000000-0000-4000-8000-0000000007f0','00000000-0000-4000-8000-0000000003eb','Divisão por 1 algarismo','Treino guiado com dica e feedback imediato.','Resolva uma parte por vez e confira seu raciocínio.','Exemplo resolvido aparece antes da prática.',3,20,true) on conflict (id) do update set title = excluded.title;
insert into public.exercises (id,lesson_id,skill_id,type,question,correct_answer,explanation,hint,difficulty,school_year,tags,order_index,is_active) values ('00000000-0000-4000-8000-000000001c21','00000000-0000-4000-8000-0000000007f0','00000000-0000-4000-8000-000000000bd8','multiple_choice','28 ÷ 4','7','28 ÷ 4 = 7.','Procure o número que multiplicado pelo divisor chega ao dividendo.',1,7,array['divisão','divisão por 1 algarismo'],1,true) on conflict (id) do update set question = excluded.question, correct_answer = excluded.correct_answer;
insert into public.exercise_options (id,exercise_id,option_text,is_correct,order_index) values ('00000000-0000-4000-8000-00000000514a','00000000-0000-4000-8000-000000001c21','5',false,1) on conflict (id) do update set option_text = excluded.option_text, is_correct = excluded.is_correct;
insert into public.exercise_options (id,exercise_id,option_text,is_correct,order_index) values ('00000000-0000-4000-8000-00000000514b','00000000-0000-4000-8000-000000001c21','7',true,2) on conflict (id) do update set option_text = excluded.option_text, is_correct = excluded.is_correct;
insert into public.exercise_options (id,exercise_id,option_text,is_correct,order_index) values ('00000000-0000-4000-8000-00000000514c','00000000-0000-4000-8000-000000001c21','10',false,3) on conflict (id) do update set option_text = excluded.option_text, is_correct = excluded.is_correct;
insert into public.exercise_options (id,exercise_id,option_text,is_correct,order_index) values ('00000000-0000-4000-8000-00000000514d','00000000-0000-4000-8000-000000001c21','14',false,4) on conflict (id) do update set option_text = excluded.option_text, is_correct = excluded.is_correct;
insert into public.exercises (id,lesson_id,skill_id,type,question,correct_answer,explanation,hint,difficulty,school_year,tags,order_index,is_active) values ('00000000-0000-4000-8000-000000001c22','00000000-0000-4000-8000-0000000007f0','00000000-0000-4000-8000-000000000bd8','input','32 ÷ 4','8','32 ÷ 4 = 8.','Procure o número que multiplicado pelo divisor chega ao dividendo.',1,7,array['divisão','divisão por 1 algarismo'],2,true) on conflict (id) do update set question = excluded.question, correct_answer = excluded.correct_answer;
insert into public.exercises (id,lesson_id,skill_id,type,question,correct_answer,explanation,hint,difficulty,school_year,tags,order_index,is_active) values ('00000000-0000-4000-8000-000000001c23','00000000-0000-4000-8000-0000000007f0','00000000-0000-4000-8000-000000000bd8','complete','36 ÷ 4','9','36 ÷ 4 = 9.','Procure o número que multiplicado pelo divisor chega ao dividendo.',1,7,array['divisão','divisão por 1 algarismo'],3,true) on conflict (id) do update set question = excluded.question, correct_answer = excluded.correct_answer;
insert into public.exercises (id,lesson_id,skill_id,type,question,correct_answer,explanation,hint,difficulty,school_year,tags,order_index,is_active) values ('00000000-0000-4000-8000-000000001c24','00000000-0000-4000-8000-0000000007f0','00000000-0000-4000-8000-000000000bd8','true_false','40 ÷ 4 é igual a 10.','true','40 ÷ 4 = 10.','Procure o número que multiplicado pelo divisor chega ao dividendo.',1,7,array['divisão','divisão por 1 algarismo'],4,true) on conflict (id) do update set question = excluded.question, correct_answer = excluded.correct_answer;
insert into public.exercises (id,lesson_id,skill_id,type,question,correct_answer,explanation,hint,difficulty,school_year,tags,order_index,is_active) values ('00000000-0000-4000-8000-000000001c25','00000000-0000-4000-8000-0000000007f0','00000000-0000-4000-8000-000000000bd8','word_problem','44 balas foram divididas entre 4 crianças. Quantas cada uma recebeu?','11','44 ÷ 4 = 11.','Procure o número que multiplicado pelo divisor chega ao dividendo.',2,7,array['divisão','divisão por 1 algarismo'],5,true) on conflict (id) do update set question = excluded.question, correct_answer = excluded.correct_answer;
insert into public.exercises (id,lesson_id,skill_id,type,question,correct_answer,explanation,hint,difficulty,school_year,tags,order_index,is_active) values ('00000000-0000-4000-8000-000000001c26','00000000-0000-4000-8000-0000000007f0','00000000-0000-4000-8000-000000000bd8','complete','48 ÷ 4','12','48 ÷ 4 = 12.','Procure o número que multiplicado pelo divisor chega ao dividendo.',2,7,array['divisão','divisão por 1 algarismo'],6,true) on conflict (id) do update set question = excluded.question, correct_answer = excluded.correct_answer;
insert into public.exercises (id,lesson_id,skill_id,type,question,correct_answer,explanation,hint,difficulty,school_year,tags,order_index,is_active) values ('00000000-0000-4000-8000-000000001c27','00000000-0000-4000-8000-0000000007f0','00000000-0000-4000-8000-000000000bd8','multiple_choice','52 ÷ 4','13','52 ÷ 4 = 13.','Procure o número que multiplicado pelo divisor chega ao dividendo.',2,7,array['divisão','divisão por 1 algarismo'],7,true) on conflict (id) do update set question = excluded.question, correct_answer = excluded.correct_answer;
insert into public.exercise_options (id,exercise_id,option_text,is_correct,order_index) values ('00000000-0000-4000-8000-000000005186','00000000-0000-4000-8000-000000001c27','11',false,1) on conflict (id) do update set option_text = excluded.option_text, is_correct = excluded.is_correct;
insert into public.exercise_options (id,exercise_id,option_text,is_correct,order_index) values ('00000000-0000-4000-8000-000000005187','00000000-0000-4000-8000-000000001c27','13',true,2) on conflict (id) do update set option_text = excluded.option_text, is_correct = excluded.is_correct;
insert into public.exercise_options (id,exercise_id,option_text,is_correct,order_index) values ('00000000-0000-4000-8000-000000005188','00000000-0000-4000-8000-000000001c27','16',false,3) on conflict (id) do update set option_text = excluded.option_text, is_correct = excluded.is_correct;
insert into public.exercise_options (id,exercise_id,option_text,is_correct,order_index) values ('00000000-0000-4000-8000-000000005189','00000000-0000-4000-8000-000000001c27','20',false,4) on conflict (id) do update set option_text = excluded.option_text, is_correct = excluded.is_correct;
insert into public.exercises (id,lesson_id,skill_id,type,question,correct_answer,explanation,hint,difficulty,school_year,tags,order_index,is_active) values ('00000000-0000-4000-8000-000000001c28','00000000-0000-4000-8000-0000000007f0','00000000-0000-4000-8000-000000000bd8','true_false','56 ÷ 4 é igual a 14.','true','56 ÷ 4 = 14.','Procure o número que multiplicado pelo divisor chega ao dividendo.',2,7,array['divisão','divisão por 1 algarismo'],8,true) on conflict (id) do update set question = excluded.question, correct_answer = excluded.correct_answer;
insert into public.exercises (id,lesson_id,skill_id,type,question,correct_answer,explanation,hint,difficulty,school_year,tags,order_index,is_active) values ('00000000-0000-4000-8000-000000001c29','00000000-0000-4000-8000-0000000007f0','00000000-0000-4000-8000-000000000bd8','complete','60 ÷ 4','15','60 ÷ 4 = 15.','Procure o número que multiplicado pelo divisor chega ao dividendo.',2,7,array['divisão','divisão por 1 algarismo'],9,true) on conflict (id) do update set question = excluded.question, correct_answer = excluded.correct_answer;
insert into public.exercises (id,lesson_id,skill_id,type,question,correct_answer,explanation,hint,difficulty,school_year,tags,order_index,is_active) values ('00000000-0000-4000-8000-000000001c2a','00000000-0000-4000-8000-0000000007f0','00000000-0000-4000-8000-000000000bd8','word_problem','64 balas foram divididas entre 4 crianças. Quantas cada uma recebeu?','16','64 ÷ 4 = 16.','Procure o número que multiplicado pelo divisor chega ao dividendo.',3,7,array['divisão','divisão por 1 algarismo'],10,true) on conflict (id) do update set question = excluded.question, correct_answer = excluded.correct_answer;
insert into public.exercises (id,lesson_id,skill_id,type,question,correct_answer,explanation,hint,difficulty,school_year,tags,order_index,is_active) values ('00000000-0000-4000-8000-000000001c2b','00000000-0000-4000-8000-0000000007f0','00000000-0000-4000-8000-000000000bd8','multiple_choice','68 ÷ 4','17','68 ÷ 4 = 17.','Procure o número que multiplicado pelo divisor chega ao dividendo.',3,7,array['divisão','divisão por 1 algarismo'],11,true) on conflict (id) do update set question = excluded.question, correct_answer = excluded.correct_answer;
insert into public.exercise_options (id,exercise_id,option_text,is_correct,order_index) values ('00000000-0000-4000-8000-0000000051ae','00000000-0000-4000-8000-000000001c2b','15',false,1) on conflict (id) do update set option_text = excluded.option_text, is_correct = excluded.is_correct;
insert into public.exercise_options (id,exercise_id,option_text,is_correct,order_index) values ('00000000-0000-4000-8000-0000000051af','00000000-0000-4000-8000-000000001c2b','17',true,2) on conflict (id) do update set option_text = excluded.option_text, is_correct = excluded.is_correct;
insert into public.exercise_options (id,exercise_id,option_text,is_correct,order_index) values ('00000000-0000-4000-8000-0000000051b0','00000000-0000-4000-8000-000000001c2b','20',false,3) on conflict (id) do update set option_text = excluded.option_text, is_correct = excluded.is_correct;
insert into public.exercise_options (id,exercise_id,option_text,is_correct,order_index) values ('00000000-0000-4000-8000-0000000051b1','00000000-0000-4000-8000-000000001c2b','24',false,4) on conflict (id) do update set option_text = excluded.option_text, is_correct = excluded.is_correct;
insert into public.exercises (id,lesson_id,skill_id,type,question,correct_answer,explanation,hint,difficulty,school_year,tags,order_index,is_active) values ('00000000-0000-4000-8000-000000001c2c','00000000-0000-4000-8000-0000000007f0','00000000-0000-4000-8000-000000000bd8','true_false','72 ÷ 4 é igual a 18.','true','72 ÷ 4 = 18.','Procure o número que multiplicado pelo divisor chega ao dividendo.',3,7,array['divisão','divisão por 1 algarismo'],12,true) on conflict (id) do update set question = excluded.question, correct_answer = excluded.correct_answer;
insert into public.exercises (id,lesson_id,skill_id,type,question,correct_answer,explanation,hint,difficulty,school_year,tags,order_index,is_active) values ('00000000-0000-4000-8000-000000001c2d','00000000-0000-4000-8000-0000000007f0','00000000-0000-4000-8000-000000000bd8','multiple_choice','76 ÷ 4','19','76 ÷ 4 = 19.','Procure o número que multiplicado pelo divisor chega ao dividendo.',3,7,array['divisão','divisão por 1 algarismo'],13,true) on conflict (id) do update set question = excluded.question, correct_answer = excluded.correct_answer;
insert into public.exercise_options (id,exercise_id,option_text,is_correct,order_index) values ('00000000-0000-4000-8000-0000000051c2','00000000-0000-4000-8000-000000001c2d','17',false,1) on conflict (id) do update set option_text = excluded.option_text, is_correct = excluded.is_correct;
insert into public.exercise_options (id,exercise_id,option_text,is_correct,order_index) values ('00000000-0000-4000-8000-0000000051c3','00000000-0000-4000-8000-000000001c2d','19',true,2) on conflict (id) do update set option_text = excluded.option_text, is_correct = excluded.is_correct;
insert into public.exercise_options (id,exercise_id,option_text,is_correct,order_index) values ('00000000-0000-4000-8000-0000000051c4','00000000-0000-4000-8000-000000001c2d','22',false,3) on conflict (id) do update set option_text = excluded.option_text, is_correct = excluded.is_correct;
insert into public.exercise_options (id,exercise_id,option_text,is_correct,order_index) values ('00000000-0000-4000-8000-0000000051c5','00000000-0000-4000-8000-000000001c2d','26',false,4) on conflict (id) do update set option_text = excluded.option_text, is_correct = excluded.is_correct;
insert into public.exercises (id,lesson_id,skill_id,type,question,correct_answer,explanation,hint,difficulty,school_year,tags,order_index,is_active) values ('00000000-0000-4000-8000-000000001c2e','00000000-0000-4000-8000-0000000007f0','00000000-0000-4000-8000-000000000bd8','input','80 ÷ 4','20','80 ÷ 4 = 20.','Procure o número que multiplicado pelo divisor chega ao dividendo.',3,7,array['divisão','divisão por 1 algarismo'],14,true) on conflict (id) do update set question = excluded.question, correct_answer = excluded.correct_answer;
insert into public.exercises (id,lesson_id,skill_id,type,question,correct_answer,explanation,hint,difficulty,school_year,tags,order_index,is_active) values ('00000000-0000-4000-8000-000000001c2f','00000000-0000-4000-8000-0000000007f0','00000000-0000-4000-8000-000000000bd8','word_problem','84 balas foram divididas entre 4 crianças. Quantas cada uma recebeu?','21','84 ÷ 4 = 21.','Procure o número que multiplicado pelo divisor chega ao dividendo.',4,7,array['divisão','divisão por 1 algarismo'],15,true) on conflict (id) do update set question = excluded.question, correct_answer = excluded.correct_answer;
insert into public.exercises (id,lesson_id,skill_id,type,question,correct_answer,explanation,hint,difficulty,school_year,tags,order_index,is_active) values ('00000000-0000-4000-8000-000000001c30','00000000-0000-4000-8000-0000000007f0','00000000-0000-4000-8000-000000000bd8','true_false','88 ÷ 4 é igual a 22.','true','88 ÷ 4 = 22.','Procure o número que multiplicado pelo divisor chega ao dividendo.',4,7,array['divisão','divisão por 1 algarismo'],16,true) on conflict (id) do update set question = excluded.question, correct_answer = excluded.correct_answer;
insert into public.exercises (id,lesson_id,skill_id,type,question,correct_answer,explanation,hint,difficulty,school_year,tags,order_index,is_active) values ('00000000-0000-4000-8000-000000001c31','00000000-0000-4000-8000-0000000007f0','00000000-0000-4000-8000-000000000bd8','multiple_choice','92 ÷ 4','23','92 ÷ 4 = 23.','Procure o número que multiplicado pelo divisor chega ao dividendo.',4,7,array['divisão','divisão por 1 algarismo'],17,true) on conflict (id) do update set question = excluded.question, correct_answer = excluded.correct_answer;
insert into public.exercise_options (id,exercise_id,option_text,is_correct,order_index) values ('00000000-0000-4000-8000-0000000051ea','00000000-0000-4000-8000-000000001c31','21',false,1) on conflict (id) do update set option_text = excluded.option_text, is_correct = excluded.is_correct;
insert into public.exercise_options (id,exercise_id,option_text,is_correct,order_index) values ('00000000-0000-4000-8000-0000000051eb','00000000-0000-4000-8000-000000001c31','23',true,2) on conflict (id) do update set option_text = excluded.option_text, is_correct = excluded.is_correct;
insert into public.exercise_options (id,exercise_id,option_text,is_correct,order_index) values ('00000000-0000-4000-8000-0000000051ec','00000000-0000-4000-8000-000000001c31','26',false,3) on conflict (id) do update set option_text = excluded.option_text, is_correct = excluded.is_correct;
insert into public.exercise_options (id,exercise_id,option_text,is_correct,order_index) values ('00000000-0000-4000-8000-0000000051ed','00000000-0000-4000-8000-000000001c31','30',false,4) on conflict (id) do update set option_text = excluded.option_text, is_correct = excluded.is_correct;
insert into public.exercises (id,lesson_id,skill_id,type,question,correct_answer,explanation,hint,difficulty,school_year,tags,order_index,is_active) values ('00000000-0000-4000-8000-000000001c32','00000000-0000-4000-8000-0000000007f0','00000000-0000-4000-8000-000000000bd8','complete','96 ÷ 4','24','96 ÷ 4 = 24.','Procure o número que multiplicado pelo divisor chega ao dividendo.',4,7,array['divisão','divisão por 1 algarismo'],18,true) on conflict (id) do update set question = excluded.question, correct_answer = excluded.correct_answer;
insert into public.exercises (id,lesson_id,skill_id,type,question,correct_answer,explanation,hint,difficulty,school_year,tags,order_index,is_active) values ('00000000-0000-4000-8000-000000001c33','00000000-0000-4000-8000-0000000007f0','00000000-0000-4000-8000-000000000bd8','multiple_choice','100 ÷ 4','25','100 ÷ 4 = 25.','Procure o número que multiplicado pelo divisor chega ao dividendo.',4,7,array['divisão','divisão por 1 algarismo'],19,true) on conflict (id) do update set question = excluded.question, correct_answer = excluded.correct_answer;
insert into public.exercise_options (id,exercise_id,option_text,is_correct,order_index) values ('00000000-0000-4000-8000-0000000051fe','00000000-0000-4000-8000-000000001c33','23',false,1) on conflict (id) do update set option_text = excluded.option_text, is_correct = excluded.is_correct;
insert into public.exercise_options (id,exercise_id,option_text,is_correct,order_index) values ('00000000-0000-4000-8000-0000000051ff','00000000-0000-4000-8000-000000001c33','25',true,2) on conflict (id) do update set option_text = excluded.option_text, is_correct = excluded.is_correct;
insert into public.exercise_options (id,exercise_id,option_text,is_correct,order_index) values ('00000000-0000-4000-8000-000000005200','00000000-0000-4000-8000-000000001c33','28',false,3) on conflict (id) do update set option_text = excluded.option_text, is_correct = excluded.is_correct;
insert into public.exercise_options (id,exercise_id,option_text,is_correct,order_index) values ('00000000-0000-4000-8000-000000005201','00000000-0000-4000-8000-000000001c33','32',false,4) on conflict (id) do update set option_text = excluded.option_text, is_correct = excluded.is_correct;
insert into public.exercises (id,lesson_id,skill_id,type,question,correct_answer,explanation,hint,difficulty,school_year,tags,order_index,is_active) values ('00000000-0000-4000-8000-000000001c34','00000000-0000-4000-8000-0000000007f0','00000000-0000-4000-8000-000000000bd8','word_problem','104 balas foram divididas entre 4 crianças. Quantas cada uma recebeu?','26','104 ÷ 4 = 26.','Procure o número que multiplicado pelo divisor chega ao dividendo.',5,7,array['divisão','divisão por 1 algarismo'],20,true) on conflict (id) do update set question = excluded.question, correct_answer = excluded.correct_answer;
insert into public.skills (id,name,description,school_year) values ('00000000-0000-4000-8000-000000000bd9','Problemas de divisão','Habilidade: Problemas de divisão.',7) on conflict (id) do update set name = excluded.name;
insert into public.lessons (id,module_id,title,description,explanation,example,order_index,xp_bonus,is_active) values ('00000000-0000-4000-8000-0000000007f1','00000000-0000-4000-8000-0000000003eb','Problemas de divisão','Treino guiado com dica e feedback imediato.','Resolva uma parte por vez e confira seu raciocínio.','Exemplo resolvido aparece antes da prática.',4,20,true) on conflict (id) do update set title = excluded.title;
insert into public.exercises (id,lesson_id,skill_id,type,question,correct_answer,explanation,hint,difficulty,school_year,tags,order_index,is_active) values ('00000000-0000-4000-8000-000000001c85','00000000-0000-4000-8000-0000000007f1','00000000-0000-4000-8000-000000000bd9','multiple_choice','35 ÷ 5','7','35 ÷ 5 = 7.','Procure o número que multiplicado pelo divisor chega ao dividendo.',1,7,array['divisão','problemas de divisão'],1,true) on conflict (id) do update set question = excluded.question, correct_answer = excluded.correct_answer;
insert into public.exercise_options (id,exercise_id,option_text,is_correct,order_index) values ('00000000-0000-4000-8000-0000000052da','00000000-0000-4000-8000-000000001c85','5',false,1) on conflict (id) do update set option_text = excluded.option_text, is_correct = excluded.is_correct;
insert into public.exercise_options (id,exercise_id,option_text,is_correct,order_index) values ('00000000-0000-4000-8000-0000000052db','00000000-0000-4000-8000-000000001c85','7',true,2) on conflict (id) do update set option_text = excluded.option_text, is_correct = excluded.is_correct;
insert into public.exercise_options (id,exercise_id,option_text,is_correct,order_index) values ('00000000-0000-4000-8000-0000000052dc','00000000-0000-4000-8000-000000001c85','10',false,3) on conflict (id) do update set option_text = excluded.option_text, is_correct = excluded.is_correct;
insert into public.exercise_options (id,exercise_id,option_text,is_correct,order_index) values ('00000000-0000-4000-8000-0000000052dd','00000000-0000-4000-8000-000000001c85','14',false,4) on conflict (id) do update set option_text = excluded.option_text, is_correct = excluded.is_correct;
insert into public.exercises (id,lesson_id,skill_id,type,question,correct_answer,explanation,hint,difficulty,school_year,tags,order_index,is_active) values ('00000000-0000-4000-8000-000000001c86','00000000-0000-4000-8000-0000000007f1','00000000-0000-4000-8000-000000000bd9','input','40 ÷ 5','8','40 ÷ 5 = 8.','Procure o número que multiplicado pelo divisor chega ao dividendo.',1,7,array['divisão','problemas de divisão'],2,true) on conflict (id) do update set question = excluded.question, correct_answer = excluded.correct_answer;
insert into public.exercises (id,lesson_id,skill_id,type,question,correct_answer,explanation,hint,difficulty,school_year,tags,order_index,is_active) values ('00000000-0000-4000-8000-000000001c87','00000000-0000-4000-8000-0000000007f1','00000000-0000-4000-8000-000000000bd9','complete','45 ÷ 5','9','45 ÷ 5 = 9.','Procure o número que multiplicado pelo divisor chega ao dividendo.',1,7,array['divisão','problemas de divisão'],3,true) on conflict (id) do update set question = excluded.question, correct_answer = excluded.correct_answer;
insert into public.exercises (id,lesson_id,skill_id,type,question,correct_answer,explanation,hint,difficulty,school_year,tags,order_index,is_active) values ('00000000-0000-4000-8000-000000001c88','00000000-0000-4000-8000-0000000007f1','00000000-0000-4000-8000-000000000bd9','true_false','50 ÷ 5 é igual a 10.','true','50 ÷ 5 = 10.','Procure o número que multiplicado pelo divisor chega ao dividendo.',1,7,array['divisão','problemas de divisão'],4,true) on conflict (id) do update set question = excluded.question, correct_answer = excluded.correct_answer;
insert into public.exercises (id,lesson_id,skill_id,type,question,correct_answer,explanation,hint,difficulty,school_year,tags,order_index,is_active) values ('00000000-0000-4000-8000-000000001c89','00000000-0000-4000-8000-0000000007f1','00000000-0000-4000-8000-000000000bd9','word_problem','55 balas foram divididas entre 5 crianças. Quantas cada uma recebeu?','11','55 ÷ 5 = 11.','Procure o número que multiplicado pelo divisor chega ao dividendo.',2,7,array['divisão','problemas de divisão'],5,true) on conflict (id) do update set question = excluded.question, correct_answer = excluded.correct_answer;
insert into public.exercises (id,lesson_id,skill_id,type,question,correct_answer,explanation,hint,difficulty,school_year,tags,order_index,is_active) values ('00000000-0000-4000-8000-000000001c8a','00000000-0000-4000-8000-0000000007f1','00000000-0000-4000-8000-000000000bd9','complete','60 ÷ 5','12','60 ÷ 5 = 12.','Procure o número que multiplicado pelo divisor chega ao dividendo.',2,7,array['divisão','problemas de divisão'],6,true) on conflict (id) do update set question = excluded.question, correct_answer = excluded.correct_answer;
insert into public.exercises (id,lesson_id,skill_id,type,question,correct_answer,explanation,hint,difficulty,school_year,tags,order_index,is_active) values ('00000000-0000-4000-8000-000000001c8b','00000000-0000-4000-8000-0000000007f1','00000000-0000-4000-8000-000000000bd9','multiple_choice','65 ÷ 5','13','65 ÷ 5 = 13.','Procure o número que multiplicado pelo divisor chega ao dividendo.',2,7,array['divisão','problemas de divisão'],7,true) on conflict (id) do update set question = excluded.question, correct_answer = excluded.correct_answer;
insert into public.exercise_options (id,exercise_id,option_text,is_correct,order_index) values ('00000000-0000-4000-8000-000000005316','00000000-0000-4000-8000-000000001c8b','11',false,1) on conflict (id) do update set option_text = excluded.option_text, is_correct = excluded.is_correct;
insert into public.exercise_options (id,exercise_id,option_text,is_correct,order_index) values ('00000000-0000-4000-8000-000000005317','00000000-0000-4000-8000-000000001c8b','13',true,2) on conflict (id) do update set option_text = excluded.option_text, is_correct = excluded.is_correct;
insert into public.exercise_options (id,exercise_id,option_text,is_correct,order_index) values ('00000000-0000-4000-8000-000000005318','00000000-0000-4000-8000-000000001c8b','16',false,3) on conflict (id) do update set option_text = excluded.option_text, is_correct = excluded.is_correct;
insert into public.exercise_options (id,exercise_id,option_text,is_correct,order_index) values ('00000000-0000-4000-8000-000000005319','00000000-0000-4000-8000-000000001c8b','20',false,4) on conflict (id) do update set option_text = excluded.option_text, is_correct = excluded.is_correct;
insert into public.exercises (id,lesson_id,skill_id,type,question,correct_answer,explanation,hint,difficulty,school_year,tags,order_index,is_active) values ('00000000-0000-4000-8000-000000001c8c','00000000-0000-4000-8000-0000000007f1','00000000-0000-4000-8000-000000000bd9','true_false','70 ÷ 5 é igual a 14.','true','70 ÷ 5 = 14.','Procure o número que multiplicado pelo divisor chega ao dividendo.',2,7,array['divisão','problemas de divisão'],8,true) on conflict (id) do update set question = excluded.question, correct_answer = excluded.correct_answer;
insert into public.exercises (id,lesson_id,skill_id,type,question,correct_answer,explanation,hint,difficulty,school_year,tags,order_index,is_active) values ('00000000-0000-4000-8000-000000001c8d','00000000-0000-4000-8000-0000000007f1','00000000-0000-4000-8000-000000000bd9','complete','75 ÷ 5','15','75 ÷ 5 = 15.','Procure o número que multiplicado pelo divisor chega ao dividendo.',2,7,array['divisão','problemas de divisão'],9,true) on conflict (id) do update set question = excluded.question, correct_answer = excluded.correct_answer;
insert into public.exercises (id,lesson_id,skill_id,type,question,correct_answer,explanation,hint,difficulty,school_year,tags,order_index,is_active) values ('00000000-0000-4000-8000-000000001c8e','00000000-0000-4000-8000-0000000007f1','00000000-0000-4000-8000-000000000bd9','word_problem','80 balas foram divididas entre 5 crianças. Quantas cada uma recebeu?','16','80 ÷ 5 = 16.','Procure o número que multiplicado pelo divisor chega ao dividendo.',3,7,array['divisão','problemas de divisão'],10,true) on conflict (id) do update set question = excluded.question, correct_answer = excluded.correct_answer;
insert into public.exercises (id,lesson_id,skill_id,type,question,correct_answer,explanation,hint,difficulty,school_year,tags,order_index,is_active) values ('00000000-0000-4000-8000-000000001c8f','00000000-0000-4000-8000-0000000007f1','00000000-0000-4000-8000-000000000bd9','multiple_choice','85 ÷ 5','17','85 ÷ 5 = 17.','Procure o número que multiplicado pelo divisor chega ao dividendo.',3,7,array['divisão','problemas de divisão'],11,true) on conflict (id) do update set question = excluded.question, correct_answer = excluded.correct_answer;
insert into public.exercise_options (id,exercise_id,option_text,is_correct,order_index) values ('00000000-0000-4000-8000-00000000533e','00000000-0000-4000-8000-000000001c8f','15',false,1) on conflict (id) do update set option_text = excluded.option_text, is_correct = excluded.is_correct;
insert into public.exercise_options (id,exercise_id,option_text,is_correct,order_index) values ('00000000-0000-4000-8000-00000000533f','00000000-0000-4000-8000-000000001c8f','17',true,2) on conflict (id) do update set option_text = excluded.option_text, is_correct = excluded.is_correct;
insert into public.exercise_options (id,exercise_id,option_text,is_correct,order_index) values ('00000000-0000-4000-8000-000000005340','00000000-0000-4000-8000-000000001c8f','20',false,3) on conflict (id) do update set option_text = excluded.option_text, is_correct = excluded.is_correct;
insert into public.exercise_options (id,exercise_id,option_text,is_correct,order_index) values ('00000000-0000-4000-8000-000000005341','00000000-0000-4000-8000-000000001c8f','24',false,4) on conflict (id) do update set option_text = excluded.option_text, is_correct = excluded.is_correct;
insert into public.exercises (id,lesson_id,skill_id,type,question,correct_answer,explanation,hint,difficulty,school_year,tags,order_index,is_active) values ('00000000-0000-4000-8000-000000001c90','00000000-0000-4000-8000-0000000007f1','00000000-0000-4000-8000-000000000bd9','true_false','90 ÷ 5 é igual a 18.','true','90 ÷ 5 = 18.','Procure o número que multiplicado pelo divisor chega ao dividendo.',3,7,array['divisão','problemas de divisão'],12,true) on conflict (id) do update set question = excluded.question, correct_answer = excluded.correct_answer;
insert into public.exercises (id,lesson_id,skill_id,type,question,correct_answer,explanation,hint,difficulty,school_year,tags,order_index,is_active) values ('00000000-0000-4000-8000-000000001c91','00000000-0000-4000-8000-0000000007f1','00000000-0000-4000-8000-000000000bd9','multiple_choice','95 ÷ 5','19','95 ÷ 5 = 19.','Procure o número que multiplicado pelo divisor chega ao dividendo.',3,7,array['divisão','problemas de divisão'],13,true) on conflict (id) do update set question = excluded.question, correct_answer = excluded.correct_answer;
insert into public.exercise_options (id,exercise_id,option_text,is_correct,order_index) values ('00000000-0000-4000-8000-000000005352','00000000-0000-4000-8000-000000001c91','17',false,1) on conflict (id) do update set option_text = excluded.option_text, is_correct = excluded.is_correct;
insert into public.exercise_options (id,exercise_id,option_text,is_correct,order_index) values ('00000000-0000-4000-8000-000000005353','00000000-0000-4000-8000-000000001c91','19',true,2) on conflict (id) do update set option_text = excluded.option_text, is_correct = excluded.is_correct;
insert into public.exercise_options (id,exercise_id,option_text,is_correct,order_index) values ('00000000-0000-4000-8000-000000005354','00000000-0000-4000-8000-000000001c91','22',false,3) on conflict (id) do update set option_text = excluded.option_text, is_correct = excluded.is_correct;
insert into public.exercise_options (id,exercise_id,option_text,is_correct,order_index) values ('00000000-0000-4000-8000-000000005355','00000000-0000-4000-8000-000000001c91','26',false,4) on conflict (id) do update set option_text = excluded.option_text, is_correct = excluded.is_correct;
insert into public.exercises (id,lesson_id,skill_id,type,question,correct_answer,explanation,hint,difficulty,school_year,tags,order_index,is_active) values ('00000000-0000-4000-8000-000000001c92','00000000-0000-4000-8000-0000000007f1','00000000-0000-4000-8000-000000000bd9','input','100 ÷ 5','20','100 ÷ 5 = 20.','Procure o número que multiplicado pelo divisor chega ao dividendo.',3,7,array['divisão','problemas de divisão'],14,true) on conflict (id) do update set question = excluded.question, correct_answer = excluded.correct_answer;
insert into public.exercises (id,lesson_id,skill_id,type,question,correct_answer,explanation,hint,difficulty,school_year,tags,order_index,is_active) values ('00000000-0000-4000-8000-000000001c93','00000000-0000-4000-8000-0000000007f1','00000000-0000-4000-8000-000000000bd9','word_problem','105 balas foram divididas entre 5 crianças. Quantas cada uma recebeu?','21','105 ÷ 5 = 21.','Procure o número que multiplicado pelo divisor chega ao dividendo.',4,7,array['divisão','problemas de divisão'],15,true) on conflict (id) do update set question = excluded.question, correct_answer = excluded.correct_answer;
insert into public.exercises (id,lesson_id,skill_id,type,question,correct_answer,explanation,hint,difficulty,school_year,tags,order_index,is_active) values ('00000000-0000-4000-8000-000000001c94','00000000-0000-4000-8000-0000000007f1','00000000-0000-4000-8000-000000000bd9','true_false','110 ÷ 5 é igual a 22.','true','110 ÷ 5 = 22.','Procure o número que multiplicado pelo divisor chega ao dividendo.',4,7,array['divisão','problemas de divisão'],16,true) on conflict (id) do update set question = excluded.question, correct_answer = excluded.correct_answer;
insert into public.exercises (id,lesson_id,skill_id,type,question,correct_answer,explanation,hint,difficulty,school_year,tags,order_index,is_active) values ('00000000-0000-4000-8000-000000001c95','00000000-0000-4000-8000-0000000007f1','00000000-0000-4000-8000-000000000bd9','multiple_choice','115 ÷ 5','23','115 ÷ 5 = 23.','Procure o número que multiplicado pelo divisor chega ao dividendo.',4,7,array['divisão','problemas de divisão'],17,true) on conflict (id) do update set question = excluded.question, correct_answer = excluded.correct_answer;
insert into public.exercise_options (id,exercise_id,option_text,is_correct,order_index) values ('00000000-0000-4000-8000-00000000537a','00000000-0000-4000-8000-000000001c95','21',false,1) on conflict (id) do update set option_text = excluded.option_text, is_correct = excluded.is_correct;
insert into public.exercise_options (id,exercise_id,option_text,is_correct,order_index) values ('00000000-0000-4000-8000-00000000537b','00000000-0000-4000-8000-000000001c95','23',true,2) on conflict (id) do update set option_text = excluded.option_text, is_correct = excluded.is_correct;
insert into public.exercise_options (id,exercise_id,option_text,is_correct,order_index) values ('00000000-0000-4000-8000-00000000537c','00000000-0000-4000-8000-000000001c95','26',false,3) on conflict (id) do update set option_text = excluded.option_text, is_correct = excluded.is_correct;
insert into public.exercise_options (id,exercise_id,option_text,is_correct,order_index) values ('00000000-0000-4000-8000-00000000537d','00000000-0000-4000-8000-000000001c95','30',false,4) on conflict (id) do update set option_text = excluded.option_text, is_correct = excluded.is_correct;
insert into public.exercises (id,lesson_id,skill_id,type,question,correct_answer,explanation,hint,difficulty,school_year,tags,order_index,is_active) values ('00000000-0000-4000-8000-000000001c96','00000000-0000-4000-8000-0000000007f1','00000000-0000-4000-8000-000000000bd9','complete','120 ÷ 5','24','120 ÷ 5 = 24.','Procure o número que multiplicado pelo divisor chega ao dividendo.',4,7,array['divisão','problemas de divisão'],18,true) on conflict (id) do update set question = excluded.question, correct_answer = excluded.correct_answer;
insert into public.exercises (id,lesson_id,skill_id,type,question,correct_answer,explanation,hint,difficulty,school_year,tags,order_index,is_active) values ('00000000-0000-4000-8000-000000001c97','00000000-0000-4000-8000-0000000007f1','00000000-0000-4000-8000-000000000bd9','multiple_choice','125 ÷ 5','25','125 ÷ 5 = 25.','Procure o número que multiplicado pelo divisor chega ao dividendo.',4,7,array['divisão','problemas de divisão'],19,true) on conflict (id) do update set question = excluded.question, correct_answer = excluded.correct_answer;
insert into public.exercise_options (id,exercise_id,option_text,is_correct,order_index) values ('00000000-0000-4000-8000-00000000538e','00000000-0000-4000-8000-000000001c97','23',false,1) on conflict (id) do update set option_text = excluded.option_text, is_correct = excluded.is_correct;
insert into public.exercise_options (id,exercise_id,option_text,is_correct,order_index) values ('00000000-0000-4000-8000-00000000538f','00000000-0000-4000-8000-000000001c97','25',true,2) on conflict (id) do update set option_text = excluded.option_text, is_correct = excluded.is_correct;
insert into public.exercise_options (id,exercise_id,option_text,is_correct,order_index) values ('00000000-0000-4000-8000-000000005390','00000000-0000-4000-8000-000000001c97','28',false,3) on conflict (id) do update set option_text = excluded.option_text, is_correct = excluded.is_correct;
insert into public.exercise_options (id,exercise_id,option_text,is_correct,order_index) values ('00000000-0000-4000-8000-000000005391','00000000-0000-4000-8000-000000001c97','32',false,4) on conflict (id) do update set option_text = excluded.option_text, is_correct = excluded.is_correct;
insert into public.exercises (id,lesson_id,skill_id,type,question,correct_answer,explanation,hint,difficulty,school_year,tags,order_index,is_active) values ('00000000-0000-4000-8000-000000001c98','00000000-0000-4000-8000-0000000007f1','00000000-0000-4000-8000-000000000bd9','word_problem','130 balas foram divididas entre 5 crianças. Quantas cada uma recebeu?','26','130 ÷ 5 = 26.','Procure o número que multiplicado pelo divisor chega ao dividendo.',5,7,array['divisão','problemas de divisão'],20,true) on conflict (id) do update set question = excluded.question, correct_answer = excluded.correct_answer;
insert into public.modules (id,title,description,order_index,icon,color,required_xp,is_active) values ('00000000-0000-4000-8000-0000000003ec','Expressões numéricas','Módulo de expressões numéricas para o 7º ano.',5,'Parentheses','indigo',320,true) on conflict (id) do update set title = excluded.title;
insert into public.skills (id,name,description,school_year) values ('00000000-0000-4000-8000-000000000be0','Ordem das operações','Habilidade: Ordem das operações.',7) on conflict (id) do update set name = excluded.name;
insert into public.lessons (id,module_id,title,description,explanation,example,order_index,xp_bonus,is_active) values ('00000000-0000-4000-8000-0000000007f8','00000000-0000-4000-8000-0000000003ec','Ordem das operações','Treino guiado com dica e feedback imediato.','Resolva uma parte por vez e confira seu raciocínio.','Exemplo resolvido aparece antes da prática.',1,20,true) on conflict (id) do update set title = excluded.title;
insert into public.exercises (id,lesson_id,skill_id,type,question,correct_answer,explanation,hint,difficulty,school_year,tags,order_index,is_active) values ('00000000-0000-4000-8000-000000001f41','00000000-0000-4000-8000-0000000007f8','00000000-0000-4000-8000-000000000be0','multiple_choice','(83 + 7) x 2','180','Use a ordem das operações para chegar a 180.','Resolva parênteses e multiplicações antes da soma.',1,7,array['expressões numéricas','ordem das operações'],1,true) on conflict (id) do update set question = excluded.question, correct_answer = excluded.correct_answer;
insert into public.exercise_options (id,exercise_id,option_text,is_correct,order_index) values ('00000000-0000-4000-8000-000000005dca','00000000-0000-4000-8000-000000001f41','178',false,1) on conflict (id) do update set option_text = excluded.option_text, is_correct = excluded.is_correct;
insert into public.exercise_options (id,exercise_id,option_text,is_correct,order_index) values ('00000000-0000-4000-8000-000000005dcb','00000000-0000-4000-8000-000000001f41','180',true,2) on conflict (id) do update set option_text = excluded.option_text, is_correct = excluded.is_correct;
insert into public.exercise_options (id,exercise_id,option_text,is_correct,order_index) values ('00000000-0000-4000-8000-000000005dcc','00000000-0000-4000-8000-000000001f41','183',false,3) on conflict (id) do update set option_text = excluded.option_text, is_correct = excluded.is_correct;
insert into public.exercise_options (id,exercise_id,option_text,is_correct,order_index) values ('00000000-0000-4000-8000-000000005dcd','00000000-0000-4000-8000-000000001f41','187',false,4) on conflict (id) do update set option_text = excluded.option_text, is_correct = excluded.is_correct;
insert into public.exercises (id,lesson_id,skill_id,type,question,correct_answer,explanation,hint,difficulty,school_year,tags,order_index,is_active) values ('00000000-0000-4000-8000-000000001f42','00000000-0000-4000-8000-0000000007f8','00000000-0000-4000-8000-000000000be0','input','86 + 9 x 2','104','Use a ordem das operações para chegar a 104.','Resolva parênteses e multiplicações antes da soma.',1,7,array['expressões numéricas','ordem das operações'],2,true) on conflict (id) do update set question = excluded.question, correct_answer = excluded.correct_answer;
insert into public.exercises (id,lesson_id,skill_id,type,question,correct_answer,explanation,hint,difficulty,school_year,tags,order_index,is_active) values ('00000000-0000-4000-8000-000000001f43','00000000-0000-4000-8000-0000000007f8','00000000-0000-4000-8000-000000000be0','complete','(89 + 11) x 2','200','Use a ordem das operações para chegar a 200.','Resolva parênteses e multiplicações antes da soma.',1,7,array['expressões numéricas','ordem das operações'],3,true) on conflict (id) do update set question = excluded.question, correct_answer = excluded.correct_answer;
insert into public.exercises (id,lesson_id,skill_id,type,question,correct_answer,explanation,hint,difficulty,school_year,tags,order_index,is_active) values ('00000000-0000-4000-8000-000000001f44','00000000-0000-4000-8000-0000000007f8','00000000-0000-4000-8000-000000000be0','true_false','92 + 13 x 2 é igual a 118.','true','Use a ordem das operações para chegar a 118.','Resolva parênteses e multiplicações antes da soma.',1,7,array['expressões numéricas','ordem das operações'],4,true) on conflict (id) do update set question = excluded.question, correct_answer = excluded.correct_answer;
insert into public.exercises (id,lesson_id,skill_id,type,question,correct_answer,explanation,hint,difficulty,school_year,tags,order_index,is_active) values ('00000000-0000-4000-8000-000000001f45','00000000-0000-4000-8000-0000000007f8','00000000-0000-4000-8000-000000000be0','word_problem','(95 + 15) x 2','220','Use a ordem das operações para chegar a 220.','Resolva parênteses e multiplicações antes da soma.',2,7,array['expressões numéricas','ordem das operações'],5,true) on conflict (id) do update set question = excluded.question, correct_answer = excluded.correct_answer;
insert into public.exercises (id,lesson_id,skill_id,type,question,correct_answer,explanation,hint,difficulty,school_year,tags,order_index,is_active) values ('00000000-0000-4000-8000-000000001f46','00000000-0000-4000-8000-0000000007f8','00000000-0000-4000-8000-000000000be0','complete','98 + 17 x 2','132','Use a ordem das operações para chegar a 132.','Resolva parênteses e multiplicações antes da soma.',2,7,array['expressões numéricas','ordem das operações'],6,true) on conflict (id) do update set question = excluded.question, correct_answer = excluded.correct_answer;
insert into public.exercises (id,lesson_id,skill_id,type,question,correct_answer,explanation,hint,difficulty,school_year,tags,order_index,is_active) values ('00000000-0000-4000-8000-000000001f47','00000000-0000-4000-8000-0000000007f8','00000000-0000-4000-8000-000000000be0','multiple_choice','(101 + 19) x 2','240','Use a ordem das operações para chegar a 240.','Resolva parênteses e multiplicações antes da soma.',2,7,array['expressões numéricas','ordem das operações'],7,true) on conflict (id) do update set question = excluded.question, correct_answer = excluded.correct_answer;
insert into public.exercise_options (id,exercise_id,option_text,is_correct,order_index) values ('00000000-0000-4000-8000-000000005e06','00000000-0000-4000-8000-000000001f47','238',false,1) on conflict (id) do update set option_text = excluded.option_text, is_correct = excluded.is_correct;
insert into public.exercise_options (id,exercise_id,option_text,is_correct,order_index) values ('00000000-0000-4000-8000-000000005e07','00000000-0000-4000-8000-000000001f47','240',true,2) on conflict (id) do update set option_text = excluded.option_text, is_correct = excluded.is_correct;
insert into public.exercise_options (id,exercise_id,option_text,is_correct,order_index) values ('00000000-0000-4000-8000-000000005e08','00000000-0000-4000-8000-000000001f47','243',false,3) on conflict (id) do update set option_text = excluded.option_text, is_correct = excluded.is_correct;
insert into public.exercise_options (id,exercise_id,option_text,is_correct,order_index) values ('00000000-0000-4000-8000-000000005e09','00000000-0000-4000-8000-000000001f47','247',false,4) on conflict (id) do update set option_text = excluded.option_text, is_correct = excluded.is_correct;
insert into public.exercises (id,lesson_id,skill_id,type,question,correct_answer,explanation,hint,difficulty,school_year,tags,order_index,is_active) values ('00000000-0000-4000-8000-000000001f48','00000000-0000-4000-8000-0000000007f8','00000000-0000-4000-8000-000000000be0','true_false','104 + 21 x 2 é igual a 146.','true','Use a ordem das operações para chegar a 146.','Resolva parênteses e multiplicações antes da soma.',2,7,array['expressões numéricas','ordem das operações'],8,true) on conflict (id) do update set question = excluded.question, correct_answer = excluded.correct_answer;
insert into public.exercises (id,lesson_id,skill_id,type,question,correct_answer,explanation,hint,difficulty,school_year,tags,order_index,is_active) values ('00000000-0000-4000-8000-000000001f49','00000000-0000-4000-8000-0000000007f8','00000000-0000-4000-8000-000000000be0','complete','(107 + 23) x 2','260','Use a ordem das operações para chegar a 260.','Resolva parênteses e multiplicações antes da soma.',2,7,array['expressões numéricas','ordem das operações'],9,true) on conflict (id) do update set question = excluded.question, correct_answer = excluded.correct_answer;
insert into public.exercises (id,lesson_id,skill_id,type,question,correct_answer,explanation,hint,difficulty,school_year,tags,order_index,is_active) values ('00000000-0000-4000-8000-000000001f4a','00000000-0000-4000-8000-0000000007f8','00000000-0000-4000-8000-000000000be0','word_problem','110 + 25 x 2','160','Use a ordem das operações para chegar a 160.','Resolva parênteses e multiplicações antes da soma.',3,7,array['expressões numéricas','ordem das operações'],10,true) on conflict (id) do update set question = excluded.question, correct_answer = excluded.correct_answer;
insert into public.skills (id,name,description,school_year) values ('00000000-0000-4000-8000-000000000be1','Parênteses','Habilidade: Parênteses.',7) on conflict (id) do update set name = excluded.name;
insert into public.lessons (id,module_id,title,description,explanation,example,order_index,xp_bonus,is_active) values ('00000000-0000-4000-8000-0000000007f9','00000000-0000-4000-8000-0000000003ec','Parênteses','Treino guiado com dica e feedback imediato.','Resolva uma parte por vez e confira seu raciocínio.','Exemplo resolvido aparece antes da prática.',2,20,true) on conflict (id) do update set title = excluded.title;
insert into public.exercises (id,lesson_id,skill_id,type,question,correct_answer,explanation,hint,difficulty,school_year,tags,order_index,is_active) values ('00000000-0000-4000-8000-000000001fa5','00000000-0000-4000-8000-0000000007f9','00000000-0000-4000-8000-000000000be1','multiple_choice','(84 + 16) x 3','300','Use a ordem das operações para chegar a 300.','Resolva parênteses e multiplicações antes da soma.',1,7,array['expressões numéricas','parênteses'],1,true) on conflict (id) do update set question = excluded.question, correct_answer = excluded.correct_answer;
insert into public.exercise_options (id,exercise_id,option_text,is_correct,order_index) values ('00000000-0000-4000-8000-000000005f5a','00000000-0000-4000-8000-000000001fa5','298',false,1) on conflict (id) do update set option_text = excluded.option_text, is_correct = excluded.is_correct;
insert into public.exercise_options (id,exercise_id,option_text,is_correct,order_index) values ('00000000-0000-4000-8000-000000005f5b','00000000-0000-4000-8000-000000001fa5','300',true,2) on conflict (id) do update set option_text = excluded.option_text, is_correct = excluded.is_correct;
insert into public.exercise_options (id,exercise_id,option_text,is_correct,order_index) values ('00000000-0000-4000-8000-000000005f5c','00000000-0000-4000-8000-000000001fa5','303',false,3) on conflict (id) do update set option_text = excluded.option_text, is_correct = excluded.is_correct;
insert into public.exercise_options (id,exercise_id,option_text,is_correct,order_index) values ('00000000-0000-4000-8000-000000005f5d','00000000-0000-4000-8000-000000001fa5','307',false,4) on conflict (id) do update set option_text = excluded.option_text, is_correct = excluded.is_correct;
insert into public.exercises (id,lesson_id,skill_id,type,question,correct_answer,explanation,hint,difficulty,school_year,tags,order_index,is_active) values ('00000000-0000-4000-8000-000000001fa6','00000000-0000-4000-8000-0000000007f9','00000000-0000-4000-8000-000000000be1','input','87 + 18 x 3','141','Use a ordem das operações para chegar a 141.','Resolva parênteses e multiplicações antes da soma.',1,7,array['expressões numéricas','parênteses'],2,true) on conflict (id) do update set question = excluded.question, correct_answer = excluded.correct_answer;
insert into public.exercises (id,lesson_id,skill_id,type,question,correct_answer,explanation,hint,difficulty,school_year,tags,order_index,is_active) values ('00000000-0000-4000-8000-000000001fa7','00000000-0000-4000-8000-0000000007f9','00000000-0000-4000-8000-000000000be1','complete','(90 + 20) x 3','330','Use a ordem das operações para chegar a 330.','Resolva parênteses e multiplicações antes da soma.',1,7,array['expressões numéricas','parênteses'],3,true) on conflict (id) do update set question = excluded.question, correct_answer = excluded.correct_answer;
insert into public.exercises (id,lesson_id,skill_id,type,question,correct_answer,explanation,hint,difficulty,school_year,tags,order_index,is_active) values ('00000000-0000-4000-8000-000000001fa8','00000000-0000-4000-8000-0000000007f9','00000000-0000-4000-8000-000000000be1','true_false','93 + 22 x 3 é igual a 159.','true','Use a ordem das operações para chegar a 159.','Resolva parênteses e multiplicações antes da soma.',1,7,array['expressões numéricas','parênteses'],4,true) on conflict (id) do update set question = excluded.question, correct_answer = excluded.correct_answer;
insert into public.exercises (id,lesson_id,skill_id,type,question,correct_answer,explanation,hint,difficulty,school_year,tags,order_index,is_active) values ('00000000-0000-4000-8000-000000001fa9','00000000-0000-4000-8000-0000000007f9','00000000-0000-4000-8000-000000000be1','word_problem','(96 + 24) x 3','360','Use a ordem das operações para chegar a 360.','Resolva parênteses e multiplicações antes da soma.',2,7,array['expressões numéricas','parênteses'],5,true) on conflict (id) do update set question = excluded.question, correct_answer = excluded.correct_answer;
insert into public.exercises (id,lesson_id,skill_id,type,question,correct_answer,explanation,hint,difficulty,school_year,tags,order_index,is_active) values ('00000000-0000-4000-8000-000000001faa','00000000-0000-4000-8000-0000000007f9','00000000-0000-4000-8000-000000000be1','complete','99 + 26 x 3','177','Use a ordem das operações para chegar a 177.','Resolva parênteses e multiplicações antes da soma.',2,7,array['expressões numéricas','parênteses'],6,true) on conflict (id) do update set question = excluded.question, correct_answer = excluded.correct_answer;
insert into public.exercises (id,lesson_id,skill_id,type,question,correct_answer,explanation,hint,difficulty,school_year,tags,order_index,is_active) values ('00000000-0000-4000-8000-000000001fab','00000000-0000-4000-8000-0000000007f9','00000000-0000-4000-8000-000000000be1','multiple_choice','(102 + 28) x 3','390','Use a ordem das operações para chegar a 390.','Resolva parênteses e multiplicações antes da soma.',2,7,array['expressões numéricas','parênteses'],7,true) on conflict (id) do update set question = excluded.question, correct_answer = excluded.correct_answer;
insert into public.exercise_options (id,exercise_id,option_text,is_correct,order_index) values ('00000000-0000-4000-8000-000000005f96','00000000-0000-4000-8000-000000001fab','388',false,1) on conflict (id) do update set option_text = excluded.option_text, is_correct = excluded.is_correct;
insert into public.exercise_options (id,exercise_id,option_text,is_correct,order_index) values ('00000000-0000-4000-8000-000000005f97','00000000-0000-4000-8000-000000001fab','390',true,2) on conflict (id) do update set option_text = excluded.option_text, is_correct = excluded.is_correct;
insert into public.exercise_options (id,exercise_id,option_text,is_correct,order_index) values ('00000000-0000-4000-8000-000000005f98','00000000-0000-4000-8000-000000001fab','393',false,3) on conflict (id) do update set option_text = excluded.option_text, is_correct = excluded.is_correct;
insert into public.exercise_options (id,exercise_id,option_text,is_correct,order_index) values ('00000000-0000-4000-8000-000000005f99','00000000-0000-4000-8000-000000001fab','397',false,4) on conflict (id) do update set option_text = excluded.option_text, is_correct = excluded.is_correct;
insert into public.exercises (id,lesson_id,skill_id,type,question,correct_answer,explanation,hint,difficulty,school_year,tags,order_index,is_active) values ('00000000-0000-4000-8000-000000001fac','00000000-0000-4000-8000-0000000007f9','00000000-0000-4000-8000-000000000be1','true_false','105 + 30 x 3 é igual a 195.','true','Use a ordem das operações para chegar a 195.','Resolva parênteses e multiplicações antes da soma.',2,7,array['expressões numéricas','parênteses'],8,true) on conflict (id) do update set question = excluded.question, correct_answer = excluded.correct_answer;
insert into public.exercises (id,lesson_id,skill_id,type,question,correct_answer,explanation,hint,difficulty,school_year,tags,order_index,is_active) values ('00000000-0000-4000-8000-000000001fad','00000000-0000-4000-8000-0000000007f9','00000000-0000-4000-8000-000000000be1','complete','(108 + 32) x 3','420','Use a ordem das operações para chegar a 420.','Resolva parênteses e multiplicações antes da soma.',2,7,array['expressões numéricas','parênteses'],9,true) on conflict (id) do update set question = excluded.question, correct_answer = excluded.correct_answer;
insert into public.exercises (id,lesson_id,skill_id,type,question,correct_answer,explanation,hint,difficulty,school_year,tags,order_index,is_active) values ('00000000-0000-4000-8000-000000001fae','00000000-0000-4000-8000-0000000007f9','00000000-0000-4000-8000-000000000be1','word_problem','111 + 34 x 3','213','Use a ordem das operações para chegar a 213.','Resolva parênteses e multiplicações antes da soma.',3,7,array['expressões numéricas','parênteses'],10,true) on conflict (id) do update set question = excluded.question, correct_answer = excluded.correct_answer;
insert into public.skills (id,name,description,school_year) values ('00000000-0000-4000-8000-000000000be2','Mistura de operações','Habilidade: Mistura de operações.',7) on conflict (id) do update set name = excluded.name;
insert into public.lessons (id,module_id,title,description,explanation,example,order_index,xp_bonus,is_active) values ('00000000-0000-4000-8000-0000000007fa','00000000-0000-4000-8000-0000000003ec','Mistura de operações','Treino guiado com dica e feedback imediato.','Resolva uma parte por vez e confira seu raciocínio.','Exemplo resolvido aparece antes da prática.',3,20,true) on conflict (id) do update set title = excluded.title;
insert into public.exercises (id,lesson_id,skill_id,type,question,correct_answer,explanation,hint,difficulty,school_year,tags,order_index,is_active) values ('00000000-0000-4000-8000-000000002009','00000000-0000-4000-8000-0000000007fa','00000000-0000-4000-8000-000000000be2','multiple_choice','(85 + 25) x 4','440','Use a ordem das operações para chegar a 440.','Resolva parênteses e multiplicações antes da soma.',1,7,array['expressões numéricas','mistura de operações'],1,true) on conflict (id) do update set question = excluded.question, correct_answer = excluded.correct_answer;
insert into public.exercise_options (id,exercise_id,option_text,is_correct,order_index) values ('00000000-0000-4000-8000-0000000060ea','00000000-0000-4000-8000-000000002009','438',false,1) on conflict (id) do update set option_text = excluded.option_text, is_correct = excluded.is_correct;
insert into public.exercise_options (id,exercise_id,option_text,is_correct,order_index) values ('00000000-0000-4000-8000-0000000060eb','00000000-0000-4000-8000-000000002009','440',true,2) on conflict (id) do update set option_text = excluded.option_text, is_correct = excluded.is_correct;
insert into public.exercise_options (id,exercise_id,option_text,is_correct,order_index) values ('00000000-0000-4000-8000-0000000060ec','00000000-0000-4000-8000-000000002009','443',false,3) on conflict (id) do update set option_text = excluded.option_text, is_correct = excluded.is_correct;
insert into public.exercise_options (id,exercise_id,option_text,is_correct,order_index) values ('00000000-0000-4000-8000-0000000060ed','00000000-0000-4000-8000-000000002009','447',false,4) on conflict (id) do update set option_text = excluded.option_text, is_correct = excluded.is_correct;
insert into public.exercises (id,lesson_id,skill_id,type,question,correct_answer,explanation,hint,difficulty,school_year,tags,order_index,is_active) values ('00000000-0000-4000-8000-00000000200a','00000000-0000-4000-8000-0000000007fa','00000000-0000-4000-8000-000000000be2','input','88 + 27 x 4','196','Use a ordem das operações para chegar a 196.','Resolva parênteses e multiplicações antes da soma.',1,7,array['expressões numéricas','mistura de operações'],2,true) on conflict (id) do update set question = excluded.question, correct_answer = excluded.correct_answer;
insert into public.exercises (id,lesson_id,skill_id,type,question,correct_answer,explanation,hint,difficulty,school_year,tags,order_index,is_active) values ('00000000-0000-4000-8000-00000000200b','00000000-0000-4000-8000-0000000007fa','00000000-0000-4000-8000-000000000be2','complete','(91 + 29) x 4','480','Use a ordem das operações para chegar a 480.','Resolva parênteses e multiplicações antes da soma.',1,7,array['expressões numéricas','mistura de operações'],3,true) on conflict (id) do update set question = excluded.question, correct_answer = excluded.correct_answer;
insert into public.exercises (id,lesson_id,skill_id,type,question,correct_answer,explanation,hint,difficulty,school_year,tags,order_index,is_active) values ('00000000-0000-4000-8000-00000000200c','00000000-0000-4000-8000-0000000007fa','00000000-0000-4000-8000-000000000be2','true_false','94 + 31 x 4 é igual a 218.','true','Use a ordem das operações para chegar a 218.','Resolva parênteses e multiplicações antes da soma.',1,7,array['expressões numéricas','mistura de operações'],4,true) on conflict (id) do update set question = excluded.question, correct_answer = excluded.correct_answer;
insert into public.exercises (id,lesson_id,skill_id,type,question,correct_answer,explanation,hint,difficulty,school_year,tags,order_index,is_active) values ('00000000-0000-4000-8000-00000000200d','00000000-0000-4000-8000-0000000007fa','00000000-0000-4000-8000-000000000be2','word_problem','(97 + 33) x 4','520','Use a ordem das operações para chegar a 520.','Resolva parênteses e multiplicações antes da soma.',2,7,array['expressões numéricas','mistura de operações'],5,true) on conflict (id) do update set question = excluded.question, correct_answer = excluded.correct_answer;
insert into public.exercises (id,lesson_id,skill_id,type,question,correct_answer,explanation,hint,difficulty,school_year,tags,order_index,is_active) values ('00000000-0000-4000-8000-00000000200e','00000000-0000-4000-8000-0000000007fa','00000000-0000-4000-8000-000000000be2','complete','100 + 35 x 4','240','Use a ordem das operações para chegar a 240.','Resolva parênteses e multiplicações antes da soma.',2,7,array['expressões numéricas','mistura de operações'],6,true) on conflict (id) do update set question = excluded.question, correct_answer = excluded.correct_answer;
insert into public.exercises (id,lesson_id,skill_id,type,question,correct_answer,explanation,hint,difficulty,school_year,tags,order_index,is_active) values ('00000000-0000-4000-8000-00000000200f','00000000-0000-4000-8000-0000000007fa','00000000-0000-4000-8000-000000000be2','multiple_choice','(103 + 37) x 4','560','Use a ordem das operações para chegar a 560.','Resolva parênteses e multiplicações antes da soma.',2,7,array['expressões numéricas','mistura de operações'],7,true) on conflict (id) do update set question = excluded.question, correct_answer = excluded.correct_answer;
insert into public.exercise_options (id,exercise_id,option_text,is_correct,order_index) values ('00000000-0000-4000-8000-000000006126','00000000-0000-4000-8000-00000000200f','558',false,1) on conflict (id) do update set option_text = excluded.option_text, is_correct = excluded.is_correct;
insert into public.exercise_options (id,exercise_id,option_text,is_correct,order_index) values ('00000000-0000-4000-8000-000000006127','00000000-0000-4000-8000-00000000200f','560',true,2) on conflict (id) do update set option_text = excluded.option_text, is_correct = excluded.is_correct;
insert into public.exercise_options (id,exercise_id,option_text,is_correct,order_index) values ('00000000-0000-4000-8000-000000006128','00000000-0000-4000-8000-00000000200f','563',false,3) on conflict (id) do update set option_text = excluded.option_text, is_correct = excluded.is_correct;
insert into public.exercise_options (id,exercise_id,option_text,is_correct,order_index) values ('00000000-0000-4000-8000-000000006129','00000000-0000-4000-8000-00000000200f','567',false,4) on conflict (id) do update set option_text = excluded.option_text, is_correct = excluded.is_correct;
insert into public.exercises (id,lesson_id,skill_id,type,question,correct_answer,explanation,hint,difficulty,school_year,tags,order_index,is_active) values ('00000000-0000-4000-8000-000000002010','00000000-0000-4000-8000-0000000007fa','00000000-0000-4000-8000-000000000be2','true_false','106 + 39 x 4 é igual a 262.','true','Use a ordem das operações para chegar a 262.','Resolva parênteses e multiplicações antes da soma.',2,7,array['expressões numéricas','mistura de operações'],8,true) on conflict (id) do update set question = excluded.question, correct_answer = excluded.correct_answer;
insert into public.exercises (id,lesson_id,skill_id,type,question,correct_answer,explanation,hint,difficulty,school_year,tags,order_index,is_active) values ('00000000-0000-4000-8000-000000002011','00000000-0000-4000-8000-0000000007fa','00000000-0000-4000-8000-000000000be2','complete','(109 + 41) x 4','600','Use a ordem das operações para chegar a 600.','Resolva parênteses e multiplicações antes da soma.',2,7,array['expressões numéricas','mistura de operações'],9,true) on conflict (id) do update set question = excluded.question, correct_answer = excluded.correct_answer;
insert into public.exercises (id,lesson_id,skill_id,type,question,correct_answer,explanation,hint,difficulty,school_year,tags,order_index,is_active) values ('00000000-0000-4000-8000-000000002012','00000000-0000-4000-8000-0000000007fa','00000000-0000-4000-8000-000000000be2','word_problem','112 + 43 x 4','284','Use a ordem das operações para chegar a 284.','Resolva parênteses e multiplicações antes da soma.',3,7,array['expressões numéricas','mistura de operações'],10,true) on conflict (id) do update set question = excluded.question, correct_answer = excluded.correct_answer;
insert into public.skills (id,name,description,school_year) values ('00000000-0000-4000-8000-000000000be3','Problemas com expressões','Habilidade: Problemas com expressões.',7) on conflict (id) do update set name = excluded.name;
insert into public.lessons (id,module_id,title,description,explanation,example,order_index,xp_bonus,is_active) values ('00000000-0000-4000-8000-0000000007fb','00000000-0000-4000-8000-0000000003ec','Problemas com expressões','Treino guiado com dica e feedback imediato.','Resolva uma parte por vez e confira seu raciocínio.','Exemplo resolvido aparece antes da prática.',4,20,true) on conflict (id) do update set title = excluded.title;
insert into public.exercises (id,lesson_id,skill_id,type,question,correct_answer,explanation,hint,difficulty,school_year,tags,order_index,is_active) values ('00000000-0000-4000-8000-00000000206d','00000000-0000-4000-8000-0000000007fb','00000000-0000-4000-8000-000000000be3','multiple_choice','(86 + 34) x 5','600','Use a ordem das operações para chegar a 600.','Resolva parênteses e multiplicações antes da soma.',1,7,array['expressões numéricas','problemas com expressões'],1,true) on conflict (id) do update set question = excluded.question, correct_answer = excluded.correct_answer;
insert into public.exercise_options (id,exercise_id,option_text,is_correct,order_index) values ('00000000-0000-4000-8000-00000000627a','00000000-0000-4000-8000-00000000206d','598',false,1) on conflict (id) do update set option_text = excluded.option_text, is_correct = excluded.is_correct;
insert into public.exercise_options (id,exercise_id,option_text,is_correct,order_index) values ('00000000-0000-4000-8000-00000000627b','00000000-0000-4000-8000-00000000206d','600',true,2) on conflict (id) do update set option_text = excluded.option_text, is_correct = excluded.is_correct;
insert into public.exercise_options (id,exercise_id,option_text,is_correct,order_index) values ('00000000-0000-4000-8000-00000000627c','00000000-0000-4000-8000-00000000206d','603',false,3) on conflict (id) do update set option_text = excluded.option_text, is_correct = excluded.is_correct;
insert into public.exercise_options (id,exercise_id,option_text,is_correct,order_index) values ('00000000-0000-4000-8000-00000000627d','00000000-0000-4000-8000-00000000206d','607',false,4) on conflict (id) do update set option_text = excluded.option_text, is_correct = excluded.is_correct;
insert into public.exercises (id,lesson_id,skill_id,type,question,correct_answer,explanation,hint,difficulty,school_year,tags,order_index,is_active) values ('00000000-0000-4000-8000-00000000206e','00000000-0000-4000-8000-0000000007fb','00000000-0000-4000-8000-000000000be3','input','89 + 36 x 5','269','Use a ordem das operações para chegar a 269.','Resolva parênteses e multiplicações antes da soma.',1,7,array['expressões numéricas','problemas com expressões'],2,true) on conflict (id) do update set question = excluded.question, correct_answer = excluded.correct_answer;
insert into public.exercises (id,lesson_id,skill_id,type,question,correct_answer,explanation,hint,difficulty,school_year,tags,order_index,is_active) values ('00000000-0000-4000-8000-00000000206f','00000000-0000-4000-8000-0000000007fb','00000000-0000-4000-8000-000000000be3','complete','(92 + 38) x 5','650','Use a ordem das operações para chegar a 650.','Resolva parênteses e multiplicações antes da soma.',1,7,array['expressões numéricas','problemas com expressões'],3,true) on conflict (id) do update set question = excluded.question, correct_answer = excluded.correct_answer;
insert into public.exercises (id,lesson_id,skill_id,type,question,correct_answer,explanation,hint,difficulty,school_year,tags,order_index,is_active) values ('00000000-0000-4000-8000-000000002070','00000000-0000-4000-8000-0000000007fb','00000000-0000-4000-8000-000000000be3','true_false','95 + 40 x 5 é igual a 295.','true','Use a ordem das operações para chegar a 295.','Resolva parênteses e multiplicações antes da soma.',1,7,array['expressões numéricas','problemas com expressões'],4,true) on conflict (id) do update set question = excluded.question, correct_answer = excluded.correct_answer;
insert into public.exercises (id,lesson_id,skill_id,type,question,correct_answer,explanation,hint,difficulty,school_year,tags,order_index,is_active) values ('00000000-0000-4000-8000-000000002071','00000000-0000-4000-8000-0000000007fb','00000000-0000-4000-8000-000000000be3','word_problem','(98 + 42) x 5','700','Use a ordem das operações para chegar a 700.','Resolva parênteses e multiplicações antes da soma.',2,7,array['expressões numéricas','problemas com expressões'],5,true) on conflict (id) do update set question = excluded.question, correct_answer = excluded.correct_answer;
insert into public.exercises (id,lesson_id,skill_id,type,question,correct_answer,explanation,hint,difficulty,school_year,tags,order_index,is_active) values ('00000000-0000-4000-8000-000000002072','00000000-0000-4000-8000-0000000007fb','00000000-0000-4000-8000-000000000be3','complete','101 + 44 x 5','321','Use a ordem das operações para chegar a 321.','Resolva parênteses e multiplicações antes da soma.',2,7,array['expressões numéricas','problemas com expressões'],6,true) on conflict (id) do update set question = excluded.question, correct_answer = excluded.correct_answer;
insert into public.exercises (id,lesson_id,skill_id,type,question,correct_answer,explanation,hint,difficulty,school_year,tags,order_index,is_active) values ('00000000-0000-4000-8000-000000002073','00000000-0000-4000-8000-0000000007fb','00000000-0000-4000-8000-000000000be3','multiple_choice','(104 + 46) x 5','750','Use a ordem das operações para chegar a 750.','Resolva parênteses e multiplicações antes da soma.',2,7,array['expressões numéricas','problemas com expressões'],7,true) on conflict (id) do update set question = excluded.question, correct_answer = excluded.correct_answer;
insert into public.exercise_options (id,exercise_id,option_text,is_correct,order_index) values ('00000000-0000-4000-8000-0000000062b6','00000000-0000-4000-8000-000000002073','748',false,1) on conflict (id) do update set option_text = excluded.option_text, is_correct = excluded.is_correct;
insert into public.exercise_options (id,exercise_id,option_text,is_correct,order_index) values ('00000000-0000-4000-8000-0000000062b7','00000000-0000-4000-8000-000000002073','750',true,2) on conflict (id) do update set option_text = excluded.option_text, is_correct = excluded.is_correct;
insert into public.exercise_options (id,exercise_id,option_text,is_correct,order_index) values ('00000000-0000-4000-8000-0000000062b8','00000000-0000-4000-8000-000000002073','753',false,3) on conflict (id) do update set option_text = excluded.option_text, is_correct = excluded.is_correct;
insert into public.exercise_options (id,exercise_id,option_text,is_correct,order_index) values ('00000000-0000-4000-8000-0000000062b9','00000000-0000-4000-8000-000000002073','757',false,4) on conflict (id) do update set option_text = excluded.option_text, is_correct = excluded.is_correct;
insert into public.exercises (id,lesson_id,skill_id,type,question,correct_answer,explanation,hint,difficulty,school_year,tags,order_index,is_active) values ('00000000-0000-4000-8000-000000002074','00000000-0000-4000-8000-0000000007fb','00000000-0000-4000-8000-000000000be3','true_false','107 + 48 x 5 é igual a 347.','true','Use a ordem das operações para chegar a 347.','Resolva parênteses e multiplicações antes da soma.',2,7,array['expressões numéricas','problemas com expressões'],8,true) on conflict (id) do update set question = excluded.question, correct_answer = excluded.correct_answer;
insert into public.exercises (id,lesson_id,skill_id,type,question,correct_answer,explanation,hint,difficulty,school_year,tags,order_index,is_active) values ('00000000-0000-4000-8000-000000002075','00000000-0000-4000-8000-0000000007fb','00000000-0000-4000-8000-000000000be3','complete','(110 + 50) x 5','800','Use a ordem das operações para chegar a 800.','Resolva parênteses e multiplicações antes da soma.',2,7,array['expressões numéricas','problemas com expressões'],9,true) on conflict (id) do update set question = excluded.question, correct_answer = excluded.correct_answer;
insert into public.exercises (id,lesson_id,skill_id,type,question,correct_answer,explanation,hint,difficulty,school_year,tags,order_index,is_active) values ('00000000-0000-4000-8000-000000002076','00000000-0000-4000-8000-0000000007fb','00000000-0000-4000-8000-000000000be3','word_problem','113 + 52 x 5','373','Use a ordem das operações para chegar a 373.','Resolva parênteses e multiplicações antes da soma.',3,7,array['expressões numéricas','problemas com expressões'],10,true) on conflict (id) do update set question = excluded.question, correct_answer = excluded.correct_answer;
insert into public.modules (id,title,description,order_index,icon,color,required_xp,is_active) values ('00000000-0000-4000-8000-0000000003ed','Frações básicas','Módulo de frações básicas para o 7º ano.',6,'PieChart','teal',400,true) on conflict (id) do update set title = excluded.title;
insert into public.skills (id,name,description,school_year) values ('00000000-0000-4000-8000-000000000bea','Conceito de fração','Habilidade: Conceito de fração.',7) on conflict (id) do update set name = excluded.name;
insert into public.lessons (id,module_id,title,description,explanation,example,order_index,xp_bonus,is_active) values ('00000000-0000-4000-8000-000000000802','00000000-0000-4000-8000-0000000003ed','Conceito de fração','Treino guiado com dica e feedback imediato.','Resolva uma parte por vez e confira seu raciocínio.','Exemplo resolvido aparece antes da prática.',1,20,true) on conflict (id) do update set title = excluded.title;
insert into public.exercises (id,lesson_id,skill_id,type,question,correct_answer,explanation,hint,difficulty,school_year,tags,order_index,is_active) values ('00000000-0000-4000-8000-000000002329','00000000-0000-4000-8000-000000000802','00000000-0000-4000-8000-000000000bea','multiple_choice','Qual é o denominador da fração 2/4?','4','A resposta correta é 4.','Em frações, o denominador mostra em quantas partes o todo foi dividido.',1,7,array['frações básicas','conceito de fração'],1,true) on conflict (id) do update set question = excluded.question, correct_answer = excluded.correct_answer;
insert into public.exercise_options (id,exercise_id,option_text,is_correct,order_index) values ('00000000-0000-4000-8000-000000006d6a','00000000-0000-4000-8000-000000002329','2',false,1) on conflict (id) do update set option_text = excluded.option_text, is_correct = excluded.is_correct;
insert into public.exercise_options (id,exercise_id,option_text,is_correct,order_index) values ('00000000-0000-4000-8000-000000006d6b','00000000-0000-4000-8000-000000002329','4',true,2) on conflict (id) do update set option_text = excluded.option_text, is_correct = excluded.is_correct;
insert into public.exercise_options (id,exercise_id,option_text,is_correct,order_index) values ('00000000-0000-4000-8000-000000006d6c','00000000-0000-4000-8000-000000002329','7',false,3) on conflict (id) do update set option_text = excluded.option_text, is_correct = excluded.is_correct;
insert into public.exercise_options (id,exercise_id,option_text,is_correct,order_index) values ('00000000-0000-4000-8000-000000006d6d','00000000-0000-4000-8000-000000002329','11',false,4) on conflict (id) do update set option_text = excluded.option_text, is_correct = excluded.is_correct;
insert into public.exercises (id,lesson_id,skill_id,type,question,correct_answer,explanation,hint,difficulty,school_year,tags,order_index,is_active) values ('00000000-0000-4000-8000-00000000232a','00000000-0000-4000-8000-000000000802','00000000-0000-4000-8000-000000000bea','input','Qual é o denominador da fração 3/4?','4','A resposta correta é 4.','Em frações, o denominador mostra em quantas partes o todo foi dividido.',1,7,array['frações básicas','conceito de fração'],2,true) on conflict (id) do update set question = excluded.question, correct_answer = excluded.correct_answer;
insert into public.exercises (id,lesson_id,skill_id,type,question,correct_answer,explanation,hint,difficulty,school_year,tags,order_index,is_active) values ('00000000-0000-4000-8000-00000000232b','00000000-0000-4000-8000-000000000802','00000000-0000-4000-8000-000000000bea','complete','Qual é o denominador da fração 1/4?','4','A resposta correta é 4.','Em frações, o denominador mostra em quantas partes o todo foi dividido.',1,7,array['frações básicas','conceito de fração'],3,true) on conflict (id) do update set question = excluded.question, correct_answer = excluded.correct_answer;
insert into public.exercises (id,lesson_id,skill_id,type,question,correct_answer,explanation,hint,difficulty,school_year,tags,order_index,is_active) values ('00000000-0000-4000-8000-00000000232c','00000000-0000-4000-8000-000000000802','00000000-0000-4000-8000-000000000bea','true_false','Qual é o denominador da fração 2/4? é igual a 4.','true','A resposta correta é 4.','Em frações, o denominador mostra em quantas partes o todo foi dividido.',1,7,array['frações básicas','conceito de fração'],4,true) on conflict (id) do update set question = excluded.question, correct_answer = excluded.correct_answer;
insert into public.exercises (id,lesson_id,skill_id,type,question,correct_answer,explanation,hint,difficulty,school_year,tags,order_index,is_active) values ('00000000-0000-4000-8000-00000000232d','00000000-0000-4000-8000-000000000802','00000000-0000-4000-8000-000000000bea','word_problem','Qual é o denominador da fração 3/4?','4','A resposta correta é 4.','Em frações, o denominador mostra em quantas partes o todo foi dividido.',2,7,array['frações básicas','conceito de fração'],5,true) on conflict (id) do update set question = excluded.question, correct_answer = excluded.correct_answer;
insert into public.exercises (id,lesson_id,skill_id,type,question,correct_answer,explanation,hint,difficulty,school_year,tags,order_index,is_active) values ('00000000-0000-4000-8000-00000000232e','00000000-0000-4000-8000-000000000802','00000000-0000-4000-8000-000000000bea','complete','Qual é o denominador da fração 1/4?','4','A resposta correta é 4.','Em frações, o denominador mostra em quantas partes o todo foi dividido.',2,7,array['frações básicas','conceito de fração'],6,true) on conflict (id) do update set question = excluded.question, correct_answer = excluded.correct_answer;
insert into public.exercises (id,lesson_id,skill_id,type,question,correct_answer,explanation,hint,difficulty,school_year,tags,order_index,is_active) values ('00000000-0000-4000-8000-00000000232f','00000000-0000-4000-8000-000000000802','00000000-0000-4000-8000-000000000bea','multiple_choice','Qual é o denominador da fração 2/4?','4','A resposta correta é 4.','Em frações, o denominador mostra em quantas partes o todo foi dividido.',2,7,array['frações básicas','conceito de fração'],7,true) on conflict (id) do update set question = excluded.question, correct_answer = excluded.correct_answer;
insert into public.exercise_options (id,exercise_id,option_text,is_correct,order_index) values ('00000000-0000-4000-8000-000000006da6','00000000-0000-4000-8000-00000000232f','2',false,1) on conflict (id) do update set option_text = excluded.option_text, is_correct = excluded.is_correct;
insert into public.exercise_options (id,exercise_id,option_text,is_correct,order_index) values ('00000000-0000-4000-8000-000000006da7','00000000-0000-4000-8000-00000000232f','4',true,2) on conflict (id) do update set option_text = excluded.option_text, is_correct = excluded.is_correct;
insert into public.exercise_options (id,exercise_id,option_text,is_correct,order_index) values ('00000000-0000-4000-8000-000000006da8','00000000-0000-4000-8000-00000000232f','7',false,3) on conflict (id) do update set option_text = excluded.option_text, is_correct = excluded.is_correct;
insert into public.exercise_options (id,exercise_id,option_text,is_correct,order_index) values ('00000000-0000-4000-8000-000000006da9','00000000-0000-4000-8000-00000000232f','11',false,4) on conflict (id) do update set option_text = excluded.option_text, is_correct = excluded.is_correct;
insert into public.exercises (id,lesson_id,skill_id,type,question,correct_answer,explanation,hint,difficulty,school_year,tags,order_index,is_active) values ('00000000-0000-4000-8000-000000002330','00000000-0000-4000-8000-000000000802','00000000-0000-4000-8000-000000000bea','true_false','Qual é o denominador da fração 3/4? é igual a 4.','true','A resposta correta é 4.','Em frações, o denominador mostra em quantas partes o todo foi dividido.',2,7,array['frações básicas','conceito de fração'],8,true) on conflict (id) do update set question = excluded.question, correct_answer = excluded.correct_answer;
insert into public.exercises (id,lesson_id,skill_id,type,question,correct_answer,explanation,hint,difficulty,school_year,tags,order_index,is_active) values ('00000000-0000-4000-8000-000000002331','00000000-0000-4000-8000-000000000802','00000000-0000-4000-8000-000000000bea','complete','Qual é o denominador da fração 1/4?','4','A resposta correta é 4.','Em frações, o denominador mostra em quantas partes o todo foi dividido.',2,7,array['frações básicas','conceito de fração'],9,true) on conflict (id) do update set question = excluded.question, correct_answer = excluded.correct_answer;
insert into public.exercises (id,lesson_id,skill_id,type,question,correct_answer,explanation,hint,difficulty,school_year,tags,order_index,is_active) values ('00000000-0000-4000-8000-000000002332','00000000-0000-4000-8000-000000000802','00000000-0000-4000-8000-000000000bea','word_problem','Qual é o denominador da fração 2/4?','4','A resposta correta é 4.','Em frações, o denominador mostra em quantas partes o todo foi dividido.',3,7,array['frações básicas','conceito de fração'],10,true) on conflict (id) do update set question = excluded.question, correct_answer = excluded.correct_answer;
insert into public.skills (id,name,description,school_year) values ('00000000-0000-4000-8000-000000000beb','Comparação de frações','Habilidade: Comparação de frações.',7) on conflict (id) do update set name = excluded.name;
insert into public.lessons (id,module_id,title,description,explanation,example,order_index,xp_bonus,is_active) values ('00000000-0000-4000-8000-000000000803','00000000-0000-4000-8000-0000000003ed','Comparação de frações','Treino guiado com dica e feedback imediato.','Resolva uma parte por vez e confira seu raciocínio.','Exemplo resolvido aparece antes da prática.',2,20,true) on conflict (id) do update set title = excluded.title;
insert into public.exercises (id,lesson_id,skill_id,type,question,correct_answer,explanation,hint,difficulty,school_year,tags,order_index,is_active) values ('00000000-0000-4000-8000-00000000238d','00000000-0000-4000-8000-000000000803','00000000-0000-4000-8000-000000000beb','multiple_choice','Qual é o denominador da fração 2/5?','5','A resposta correta é 5.','Em frações, o denominador mostra em quantas partes o todo foi dividido.',1,7,array['frações básicas','comparação de frações'],1,true) on conflict (id) do update set question = excluded.question, correct_answer = excluded.correct_answer;
insert into public.exercise_options (id,exercise_id,option_text,is_correct,order_index) values ('00000000-0000-4000-8000-000000006efa','00000000-0000-4000-8000-00000000238d','3',false,1) on conflict (id) do update set option_text = excluded.option_text, is_correct = excluded.is_correct;
insert into public.exercise_options (id,exercise_id,option_text,is_correct,order_index) values ('00000000-0000-4000-8000-000000006efb','00000000-0000-4000-8000-00000000238d','5',true,2) on conflict (id) do update set option_text = excluded.option_text, is_correct = excluded.is_correct;
insert into public.exercise_options (id,exercise_id,option_text,is_correct,order_index) values ('00000000-0000-4000-8000-000000006efc','00000000-0000-4000-8000-00000000238d','8',false,3) on conflict (id) do update set option_text = excluded.option_text, is_correct = excluded.is_correct;
insert into public.exercise_options (id,exercise_id,option_text,is_correct,order_index) values ('00000000-0000-4000-8000-000000006efd','00000000-0000-4000-8000-00000000238d','12',false,4) on conflict (id) do update set option_text = excluded.option_text, is_correct = excluded.is_correct;
insert into public.exercises (id,lesson_id,skill_id,type,question,correct_answer,explanation,hint,difficulty,school_year,tags,order_index,is_active) values ('00000000-0000-4000-8000-00000000238e','00000000-0000-4000-8000-000000000803','00000000-0000-4000-8000-000000000beb','input','Qual é o denominador da fração 3/5?','5','A resposta correta é 5.','Em frações, o denominador mostra em quantas partes o todo foi dividido.',1,7,array['frações básicas','comparação de frações'],2,true) on conflict (id) do update set question = excluded.question, correct_answer = excluded.correct_answer;
insert into public.exercises (id,lesson_id,skill_id,type,question,correct_answer,explanation,hint,difficulty,school_year,tags,order_index,is_active) values ('00000000-0000-4000-8000-00000000238f','00000000-0000-4000-8000-000000000803','00000000-0000-4000-8000-000000000beb','complete','Qual é o denominador da fração 1/5?','5','A resposta correta é 5.','Em frações, o denominador mostra em quantas partes o todo foi dividido.',1,7,array['frações básicas','comparação de frações'],3,true) on conflict (id) do update set question = excluded.question, correct_answer = excluded.correct_answer;
insert into public.exercises (id,lesson_id,skill_id,type,question,correct_answer,explanation,hint,difficulty,school_year,tags,order_index,is_active) values ('00000000-0000-4000-8000-000000002390','00000000-0000-4000-8000-000000000803','00000000-0000-4000-8000-000000000beb','true_false','Qual é o denominador da fração 2/5? é igual a 5.','true','A resposta correta é 5.','Em frações, o denominador mostra em quantas partes o todo foi dividido.',1,7,array['frações básicas','comparação de frações'],4,true) on conflict (id) do update set question = excluded.question, correct_answer = excluded.correct_answer;
insert into public.exercises (id,lesson_id,skill_id,type,question,correct_answer,explanation,hint,difficulty,school_year,tags,order_index,is_active) values ('00000000-0000-4000-8000-000000002391','00000000-0000-4000-8000-000000000803','00000000-0000-4000-8000-000000000beb','word_problem','Qual é o denominador da fração 3/5?','5','A resposta correta é 5.','Em frações, o denominador mostra em quantas partes o todo foi dividido.',2,7,array['frações básicas','comparação de frações'],5,true) on conflict (id) do update set question = excluded.question, correct_answer = excluded.correct_answer;
insert into public.exercises (id,lesson_id,skill_id,type,question,correct_answer,explanation,hint,difficulty,school_year,tags,order_index,is_active) values ('00000000-0000-4000-8000-000000002392','00000000-0000-4000-8000-000000000803','00000000-0000-4000-8000-000000000beb','complete','Qual é o denominador da fração 1/5?','5','A resposta correta é 5.','Em frações, o denominador mostra em quantas partes o todo foi dividido.',2,7,array['frações básicas','comparação de frações'],6,true) on conflict (id) do update set question = excluded.question, correct_answer = excluded.correct_answer;
insert into public.exercises (id,lesson_id,skill_id,type,question,correct_answer,explanation,hint,difficulty,school_year,tags,order_index,is_active) values ('00000000-0000-4000-8000-000000002393','00000000-0000-4000-8000-000000000803','00000000-0000-4000-8000-000000000beb','multiple_choice','Qual é o denominador da fração 2/5?','5','A resposta correta é 5.','Em frações, o denominador mostra em quantas partes o todo foi dividido.',2,7,array['frações básicas','comparação de frações'],7,true) on conflict (id) do update set question = excluded.question, correct_answer = excluded.correct_answer;
insert into public.exercise_options (id,exercise_id,option_text,is_correct,order_index) values ('00000000-0000-4000-8000-000000006f36','00000000-0000-4000-8000-000000002393','3',false,1) on conflict (id) do update set option_text = excluded.option_text, is_correct = excluded.is_correct;
insert into public.exercise_options (id,exercise_id,option_text,is_correct,order_index) values ('00000000-0000-4000-8000-000000006f37','00000000-0000-4000-8000-000000002393','5',true,2) on conflict (id) do update set option_text = excluded.option_text, is_correct = excluded.is_correct;
insert into public.exercise_options (id,exercise_id,option_text,is_correct,order_index) values ('00000000-0000-4000-8000-000000006f38','00000000-0000-4000-8000-000000002393','8',false,3) on conflict (id) do update set option_text = excluded.option_text, is_correct = excluded.is_correct;
insert into public.exercise_options (id,exercise_id,option_text,is_correct,order_index) values ('00000000-0000-4000-8000-000000006f39','00000000-0000-4000-8000-000000002393','12',false,4) on conflict (id) do update set option_text = excluded.option_text, is_correct = excluded.is_correct;
insert into public.exercises (id,lesson_id,skill_id,type,question,correct_answer,explanation,hint,difficulty,school_year,tags,order_index,is_active) values ('00000000-0000-4000-8000-000000002394','00000000-0000-4000-8000-000000000803','00000000-0000-4000-8000-000000000beb','true_false','Qual é o denominador da fração 3/5? é igual a 5.','true','A resposta correta é 5.','Em frações, o denominador mostra em quantas partes o todo foi dividido.',2,7,array['frações básicas','comparação de frações'],8,true) on conflict (id) do update set question = excluded.question, correct_answer = excluded.correct_answer;
insert into public.exercises (id,lesson_id,skill_id,type,question,correct_answer,explanation,hint,difficulty,school_year,tags,order_index,is_active) values ('00000000-0000-4000-8000-000000002395','00000000-0000-4000-8000-000000000803','00000000-0000-4000-8000-000000000beb','complete','Qual é o denominador da fração 1/5?','5','A resposta correta é 5.','Em frações, o denominador mostra em quantas partes o todo foi dividido.',2,7,array['frações básicas','comparação de frações'],9,true) on conflict (id) do update set question = excluded.question, correct_answer = excluded.correct_answer;
insert into public.exercises (id,lesson_id,skill_id,type,question,correct_answer,explanation,hint,difficulty,school_year,tags,order_index,is_active) values ('00000000-0000-4000-8000-000000002396','00000000-0000-4000-8000-000000000803','00000000-0000-4000-8000-000000000beb','word_problem','Qual é o denominador da fração 2/5?','5','A resposta correta é 5.','Em frações, o denominador mostra em quantas partes o todo foi dividido.',3,7,array['frações básicas','comparação de frações'],10,true) on conflict (id) do update set question = excluded.question, correct_answer = excluded.correct_answer;
insert into public.skills (id,name,description,school_year) values ('00000000-0000-4000-8000-000000000bec','Frações equivalentes','Habilidade: Frações equivalentes.',7) on conflict (id) do update set name = excluded.name;
insert into public.lessons (id,module_id,title,description,explanation,example,order_index,xp_bonus,is_active) values ('00000000-0000-4000-8000-000000000804','00000000-0000-4000-8000-0000000003ed','Frações equivalentes','Treino guiado com dica e feedback imediato.','Resolva uma parte por vez e confira seu raciocínio.','Exemplo resolvido aparece antes da prática.',3,20,true) on conflict (id) do update set title = excluded.title;
insert into public.exercises (id,lesson_id,skill_id,type,question,correct_answer,explanation,hint,difficulty,school_year,tags,order_index,is_active) values ('00000000-0000-4000-8000-0000000023f1','00000000-0000-4000-8000-000000000804','00000000-0000-4000-8000-000000000bec','multiple_choice','Qual é o denominador da fração 2/6?','6','A resposta correta é 6.','Em frações, o denominador mostra em quantas partes o todo foi dividido.',1,7,array['frações básicas','frações equivalentes'],1,true) on conflict (id) do update set question = excluded.question, correct_answer = excluded.correct_answer;
insert into public.exercise_options (id,exercise_id,option_text,is_correct,order_index) values ('00000000-0000-4000-8000-00000000708a','00000000-0000-4000-8000-0000000023f1','4',false,1) on conflict (id) do update set option_text = excluded.option_text, is_correct = excluded.is_correct;
insert into public.exercise_options (id,exercise_id,option_text,is_correct,order_index) values ('00000000-0000-4000-8000-00000000708b','00000000-0000-4000-8000-0000000023f1','6',true,2) on conflict (id) do update set option_text = excluded.option_text, is_correct = excluded.is_correct;
insert into public.exercise_options (id,exercise_id,option_text,is_correct,order_index) values ('00000000-0000-4000-8000-00000000708c','00000000-0000-4000-8000-0000000023f1','9',false,3) on conflict (id) do update set option_text = excluded.option_text, is_correct = excluded.is_correct;
insert into public.exercise_options (id,exercise_id,option_text,is_correct,order_index) values ('00000000-0000-4000-8000-00000000708d','00000000-0000-4000-8000-0000000023f1','13',false,4) on conflict (id) do update set option_text = excluded.option_text, is_correct = excluded.is_correct;
insert into public.exercises (id,lesson_id,skill_id,type,question,correct_answer,explanation,hint,difficulty,school_year,tags,order_index,is_active) values ('00000000-0000-4000-8000-0000000023f2','00000000-0000-4000-8000-000000000804','00000000-0000-4000-8000-000000000bec','input','Qual é o denominador da fração 3/6?','6','A resposta correta é 6.','Em frações, o denominador mostra em quantas partes o todo foi dividido.',1,7,array['frações básicas','frações equivalentes'],2,true) on conflict (id) do update set question = excluded.question, correct_answer = excluded.correct_answer;
insert into public.exercises (id,lesson_id,skill_id,type,question,correct_answer,explanation,hint,difficulty,school_year,tags,order_index,is_active) values ('00000000-0000-4000-8000-0000000023f3','00000000-0000-4000-8000-000000000804','00000000-0000-4000-8000-000000000bec','complete','Qual é o denominador da fração 1/6?','6','A resposta correta é 6.','Em frações, o denominador mostra em quantas partes o todo foi dividido.',1,7,array['frações básicas','frações equivalentes'],3,true) on conflict (id) do update set question = excluded.question, correct_answer = excluded.correct_answer;
insert into public.exercises (id,lesson_id,skill_id,type,question,correct_answer,explanation,hint,difficulty,school_year,tags,order_index,is_active) values ('00000000-0000-4000-8000-0000000023f4','00000000-0000-4000-8000-000000000804','00000000-0000-4000-8000-000000000bec','true_false','Qual é o denominador da fração 2/6? é igual a 6.','true','A resposta correta é 6.','Em frações, o denominador mostra em quantas partes o todo foi dividido.',1,7,array['frações básicas','frações equivalentes'],4,true) on conflict (id) do update set question = excluded.question, correct_answer = excluded.correct_answer;
insert into public.exercises (id,lesson_id,skill_id,type,question,correct_answer,explanation,hint,difficulty,school_year,tags,order_index,is_active) values ('00000000-0000-4000-8000-0000000023f5','00000000-0000-4000-8000-000000000804','00000000-0000-4000-8000-000000000bec','word_problem','Qual é o denominador da fração 3/6?','6','A resposta correta é 6.','Em frações, o denominador mostra em quantas partes o todo foi dividido.',2,7,array['frações básicas','frações equivalentes'],5,true) on conflict (id) do update set question = excluded.question, correct_answer = excluded.correct_answer;
insert into public.exercises (id,lesson_id,skill_id,type,question,correct_answer,explanation,hint,difficulty,school_year,tags,order_index,is_active) values ('00000000-0000-4000-8000-0000000023f6','00000000-0000-4000-8000-000000000804','00000000-0000-4000-8000-000000000bec','complete','Qual é o denominador da fração 1/6?','6','A resposta correta é 6.','Em frações, o denominador mostra em quantas partes o todo foi dividido.',2,7,array['frações básicas','frações equivalentes'],6,true) on conflict (id) do update set question = excluded.question, correct_answer = excluded.correct_answer;
insert into public.exercises (id,lesson_id,skill_id,type,question,correct_answer,explanation,hint,difficulty,school_year,tags,order_index,is_active) values ('00000000-0000-4000-8000-0000000023f7','00000000-0000-4000-8000-000000000804','00000000-0000-4000-8000-000000000bec','multiple_choice','Qual é o denominador da fração 2/6?','6','A resposta correta é 6.','Em frações, o denominador mostra em quantas partes o todo foi dividido.',2,7,array['frações básicas','frações equivalentes'],7,true) on conflict (id) do update set question = excluded.question, correct_answer = excluded.correct_answer;
insert into public.exercise_options (id,exercise_id,option_text,is_correct,order_index) values ('00000000-0000-4000-8000-0000000070c6','00000000-0000-4000-8000-0000000023f7','4',false,1) on conflict (id) do update set option_text = excluded.option_text, is_correct = excluded.is_correct;
insert into public.exercise_options (id,exercise_id,option_text,is_correct,order_index) values ('00000000-0000-4000-8000-0000000070c7','00000000-0000-4000-8000-0000000023f7','6',true,2) on conflict (id) do update set option_text = excluded.option_text, is_correct = excluded.is_correct;
insert into public.exercise_options (id,exercise_id,option_text,is_correct,order_index) values ('00000000-0000-4000-8000-0000000070c8','00000000-0000-4000-8000-0000000023f7','9',false,3) on conflict (id) do update set option_text = excluded.option_text, is_correct = excluded.is_correct;
insert into public.exercise_options (id,exercise_id,option_text,is_correct,order_index) values ('00000000-0000-4000-8000-0000000070c9','00000000-0000-4000-8000-0000000023f7','13',false,4) on conflict (id) do update set option_text = excluded.option_text, is_correct = excluded.is_correct;
insert into public.exercises (id,lesson_id,skill_id,type,question,correct_answer,explanation,hint,difficulty,school_year,tags,order_index,is_active) values ('00000000-0000-4000-8000-0000000023f8','00000000-0000-4000-8000-000000000804','00000000-0000-4000-8000-000000000bec','true_false','Qual é o denominador da fração 3/6? é igual a 6.','true','A resposta correta é 6.','Em frações, o denominador mostra em quantas partes o todo foi dividido.',2,7,array['frações básicas','frações equivalentes'],8,true) on conflict (id) do update set question = excluded.question, correct_answer = excluded.correct_answer;
insert into public.exercises (id,lesson_id,skill_id,type,question,correct_answer,explanation,hint,difficulty,school_year,tags,order_index,is_active) values ('00000000-0000-4000-8000-0000000023f9','00000000-0000-4000-8000-000000000804','00000000-0000-4000-8000-000000000bec','complete','Qual é o denominador da fração 1/6?','6','A resposta correta é 6.','Em frações, o denominador mostra em quantas partes o todo foi dividido.',2,7,array['frações básicas','frações equivalentes'],9,true) on conflict (id) do update set question = excluded.question, correct_answer = excluded.correct_answer;
insert into public.exercises (id,lesson_id,skill_id,type,question,correct_answer,explanation,hint,difficulty,school_year,tags,order_index,is_active) values ('00000000-0000-4000-8000-0000000023fa','00000000-0000-4000-8000-000000000804','00000000-0000-4000-8000-000000000bec','word_problem','Qual é o denominador da fração 2/6?','6','A resposta correta é 6.','Em frações, o denominador mostra em quantas partes o todo foi dividido.',3,7,array['frações básicas','frações equivalentes'],10,true) on conflict (id) do update set question = excluded.question, correct_answer = excluded.correct_answer;
insert into public.skills (id,name,description,school_year) values ('00000000-0000-4000-8000-000000000bed','Soma de frações com mesmo denominador','Habilidade: Soma de frações com mesmo denominador.',7) on conflict (id) do update set name = excluded.name;
insert into public.lessons (id,module_id,title,description,explanation,example,order_index,xp_bonus,is_active) values ('00000000-0000-4000-8000-000000000805','00000000-0000-4000-8000-0000000003ed','Soma de frações com mesmo denominador','Treino guiado com dica e feedback imediato.','Resolva uma parte por vez e confira seu raciocínio.','Exemplo resolvido aparece antes da prática.',4,20,true) on conflict (id) do update set title = excluded.title;
insert into public.exercises (id,lesson_id,skill_id,type,question,correct_answer,explanation,hint,difficulty,school_year,tags,order_index,is_active) values ('00000000-0000-4000-8000-000000002455','00000000-0000-4000-8000-000000000805','00000000-0000-4000-8000-000000000bed','multiple_choice','2/7 + 1/7','3/7','A resposta correta é 3/7.','Em frações, o denominador mostra em quantas partes o todo foi dividido.',1,7,array['frações básicas','soma de frações com mesmo denominador'],1,true) on conflict (id) do update set question = excluded.question, correct_answer = excluded.correct_answer;
insert into public.exercise_options (id,exercise_id,option_text,is_correct,order_index) values ('00000000-0000-4000-8000-00000000721a','00000000-0000-4000-8000-000000002455','3/7',true,1) on conflict (id) do update set option_text = excluded.option_text, is_correct = excluded.is_correct;
insert into public.exercise_options (id,exercise_id,option_text,is_correct,order_index) values ('00000000-0000-4000-8000-00000000721b','00000000-0000-4000-8000-000000002455','1/2',false,2) on conflict (id) do update set option_text = excluded.option_text, is_correct = excluded.is_correct;
insert into public.exercise_options (id,exercise_id,option_text,is_correct,order_index) values ('00000000-0000-4000-8000-00000000721c','00000000-0000-4000-8000-000000002455','2/3',false,3) on conflict (id) do update set option_text = excluded.option_text, is_correct = excluded.is_correct;
insert into public.exercise_options (id,exercise_id,option_text,is_correct,order_index) values ('00000000-0000-4000-8000-00000000721d','00000000-0000-4000-8000-000000002455','3/4',false,4) on conflict (id) do update set option_text = excluded.option_text, is_correct = excluded.is_correct;
insert into public.exercises (id,lesson_id,skill_id,type,question,correct_answer,explanation,hint,difficulty,school_year,tags,order_index,is_active) values ('00000000-0000-4000-8000-000000002456','00000000-0000-4000-8000-000000000805','00000000-0000-4000-8000-000000000bed','input','3/7 + 1/7','4/7','A resposta correta é 4/7.','Em frações, o denominador mostra em quantas partes o todo foi dividido.',1,7,array['frações básicas','soma de frações com mesmo denominador'],2,true) on conflict (id) do update set question = excluded.question, correct_answer = excluded.correct_answer;
insert into public.exercises (id,lesson_id,skill_id,type,question,correct_answer,explanation,hint,difficulty,school_year,tags,order_index,is_active) values ('00000000-0000-4000-8000-000000002457','00000000-0000-4000-8000-000000000805','00000000-0000-4000-8000-000000000bed','complete','1/7 + 1/7','2/7','A resposta correta é 2/7.','Em frações, o denominador mostra em quantas partes o todo foi dividido.',1,7,array['frações básicas','soma de frações com mesmo denominador'],3,true) on conflict (id) do update set question = excluded.question, correct_answer = excluded.correct_answer;
insert into public.exercises (id,lesson_id,skill_id,type,question,correct_answer,explanation,hint,difficulty,school_year,tags,order_index,is_active) values ('00000000-0000-4000-8000-000000002458','00000000-0000-4000-8000-000000000805','00000000-0000-4000-8000-000000000bed','true_false','2/7 + 1/7 é igual a 3/7.','true','A resposta correta é 3/7.','Em frações, o denominador mostra em quantas partes o todo foi dividido.',1,7,array['frações básicas','soma de frações com mesmo denominador'],4,true) on conflict (id) do update set question = excluded.question, correct_answer = excluded.correct_answer;
insert into public.exercises (id,lesson_id,skill_id,type,question,correct_answer,explanation,hint,difficulty,school_year,tags,order_index,is_active) values ('00000000-0000-4000-8000-000000002459','00000000-0000-4000-8000-000000000805','00000000-0000-4000-8000-000000000bed','word_problem','3/7 + 1/7','4/7','A resposta correta é 4/7.','Em frações, o denominador mostra em quantas partes o todo foi dividido.',2,7,array['frações básicas','soma de frações com mesmo denominador'],5,true) on conflict (id) do update set question = excluded.question, correct_answer = excluded.correct_answer;
insert into public.exercises (id,lesson_id,skill_id,type,question,correct_answer,explanation,hint,difficulty,school_year,tags,order_index,is_active) values ('00000000-0000-4000-8000-00000000245a','00000000-0000-4000-8000-000000000805','00000000-0000-4000-8000-000000000bed','complete','1/7 + 1/7','2/7','A resposta correta é 2/7.','Em frações, o denominador mostra em quantas partes o todo foi dividido.',2,7,array['frações básicas','soma de frações com mesmo denominador'],6,true) on conflict (id) do update set question = excluded.question, correct_answer = excluded.correct_answer;
insert into public.exercises (id,lesson_id,skill_id,type,question,correct_answer,explanation,hint,difficulty,school_year,tags,order_index,is_active) values ('00000000-0000-4000-8000-00000000245b','00000000-0000-4000-8000-000000000805','00000000-0000-4000-8000-000000000bed','multiple_choice','2/7 + 1/7','3/7','A resposta correta é 3/7.','Em frações, o denominador mostra em quantas partes o todo foi dividido.',2,7,array['frações básicas','soma de frações com mesmo denominador'],7,true) on conflict (id) do update set question = excluded.question, correct_answer = excluded.correct_answer;
insert into public.exercise_options (id,exercise_id,option_text,is_correct,order_index) values ('00000000-0000-4000-8000-000000007256','00000000-0000-4000-8000-00000000245b','3/7',true,1) on conflict (id) do update set option_text = excluded.option_text, is_correct = excluded.is_correct;
insert into public.exercise_options (id,exercise_id,option_text,is_correct,order_index) values ('00000000-0000-4000-8000-000000007257','00000000-0000-4000-8000-00000000245b','1/2',false,2) on conflict (id) do update set option_text = excluded.option_text, is_correct = excluded.is_correct;
insert into public.exercise_options (id,exercise_id,option_text,is_correct,order_index) values ('00000000-0000-4000-8000-000000007258','00000000-0000-4000-8000-00000000245b','2/3',false,3) on conflict (id) do update set option_text = excluded.option_text, is_correct = excluded.is_correct;
insert into public.exercise_options (id,exercise_id,option_text,is_correct,order_index) values ('00000000-0000-4000-8000-000000007259','00000000-0000-4000-8000-00000000245b','3/4',false,4) on conflict (id) do update set option_text = excluded.option_text, is_correct = excluded.is_correct;
insert into public.exercises (id,lesson_id,skill_id,type,question,correct_answer,explanation,hint,difficulty,school_year,tags,order_index,is_active) values ('00000000-0000-4000-8000-00000000245c','00000000-0000-4000-8000-000000000805','00000000-0000-4000-8000-000000000bed','true_false','3/7 + 1/7 é igual a 4/7.','true','A resposta correta é 4/7.','Em frações, o denominador mostra em quantas partes o todo foi dividido.',2,7,array['frações básicas','soma de frações com mesmo denominador'],8,true) on conflict (id) do update set question = excluded.question, correct_answer = excluded.correct_answer;
insert into public.exercises (id,lesson_id,skill_id,type,question,correct_answer,explanation,hint,difficulty,school_year,tags,order_index,is_active) values ('00000000-0000-4000-8000-00000000245d','00000000-0000-4000-8000-000000000805','00000000-0000-4000-8000-000000000bed','complete','1/7 + 1/7','2/7','A resposta correta é 2/7.','Em frações, o denominador mostra em quantas partes o todo foi dividido.',2,7,array['frações básicas','soma de frações com mesmo denominador'],9,true) on conflict (id) do update set question = excluded.question, correct_answer = excluded.correct_answer;
insert into public.exercises (id,lesson_id,skill_id,type,question,correct_answer,explanation,hint,difficulty,school_year,tags,order_index,is_active) values ('00000000-0000-4000-8000-00000000245e','00000000-0000-4000-8000-000000000805','00000000-0000-4000-8000-000000000bed','word_problem','2/7 + 1/7','3/7','A resposta correta é 3/7.','Em frações, o denominador mostra em quantas partes o todo foi dividido.',3,7,array['frações básicas','soma de frações com mesmo denominador'],10,true) on conflict (id) do update set question = excluded.question, correct_answer = excluded.correct_answer;
insert into public.modules (id,title,description,order_index,icon,color,required_xp,is_active) values ('00000000-0000-4000-8000-0000000003ee','Números decimais','Módulo de números decimais para o 7º ano.',7,'BadgeCent','cyan',480,true) on conflict (id) do update set title = excluded.title;
insert into public.skills (id,name,description,school_year) values ('00000000-0000-4000-8000-000000000bf4','Leitura de decimais','Habilidade: Leitura de decimais.',7) on conflict (id) do update set name = excluded.name;
insert into public.lessons (id,module_id,title,description,explanation,example,order_index,xp_bonus,is_active) values ('00000000-0000-4000-8000-00000000080c','00000000-0000-4000-8000-0000000003ee','Leitura de decimais','Treino guiado com dica e feedback imediato.','Resolva uma parte por vez e confira seu raciocínio.','Exemplo resolvido aparece antes da prática.',1,20,true) on conflict (id) do update set title = excluded.title;
insert into public.exercises (id,lesson_id,skill_id,type,question,correct_answer,explanation,hint,difficulty,school_year,tags,order_index,is_active) values ('00000000-0000-4000-8000-000000002711','00000000-0000-4000-8000-00000000080c','00000000-0000-4000-8000-000000000bf4','multiple_choice','11,70 + 0,70','12,40','11,70 + 0,70 = 12,40.','Alinhe vírgula com vírgula.',1,7,array['números decimais','leitura de decimais'],1,true) on conflict (id) do update set question = excluded.question, correct_answer = excluded.correct_answer;
insert into public.exercise_options (id,exercise_id,option_text,is_correct,order_index) values ('00000000-0000-4000-8000-000000007d0a','00000000-0000-4000-8000-000000002711','10.4',false,1) on conflict (id) do update set option_text = excluded.option_text, is_correct = excluded.is_correct;
insert into public.exercise_options (id,exercise_id,option_text,is_correct,order_index) values ('00000000-0000-4000-8000-000000007d0b','00000000-0000-4000-8000-000000002711','12.4',false,2) on conflict (id) do update set option_text = excluded.option_text, is_correct = excluded.is_correct;
insert into public.exercise_options (id,exercise_id,option_text,is_correct,order_index) values ('00000000-0000-4000-8000-000000007d0c','00000000-0000-4000-8000-000000002711','15.4',false,3) on conflict (id) do update set option_text = excluded.option_text, is_correct = excluded.is_correct;
insert into public.exercise_options (id,exercise_id,option_text,is_correct,order_index) values ('00000000-0000-4000-8000-000000007d0d','00000000-0000-4000-8000-000000002711','19.4',false,4) on conflict (id) do update set option_text = excluded.option_text, is_correct = excluded.is_correct;
insert into public.exercises (id,lesson_id,skill_id,type,question,correct_answer,explanation,hint,difficulty,school_year,tags,order_index,is_active) values ('00000000-0000-4000-8000-000000002712','00000000-0000-4000-8000-00000000080c','00000000-0000-4000-8000-000000000bf4','input','12,00 + 0,90','12,90','12,00 + 0,90 = 12,90.','Alinhe vírgula com vírgula.',1,7,array['números decimais','leitura de decimais'],2,true) on conflict (id) do update set question = excluded.question, correct_answer = excluded.correct_answer;
insert into public.exercises (id,lesson_id,skill_id,type,question,correct_answer,explanation,hint,difficulty,school_year,tags,order_index,is_active) values ('00000000-0000-4000-8000-000000002713','00000000-0000-4000-8000-00000000080c','00000000-0000-4000-8000-000000000bf4','complete','12,30 + 1,10','13,40','12,30 + 1,10 = 13,40.','Alinhe vírgula com vírgula.',1,7,array['números decimais','leitura de decimais'],3,true) on conflict (id) do update set question = excluded.question, correct_answer = excluded.correct_answer;
insert into public.exercises (id,lesson_id,skill_id,type,question,correct_answer,explanation,hint,difficulty,school_year,tags,order_index,is_active) values ('00000000-0000-4000-8000-000000002714','00000000-0000-4000-8000-00000000080c','00000000-0000-4000-8000-000000000bf4','true_false','12,60 + 1,30 é igual a 13,90.','true','12,60 + 1,30 = 13,90.','Alinhe vírgula com vírgula.',1,7,array['números decimais','leitura de decimais'],4,true) on conflict (id) do update set question = excluded.question, correct_answer = excluded.correct_answer;
insert into public.exercises (id,lesson_id,skill_id,type,question,correct_answer,explanation,hint,difficulty,school_year,tags,order_index,is_active) values ('00000000-0000-4000-8000-000000002715','00000000-0000-4000-8000-00000000080c','00000000-0000-4000-8000-000000000bf4','word_problem','12,90 + 1,50','14,40','12,90 + 1,50 = 14,40.','Alinhe vírgula com vírgula.',2,7,array['números decimais','leitura de decimais'],5,true) on conflict (id) do update set question = excluded.question, correct_answer = excluded.correct_answer;
insert into public.exercises (id,lesson_id,skill_id,type,question,correct_answer,explanation,hint,difficulty,school_year,tags,order_index,is_active) values ('00000000-0000-4000-8000-000000002716','00000000-0000-4000-8000-00000000080c','00000000-0000-4000-8000-000000000bf4','complete','13,20 + 1,70','14,90','13,20 + 1,70 = 14,90.','Alinhe vírgula com vírgula.',2,7,array['números decimais','leitura de decimais'],6,true) on conflict (id) do update set question = excluded.question, correct_answer = excluded.correct_answer;
insert into public.exercises (id,lesson_id,skill_id,type,question,correct_answer,explanation,hint,difficulty,school_year,tags,order_index,is_active) values ('00000000-0000-4000-8000-000000002717','00000000-0000-4000-8000-00000000080c','00000000-0000-4000-8000-000000000bf4','multiple_choice','13,50 + 1,90','15,40','13,50 + 1,90 = 15,40.','Alinhe vírgula com vírgula.',2,7,array['números decimais','leitura de decimais'],7,true) on conflict (id) do update set question = excluded.question, correct_answer = excluded.correct_answer;
insert into public.exercise_options (id,exercise_id,option_text,is_correct,order_index) values ('00000000-0000-4000-8000-000000007d46','00000000-0000-4000-8000-000000002717','13.4',false,1) on conflict (id) do update set option_text = excluded.option_text, is_correct = excluded.is_correct;
insert into public.exercise_options (id,exercise_id,option_text,is_correct,order_index) values ('00000000-0000-4000-8000-000000007d47','00000000-0000-4000-8000-000000002717','15.4',false,2) on conflict (id) do update set option_text = excluded.option_text, is_correct = excluded.is_correct;
insert into public.exercise_options (id,exercise_id,option_text,is_correct,order_index) values ('00000000-0000-4000-8000-000000007d48','00000000-0000-4000-8000-000000002717','18.4',false,3) on conflict (id) do update set option_text = excluded.option_text, is_correct = excluded.is_correct;
insert into public.exercise_options (id,exercise_id,option_text,is_correct,order_index) values ('00000000-0000-4000-8000-000000007d49','00000000-0000-4000-8000-000000002717','22.4',false,4) on conflict (id) do update set option_text = excluded.option_text, is_correct = excluded.is_correct;
insert into public.exercises (id,lesson_id,skill_id,type,question,correct_answer,explanation,hint,difficulty,school_year,tags,order_index,is_active) values ('00000000-0000-4000-8000-000000002718','00000000-0000-4000-8000-00000000080c','00000000-0000-4000-8000-000000000bf4','true_false','13,80 + 2,10 é igual a 15,90.','true','13,80 + 2,10 = 15,90.','Alinhe vírgula com vírgula.',2,7,array['números decimais','leitura de decimais'],8,true) on conflict (id) do update set question = excluded.question, correct_answer = excluded.correct_answer;
insert into public.exercises (id,lesson_id,skill_id,type,question,correct_answer,explanation,hint,difficulty,school_year,tags,order_index,is_active) values ('00000000-0000-4000-8000-000000002719','00000000-0000-4000-8000-00000000080c','00000000-0000-4000-8000-000000000bf4','complete','14,10 + 2,30','16,40','14,10 + 2,30 = 16,40.','Alinhe vírgula com vírgula.',2,7,array['números decimais','leitura de decimais'],9,true) on conflict (id) do update set question = excluded.question, correct_answer = excluded.correct_answer;
insert into public.exercises (id,lesson_id,skill_id,type,question,correct_answer,explanation,hint,difficulty,school_year,tags,order_index,is_active) values ('00000000-0000-4000-8000-00000000271a','00000000-0000-4000-8000-00000000080c','00000000-0000-4000-8000-000000000bf4','word_problem','14,40 + 2,50','16,90','14,40 + 2,50 = 16,90.','Alinhe vírgula com vírgula.',3,7,array['números decimais','leitura de decimais'],10,true) on conflict (id) do update set question = excluded.question, correct_answer = excluded.correct_answer;
insert into public.skills (id,name,description,school_year) values ('00000000-0000-4000-8000-000000000bf5','Soma com decimais','Habilidade: Soma com decimais.',7) on conflict (id) do update set name = excluded.name;
insert into public.lessons (id,module_id,title,description,explanation,example,order_index,xp_bonus,is_active) values ('00000000-0000-4000-8000-00000000080d','00000000-0000-4000-8000-0000000003ee','Soma com decimais','Treino guiado com dica e feedback imediato.','Resolva uma parte por vez e confira seu raciocínio.','Exemplo resolvido aparece antes da prática.',2,20,true) on conflict (id) do update set title = excluded.title;
insert into public.exercises (id,lesson_id,skill_id,type,question,correct_answer,explanation,hint,difficulty,school_year,tags,order_index,is_active) values ('00000000-0000-4000-8000-000000002775','00000000-0000-4000-8000-00000000080d','00000000-0000-4000-8000-000000000bf5','multiple_choice','11,80 + 1,60','13,40','11,80 + 1,60 = 13,40.','Alinhe vírgula com vírgula.',1,7,array['números decimais','soma com decimais'],1,true) on conflict (id) do update set question = excluded.question, correct_answer = excluded.correct_answer;
insert into public.exercise_options (id,exercise_id,option_text,is_correct,order_index) values ('00000000-0000-4000-8000-000000007e9a','00000000-0000-4000-8000-000000002775','11.4',false,1) on conflict (id) do update set option_text = excluded.option_text, is_correct = excluded.is_correct;
insert into public.exercise_options (id,exercise_id,option_text,is_correct,order_index) values ('00000000-0000-4000-8000-000000007e9b','00000000-0000-4000-8000-000000002775','13.4',false,2) on conflict (id) do update set option_text = excluded.option_text, is_correct = excluded.is_correct;
insert into public.exercise_options (id,exercise_id,option_text,is_correct,order_index) values ('00000000-0000-4000-8000-000000007e9c','00000000-0000-4000-8000-000000002775','16.4',false,3) on conflict (id) do update set option_text = excluded.option_text, is_correct = excluded.is_correct;
insert into public.exercise_options (id,exercise_id,option_text,is_correct,order_index) values ('00000000-0000-4000-8000-000000007e9d','00000000-0000-4000-8000-000000002775','20.4',false,4) on conflict (id) do update set option_text = excluded.option_text, is_correct = excluded.is_correct;
insert into public.exercises (id,lesson_id,skill_id,type,question,correct_answer,explanation,hint,difficulty,school_year,tags,order_index,is_active) values ('00000000-0000-4000-8000-000000002776','00000000-0000-4000-8000-00000000080d','00000000-0000-4000-8000-000000000bf5','input','12,10 + 1,80','13,90','12,10 + 1,80 = 13,90.','Alinhe vírgula com vírgula.',1,7,array['números decimais','soma com decimais'],2,true) on conflict (id) do update set question = excluded.question, correct_answer = excluded.correct_answer;
insert into public.exercises (id,lesson_id,skill_id,type,question,correct_answer,explanation,hint,difficulty,school_year,tags,order_index,is_active) values ('00000000-0000-4000-8000-000000002777','00000000-0000-4000-8000-00000000080d','00000000-0000-4000-8000-000000000bf5','complete','12,40 + 2,00','14,40','12,40 + 2,00 = 14,40.','Alinhe vírgula com vírgula.',1,7,array['números decimais','soma com decimais'],3,true) on conflict (id) do update set question = excluded.question, correct_answer = excluded.correct_answer;
insert into public.exercises (id,lesson_id,skill_id,type,question,correct_answer,explanation,hint,difficulty,school_year,tags,order_index,is_active) values ('00000000-0000-4000-8000-000000002778','00000000-0000-4000-8000-00000000080d','00000000-0000-4000-8000-000000000bf5','true_false','12,70 + 2,20 é igual a 14,90.','true','12,70 + 2,20 = 14,90.','Alinhe vírgula com vírgula.',1,7,array['números decimais','soma com decimais'],4,true) on conflict (id) do update set question = excluded.question, correct_answer = excluded.correct_answer;
insert into public.exercises (id,lesson_id,skill_id,type,question,correct_answer,explanation,hint,difficulty,school_year,tags,order_index,is_active) values ('00000000-0000-4000-8000-000000002779','00000000-0000-4000-8000-00000000080d','00000000-0000-4000-8000-000000000bf5','word_problem','13,00 + 2,40','15,40','13,00 + 2,40 = 15,40.','Alinhe vírgula com vírgula.',2,7,array['números decimais','soma com decimais'],5,true) on conflict (id) do update set question = excluded.question, correct_answer = excluded.correct_answer;
insert into public.exercises (id,lesson_id,skill_id,type,question,correct_answer,explanation,hint,difficulty,school_year,tags,order_index,is_active) values ('00000000-0000-4000-8000-00000000277a','00000000-0000-4000-8000-00000000080d','00000000-0000-4000-8000-000000000bf5','complete','13,30 + 2,60','15,90','13,30 + 2,60 = 15,90.','Alinhe vírgula com vírgula.',2,7,array['números decimais','soma com decimais'],6,true) on conflict (id) do update set question = excluded.question, correct_answer = excluded.correct_answer;
insert into public.exercises (id,lesson_id,skill_id,type,question,correct_answer,explanation,hint,difficulty,school_year,tags,order_index,is_active) values ('00000000-0000-4000-8000-00000000277b','00000000-0000-4000-8000-00000000080d','00000000-0000-4000-8000-000000000bf5','multiple_choice','13,60 + 2,80','16,40','13,60 + 2,80 = 16,40.','Alinhe vírgula com vírgula.',2,7,array['números decimais','soma com decimais'],7,true) on conflict (id) do update set question = excluded.question, correct_answer = excluded.correct_answer;
insert into public.exercise_options (id,exercise_id,option_text,is_correct,order_index) values ('00000000-0000-4000-8000-000000007ed6','00000000-0000-4000-8000-00000000277b','14.399999999999999',false,1) on conflict (id) do update set option_text = excluded.option_text, is_correct = excluded.is_correct;
insert into public.exercise_options (id,exercise_id,option_text,is_correct,order_index) values ('00000000-0000-4000-8000-000000007ed7','00000000-0000-4000-8000-00000000277b','16.4',false,2) on conflict (id) do update set option_text = excluded.option_text, is_correct = excluded.is_correct;
insert into public.exercise_options (id,exercise_id,option_text,is_correct,order_index) values ('00000000-0000-4000-8000-000000007ed8','00000000-0000-4000-8000-00000000277b','19.4',false,3) on conflict (id) do update set option_text = excluded.option_text, is_correct = excluded.is_correct;
insert into public.exercise_options (id,exercise_id,option_text,is_correct,order_index) values ('00000000-0000-4000-8000-000000007ed9','00000000-0000-4000-8000-00000000277b','23.4',false,4) on conflict (id) do update set option_text = excluded.option_text, is_correct = excluded.is_correct;
insert into public.exercises (id,lesson_id,skill_id,type,question,correct_answer,explanation,hint,difficulty,school_year,tags,order_index,is_active) values ('00000000-0000-4000-8000-00000000277c','00000000-0000-4000-8000-00000000080d','00000000-0000-4000-8000-000000000bf5','true_false','13,90 + 3,00 é igual a 16,90.','true','13,90 + 3,00 = 16,90.','Alinhe vírgula com vírgula.',2,7,array['números decimais','soma com decimais'],8,true) on conflict (id) do update set question = excluded.question, correct_answer = excluded.correct_answer;
insert into public.exercises (id,lesson_id,skill_id,type,question,correct_answer,explanation,hint,difficulty,school_year,tags,order_index,is_active) values ('00000000-0000-4000-8000-00000000277d','00000000-0000-4000-8000-00000000080d','00000000-0000-4000-8000-000000000bf5','complete','14,20 + 3,20','17,40','14,20 + 3,20 = 17,40.','Alinhe vírgula com vírgula.',2,7,array['números decimais','soma com decimais'],9,true) on conflict (id) do update set question = excluded.question, correct_answer = excluded.correct_answer;
insert into public.exercises (id,lesson_id,skill_id,type,question,correct_answer,explanation,hint,difficulty,school_year,tags,order_index,is_active) values ('00000000-0000-4000-8000-00000000277e','00000000-0000-4000-8000-00000000080d','00000000-0000-4000-8000-000000000bf5','word_problem','14,50 + 3,40','17,90','14,50 + 3,40 = 17,90.','Alinhe vírgula com vírgula.',3,7,array['números decimais','soma com decimais'],10,true) on conflict (id) do update set question = excluded.question, correct_answer = excluded.correct_answer;
insert into public.skills (id,name,description,school_year) values ('00000000-0000-4000-8000-000000000bf6','Subtração com decimais','Habilidade: Subtração com decimais.',7) on conflict (id) do update set name = excluded.name;
insert into public.lessons (id,module_id,title,description,explanation,example,order_index,xp_bonus,is_active) values ('00000000-0000-4000-8000-00000000080e','00000000-0000-4000-8000-0000000003ee','Subtração com decimais','Treino guiado com dica e feedback imediato.','Resolva uma parte por vez e confira seu raciocínio.','Exemplo resolvido aparece antes da prática.',3,20,true) on conflict (id) do update set title = excluded.title;
insert into public.exercises (id,lesson_id,skill_id,type,question,correct_answer,explanation,hint,difficulty,school_year,tags,order_index,is_active) values ('00000000-0000-4000-8000-0000000027d9','00000000-0000-4000-8000-00000000080e','00000000-0000-4000-8000-000000000bf6','multiple_choice','11,90 + 2,50','14,40','11,90 + 2,50 = 14,40.','Alinhe vírgula com vírgula.',1,7,array['números decimais','subtração com decimais'],1,true) on conflict (id) do update set question = excluded.question, correct_answer = excluded.correct_answer;
insert into public.exercise_options (id,exercise_id,option_text,is_correct,order_index) values ('00000000-0000-4000-8000-00000000802a','00000000-0000-4000-8000-0000000027d9','12.4',false,1) on conflict (id) do update set option_text = excluded.option_text, is_correct = excluded.is_correct;
insert into public.exercise_options (id,exercise_id,option_text,is_correct,order_index) values ('00000000-0000-4000-8000-00000000802b','00000000-0000-4000-8000-0000000027d9','14.4',false,2) on conflict (id) do update set option_text = excluded.option_text, is_correct = excluded.is_correct;
insert into public.exercise_options (id,exercise_id,option_text,is_correct,order_index) values ('00000000-0000-4000-8000-00000000802c','00000000-0000-4000-8000-0000000027d9','17.4',false,3) on conflict (id) do update set option_text = excluded.option_text, is_correct = excluded.is_correct;
insert into public.exercise_options (id,exercise_id,option_text,is_correct,order_index) values ('00000000-0000-4000-8000-00000000802d','00000000-0000-4000-8000-0000000027d9','21.4',false,4) on conflict (id) do update set option_text = excluded.option_text, is_correct = excluded.is_correct;
insert into public.exercises (id,lesson_id,skill_id,type,question,correct_answer,explanation,hint,difficulty,school_year,tags,order_index,is_active) values ('00000000-0000-4000-8000-0000000027da','00000000-0000-4000-8000-00000000080e','00000000-0000-4000-8000-000000000bf6','input','12,20 + 2,70','14,90','12,20 + 2,70 = 14,90.','Alinhe vírgula com vírgula.',1,7,array['números decimais','subtração com decimais'],2,true) on conflict (id) do update set question = excluded.question, correct_answer = excluded.correct_answer;
insert into public.exercises (id,lesson_id,skill_id,type,question,correct_answer,explanation,hint,difficulty,school_year,tags,order_index,is_active) values ('00000000-0000-4000-8000-0000000027db','00000000-0000-4000-8000-00000000080e','00000000-0000-4000-8000-000000000bf6','complete','12,50 + 2,90','15,40','12,50 + 2,90 = 15,40.','Alinhe vírgula com vírgula.',1,7,array['números decimais','subtração com decimais'],3,true) on conflict (id) do update set question = excluded.question, correct_answer = excluded.correct_answer;
insert into public.exercises (id,lesson_id,skill_id,type,question,correct_answer,explanation,hint,difficulty,school_year,tags,order_index,is_active) values ('00000000-0000-4000-8000-0000000027dc','00000000-0000-4000-8000-00000000080e','00000000-0000-4000-8000-000000000bf6','true_false','12,80 + 3,10 é igual a 15,90.','true','12,80 + 3,10 = 15,90.','Alinhe vírgula com vírgula.',1,7,array['números decimais','subtração com decimais'],4,true) on conflict (id) do update set question = excluded.question, correct_answer = excluded.correct_answer;
insert into public.exercises (id,lesson_id,skill_id,type,question,correct_answer,explanation,hint,difficulty,school_year,tags,order_index,is_active) values ('00000000-0000-4000-8000-0000000027dd','00000000-0000-4000-8000-00000000080e','00000000-0000-4000-8000-000000000bf6','word_problem','13,10 + 3,30','16,40','13,10 + 3,30 = 16,40.','Alinhe vírgula com vírgula.',2,7,array['números decimais','subtração com decimais'],5,true) on conflict (id) do update set question = excluded.question, correct_answer = excluded.correct_answer;
insert into public.exercises (id,lesson_id,skill_id,type,question,correct_answer,explanation,hint,difficulty,school_year,tags,order_index,is_active) values ('00000000-0000-4000-8000-0000000027de','00000000-0000-4000-8000-00000000080e','00000000-0000-4000-8000-000000000bf6','complete','13,40 + 3,50','16,90','13,40 + 3,50 = 16,90.','Alinhe vírgula com vírgula.',2,7,array['números decimais','subtração com decimais'],6,true) on conflict (id) do update set question = excluded.question, correct_answer = excluded.correct_answer;
insert into public.exercises (id,lesson_id,skill_id,type,question,correct_answer,explanation,hint,difficulty,school_year,tags,order_index,is_active) values ('00000000-0000-4000-8000-0000000027df','00000000-0000-4000-8000-00000000080e','00000000-0000-4000-8000-000000000bf6','multiple_choice','13,70 + 3,70','17,40','13,70 + 3,70 = 17,40.','Alinhe vírgula com vírgula.',2,7,array['números decimais','subtração com decimais'],7,true) on conflict (id) do update set question = excluded.question, correct_answer = excluded.correct_answer;
insert into public.exercise_options (id,exercise_id,option_text,is_correct,order_index) values ('00000000-0000-4000-8000-000000008066','00000000-0000-4000-8000-0000000027df','15.399999999999999',false,1) on conflict (id) do update set option_text = excluded.option_text, is_correct = excluded.is_correct;
insert into public.exercise_options (id,exercise_id,option_text,is_correct,order_index) values ('00000000-0000-4000-8000-000000008067','00000000-0000-4000-8000-0000000027df','17.4',false,2) on conflict (id) do update set option_text = excluded.option_text, is_correct = excluded.is_correct;
insert into public.exercise_options (id,exercise_id,option_text,is_correct,order_index) values ('00000000-0000-4000-8000-000000008068','00000000-0000-4000-8000-0000000027df','20.4',false,3) on conflict (id) do update set option_text = excluded.option_text, is_correct = excluded.is_correct;
insert into public.exercise_options (id,exercise_id,option_text,is_correct,order_index) values ('00000000-0000-4000-8000-000000008069','00000000-0000-4000-8000-0000000027df','24.4',false,4) on conflict (id) do update set option_text = excluded.option_text, is_correct = excluded.is_correct;
insert into public.exercises (id,lesson_id,skill_id,type,question,correct_answer,explanation,hint,difficulty,school_year,tags,order_index,is_active) values ('00000000-0000-4000-8000-0000000027e0','00000000-0000-4000-8000-00000000080e','00000000-0000-4000-8000-000000000bf6','true_false','14,00 + 3,90 é igual a 17,90.','true','14,00 + 3,90 = 17,90.','Alinhe vírgula com vírgula.',2,7,array['números decimais','subtração com decimais'],8,true) on conflict (id) do update set question = excluded.question, correct_answer = excluded.correct_answer;
insert into public.exercises (id,lesson_id,skill_id,type,question,correct_answer,explanation,hint,difficulty,school_year,tags,order_index,is_active) values ('00000000-0000-4000-8000-0000000027e1','00000000-0000-4000-8000-00000000080e','00000000-0000-4000-8000-000000000bf6','complete','14,30 + 4,10','18,40','14,30 + 4,10 = 18,40.','Alinhe vírgula com vírgula.',2,7,array['números decimais','subtração com decimais'],9,true) on conflict (id) do update set question = excluded.question, correct_answer = excluded.correct_answer;
insert into public.exercises (id,lesson_id,skill_id,type,question,correct_answer,explanation,hint,difficulty,school_year,tags,order_index,is_active) values ('00000000-0000-4000-8000-0000000027e2','00000000-0000-4000-8000-00000000080e','00000000-0000-4000-8000-000000000bf6','word_problem','14,60 + 4,30','18,90','14,60 + 4,30 = 18,90.','Alinhe vírgula com vírgula.',3,7,array['números decimais','subtração com decimais'],10,true) on conflict (id) do update set question = excluded.question, correct_answer = excluded.correct_answer;
insert into public.skills (id,name,description,school_year) values ('00000000-0000-4000-8000-000000000bf7','Situações com dinheiro','Habilidade: Situações com dinheiro.',7) on conflict (id) do update set name = excluded.name;
insert into public.lessons (id,module_id,title,description,explanation,example,order_index,xp_bonus,is_active) values ('00000000-0000-4000-8000-00000000080f','00000000-0000-4000-8000-0000000003ee','Situações com dinheiro','Treino guiado com dica e feedback imediato.','Resolva uma parte por vez e confira seu raciocínio.','Exemplo resolvido aparece antes da prática.',4,20,true) on conflict (id) do update set title = excluded.title;
insert into public.exercises (id,lesson_id,skill_id,type,question,correct_answer,explanation,hint,difficulty,school_year,tags,order_index,is_active) values ('00000000-0000-4000-8000-00000000283d','00000000-0000-4000-8000-00000000080f','00000000-0000-4000-8000-000000000bf7','multiple_choice','12,00 + 3,40','15,40','12,00 + 3,40 = 15,40.','Alinhe vírgula com vírgula.',1,7,array['números decimais','situações com dinheiro'],1,true) on conflict (id) do update set question = excluded.question, correct_answer = excluded.correct_answer;
insert into public.exercise_options (id,exercise_id,option_text,is_correct,order_index) values ('00000000-0000-4000-8000-0000000081ba','00000000-0000-4000-8000-00000000283d','13.4',false,1) on conflict (id) do update set option_text = excluded.option_text, is_correct = excluded.is_correct;
insert into public.exercise_options (id,exercise_id,option_text,is_correct,order_index) values ('00000000-0000-4000-8000-0000000081bb','00000000-0000-4000-8000-00000000283d','15.4',false,2) on conflict (id) do update set option_text = excluded.option_text, is_correct = excluded.is_correct;
insert into public.exercise_options (id,exercise_id,option_text,is_correct,order_index) values ('00000000-0000-4000-8000-0000000081bc','00000000-0000-4000-8000-00000000283d','18.4',false,3) on conflict (id) do update set option_text = excluded.option_text, is_correct = excluded.is_correct;
insert into public.exercise_options (id,exercise_id,option_text,is_correct,order_index) values ('00000000-0000-4000-8000-0000000081bd','00000000-0000-4000-8000-00000000283d','22.4',false,4) on conflict (id) do update set option_text = excluded.option_text, is_correct = excluded.is_correct;
insert into public.exercises (id,lesson_id,skill_id,type,question,correct_answer,explanation,hint,difficulty,school_year,tags,order_index,is_active) values ('00000000-0000-4000-8000-00000000283e','00000000-0000-4000-8000-00000000080f','00000000-0000-4000-8000-000000000bf7','input','12,30 + 3,60','15,90','12,30 + 3,60 = 15,90.','Alinhe vírgula com vírgula.',1,7,array['números decimais','situações com dinheiro'],2,true) on conflict (id) do update set question = excluded.question, correct_answer = excluded.correct_answer;
insert into public.exercises (id,lesson_id,skill_id,type,question,correct_answer,explanation,hint,difficulty,school_year,tags,order_index,is_active) values ('00000000-0000-4000-8000-00000000283f','00000000-0000-4000-8000-00000000080f','00000000-0000-4000-8000-000000000bf7','complete','12,60 + 3,80','16,40','12,60 + 3,80 = 16,40.','Alinhe vírgula com vírgula.',1,7,array['números decimais','situações com dinheiro'],3,true) on conflict (id) do update set question = excluded.question, correct_answer = excluded.correct_answer;
insert into public.exercises (id,lesson_id,skill_id,type,question,correct_answer,explanation,hint,difficulty,school_year,tags,order_index,is_active) values ('00000000-0000-4000-8000-000000002840','00000000-0000-4000-8000-00000000080f','00000000-0000-4000-8000-000000000bf7','true_false','12,90 + 4,00 é igual a 16,90.','true','12,90 + 4,00 = 16,90.','Alinhe vírgula com vírgula.',1,7,array['números decimais','situações com dinheiro'],4,true) on conflict (id) do update set question = excluded.question, correct_answer = excluded.correct_answer;
insert into public.exercises (id,lesson_id,skill_id,type,question,correct_answer,explanation,hint,difficulty,school_year,tags,order_index,is_active) values ('00000000-0000-4000-8000-000000002841','00000000-0000-4000-8000-00000000080f','00000000-0000-4000-8000-000000000bf7','word_problem','13,20 + 4,20','17,40','13,20 + 4,20 = 17,40.','Alinhe vírgula com vírgula.',2,7,array['números decimais','situações com dinheiro'],5,true) on conflict (id) do update set question = excluded.question, correct_answer = excluded.correct_answer;
insert into public.exercises (id,lesson_id,skill_id,type,question,correct_answer,explanation,hint,difficulty,school_year,tags,order_index,is_active) values ('00000000-0000-4000-8000-000000002842','00000000-0000-4000-8000-00000000080f','00000000-0000-4000-8000-000000000bf7','complete','13,50 + 4,40','17,90','13,50 + 4,40 = 17,90.','Alinhe vírgula com vírgula.',2,7,array['números decimais','situações com dinheiro'],6,true) on conflict (id) do update set question = excluded.question, correct_answer = excluded.correct_answer;
insert into public.exercises (id,lesson_id,skill_id,type,question,correct_answer,explanation,hint,difficulty,school_year,tags,order_index,is_active) values ('00000000-0000-4000-8000-000000002843','00000000-0000-4000-8000-00000000080f','00000000-0000-4000-8000-000000000bf7','multiple_choice','13,80 + 4,60','18,40','13,80 + 4,60 = 18,40.','Alinhe vírgula com vírgula.',2,7,array['números decimais','situações com dinheiro'],7,true) on conflict (id) do update set question = excluded.question, correct_answer = excluded.correct_answer;
insert into public.exercise_options (id,exercise_id,option_text,is_correct,order_index) values ('00000000-0000-4000-8000-0000000081f6','00000000-0000-4000-8000-000000002843','16.4',false,1) on conflict (id) do update set option_text = excluded.option_text, is_correct = excluded.is_correct;
insert into public.exercise_options (id,exercise_id,option_text,is_correct,order_index) values ('00000000-0000-4000-8000-0000000081f7','00000000-0000-4000-8000-000000002843','18.4',false,2) on conflict (id) do update set option_text = excluded.option_text, is_correct = excluded.is_correct;
insert into public.exercise_options (id,exercise_id,option_text,is_correct,order_index) values ('00000000-0000-4000-8000-0000000081f8','00000000-0000-4000-8000-000000002843','21.4',false,3) on conflict (id) do update set option_text = excluded.option_text, is_correct = excluded.is_correct;
insert into public.exercise_options (id,exercise_id,option_text,is_correct,order_index) values ('00000000-0000-4000-8000-0000000081f9','00000000-0000-4000-8000-000000002843','25.4',false,4) on conflict (id) do update set option_text = excluded.option_text, is_correct = excluded.is_correct;
insert into public.exercises (id,lesson_id,skill_id,type,question,correct_answer,explanation,hint,difficulty,school_year,tags,order_index,is_active) values ('00000000-0000-4000-8000-000000002844','00000000-0000-4000-8000-00000000080f','00000000-0000-4000-8000-000000000bf7','true_false','14,10 + 4,80 é igual a 18,90.','true','14,10 + 4,80 = 18,90.','Alinhe vírgula com vírgula.',2,7,array['números decimais','situações com dinheiro'],8,true) on conflict (id) do update set question = excluded.question, correct_answer = excluded.correct_answer;
insert into public.exercises (id,lesson_id,skill_id,type,question,correct_answer,explanation,hint,difficulty,school_year,tags,order_index,is_active) values ('00000000-0000-4000-8000-000000002845','00000000-0000-4000-8000-00000000080f','00000000-0000-4000-8000-000000000bf7','complete','14,40 + 5,00','19,40','14,40 + 5,00 = 19,40.','Alinhe vírgula com vírgula.',2,7,array['números decimais','situações com dinheiro'],9,true) on conflict (id) do update set question = excluded.question, correct_answer = excluded.correct_answer;
insert into public.exercises (id,lesson_id,skill_id,type,question,correct_answer,explanation,hint,difficulty,school_year,tags,order_index,is_active) values ('00000000-0000-4000-8000-000000002846','00000000-0000-4000-8000-00000000080f','00000000-0000-4000-8000-000000000bf7','word_problem','14,70 + 5,20','19,90','14,70 + 5,20 = 19,90.','Alinhe vírgula com vírgula.',3,7,array['números decimais','situações com dinheiro'],10,true) on conflict (id) do update set question = excluded.question, correct_answer = excluded.correct_answer;
insert into public.modules (id,title,description,order_index,icon,color,required_xp,is_active) values ('00000000-0000-4000-8000-0000000003ef','Porcentagem básica','Módulo de porcentagem básica para o 7º ano.',8,'Percent','fuchsia',560,true) on conflict (id) do update set title = excluded.title;
insert into public.skills (id,name,description,school_year) values ('00000000-0000-4000-8000-000000000bfe','10%','Habilidade: 10%.',7) on conflict (id) do update set name = excluded.name;
insert into public.lessons (id,module_id,title,description,explanation,example,order_index,xp_bonus,is_active) values ('00000000-0000-4000-8000-000000000816','00000000-0000-4000-8000-0000000003ef','10%','Treino guiado com dica e feedback imediato.','Resolva uma parte por vez e confira seu raciocínio.','Exemplo resolvido aparece antes da prática.',1,20,true) on conflict (id) do update set title = excluded.title;
insert into public.exercises (id,lesson_id,skill_id,type,question,correct_answer,explanation,hint,difficulty,school_year,tags,order_index,is_active) values ('00000000-0000-4000-8000-000000002af9','00000000-0000-4000-8000-000000000816','00000000-0000-4000-8000-000000000bfe','multiple_choice','Quanto é 10% de 50?','5','10% de 50 é 5.','Transforme a porcentagem em parte de 100.',1,7,array['porcentagem básica','10%'],1,true) on conflict (id) do update set question = excluded.question, correct_answer = excluded.correct_answer;
insert into public.exercise_options (id,exercise_id,option_text,is_correct,order_index) values ('00000000-0000-4000-8000-000000008caa','00000000-0000-4000-8000-000000002af9','3',false,1) on conflict (id) do update set option_text = excluded.option_text, is_correct = excluded.is_correct;
insert into public.exercise_options (id,exercise_id,option_text,is_correct,order_index) values ('00000000-0000-4000-8000-000000008cab','00000000-0000-4000-8000-000000002af9','5',true,2) on conflict (id) do update set option_text = excluded.option_text, is_correct = excluded.is_correct;
insert into public.exercise_options (id,exercise_id,option_text,is_correct,order_index) values ('00000000-0000-4000-8000-000000008cac','00000000-0000-4000-8000-000000002af9','8',false,3) on conflict (id) do update set option_text = excluded.option_text, is_correct = excluded.is_correct;
insert into public.exercise_options (id,exercise_id,option_text,is_correct,order_index) values ('00000000-0000-4000-8000-000000008cad','00000000-0000-4000-8000-000000002af9','12',false,4) on conflict (id) do update set option_text = excluded.option_text, is_correct = excluded.is_correct;
insert into public.exercises (id,lesson_id,skill_id,type,question,correct_answer,explanation,hint,difficulty,school_year,tags,order_index,is_active) values ('00000000-0000-4000-8000-000000002afa','00000000-0000-4000-8000-000000000816','00000000-0000-4000-8000-000000000bfe','input','Quanto é 10% de 60?','6','10% de 60 é 6.','Transforme a porcentagem em parte de 100.',1,7,array['porcentagem básica','10%'],2,true) on conflict (id) do update set question = excluded.question, correct_answer = excluded.correct_answer;
insert into public.exercises (id,lesson_id,skill_id,type,question,correct_answer,explanation,hint,difficulty,school_year,tags,order_index,is_active) values ('00000000-0000-4000-8000-000000002afb','00000000-0000-4000-8000-000000000816','00000000-0000-4000-8000-000000000bfe','complete','Quanto é 10% de 70?','7','10% de 70 é 7.','Transforme a porcentagem em parte de 100.',1,7,array['porcentagem básica','10%'],3,true) on conflict (id) do update set question = excluded.question, correct_answer = excluded.correct_answer;
insert into public.exercises (id,lesson_id,skill_id,type,question,correct_answer,explanation,hint,difficulty,school_year,tags,order_index,is_active) values ('00000000-0000-4000-8000-000000002afc','00000000-0000-4000-8000-000000000816','00000000-0000-4000-8000-000000000bfe','true_false','Quanto é 10% de 80? é igual a 8.','true','10% de 80 é 8.','Transforme a porcentagem em parte de 100.',1,7,array['porcentagem básica','10%'],4,true) on conflict (id) do update set question = excluded.question, correct_answer = excluded.correct_answer;
insert into public.exercises (id,lesson_id,skill_id,type,question,correct_answer,explanation,hint,difficulty,school_year,tags,order_index,is_active) values ('00000000-0000-4000-8000-000000002afd','00000000-0000-4000-8000-000000000816','00000000-0000-4000-8000-000000000bfe','word_problem','Quanto é 10% de 90?','9','10% de 90 é 9.','Transforme a porcentagem em parte de 100.',2,7,array['porcentagem básica','10%'],5,true) on conflict (id) do update set question = excluded.question, correct_answer = excluded.correct_answer;
insert into public.exercises (id,lesson_id,skill_id,type,question,correct_answer,explanation,hint,difficulty,school_year,tags,order_index,is_active) values ('00000000-0000-4000-8000-000000002afe','00000000-0000-4000-8000-000000000816','00000000-0000-4000-8000-000000000bfe','complete','Quanto é 10% de 100?','10','10% de 100 é 10.','Transforme a porcentagem em parte de 100.',2,7,array['porcentagem básica','10%'],6,true) on conflict (id) do update set question = excluded.question, correct_answer = excluded.correct_answer;
insert into public.exercises (id,lesson_id,skill_id,type,question,correct_answer,explanation,hint,difficulty,school_year,tags,order_index,is_active) values ('00000000-0000-4000-8000-000000002aff','00000000-0000-4000-8000-000000000816','00000000-0000-4000-8000-000000000bfe','multiple_choice','Quanto é 10% de 110?','11','10% de 110 é 11.','Transforme a porcentagem em parte de 100.',2,7,array['porcentagem básica','10%'],7,true) on conflict (id) do update set question = excluded.question, correct_answer = excluded.correct_answer;
insert into public.exercise_options (id,exercise_id,option_text,is_correct,order_index) values ('00000000-0000-4000-8000-000000008ce6','00000000-0000-4000-8000-000000002aff','9',false,1) on conflict (id) do update set option_text = excluded.option_text, is_correct = excluded.is_correct;
insert into public.exercise_options (id,exercise_id,option_text,is_correct,order_index) values ('00000000-0000-4000-8000-000000008ce7','00000000-0000-4000-8000-000000002aff','11',true,2) on conflict (id) do update set option_text = excluded.option_text, is_correct = excluded.is_correct;
insert into public.exercise_options (id,exercise_id,option_text,is_correct,order_index) values ('00000000-0000-4000-8000-000000008ce8','00000000-0000-4000-8000-000000002aff','14',false,3) on conflict (id) do update set option_text = excluded.option_text, is_correct = excluded.is_correct;
insert into public.exercise_options (id,exercise_id,option_text,is_correct,order_index) values ('00000000-0000-4000-8000-000000008ce9','00000000-0000-4000-8000-000000002aff','18',false,4) on conflict (id) do update set option_text = excluded.option_text, is_correct = excluded.is_correct;
insert into public.exercises (id,lesson_id,skill_id,type,question,correct_answer,explanation,hint,difficulty,school_year,tags,order_index,is_active) values ('00000000-0000-4000-8000-000000002b00','00000000-0000-4000-8000-000000000816','00000000-0000-4000-8000-000000000bfe','true_false','Quanto é 10% de 120? é igual a 12.','true','10% de 120 é 12.','Transforme a porcentagem em parte de 100.',2,7,array['porcentagem básica','10%'],8,true) on conflict (id) do update set question = excluded.question, correct_answer = excluded.correct_answer;
insert into public.exercises (id,lesson_id,skill_id,type,question,correct_answer,explanation,hint,difficulty,school_year,tags,order_index,is_active) values ('00000000-0000-4000-8000-000000002b01','00000000-0000-4000-8000-000000000816','00000000-0000-4000-8000-000000000bfe','complete','Quanto é 10% de 130?','13','10% de 130 é 13.','Transforme a porcentagem em parte de 100.',2,7,array['porcentagem básica','10%'],9,true) on conflict (id) do update set question = excluded.question, correct_answer = excluded.correct_answer;
insert into public.exercises (id,lesson_id,skill_id,type,question,correct_answer,explanation,hint,difficulty,school_year,tags,order_index,is_active) values ('00000000-0000-4000-8000-000000002b02','00000000-0000-4000-8000-000000000816','00000000-0000-4000-8000-000000000bfe','word_problem','Quanto é 10% de 140?','14','10% de 140 é 14.','Transforme a porcentagem em parte de 100.',3,7,array['porcentagem básica','10%'],10,true) on conflict (id) do update set question = excluded.question, correct_answer = excluded.correct_answer;
insert into public.skills (id,name,description,school_year) values ('00000000-0000-4000-8000-000000000bff','25%','Habilidade: 25%.',7) on conflict (id) do update set name = excluded.name;
insert into public.lessons (id,module_id,title,description,explanation,example,order_index,xp_bonus,is_active) values ('00000000-0000-4000-8000-000000000817','00000000-0000-4000-8000-0000000003ef','25%','Treino guiado com dica e feedback imediato.','Resolva uma parte por vez e confira seu raciocínio.','Exemplo resolvido aparece antes da prática.',2,20,true) on conflict (id) do update set title = excluded.title;
insert into public.exercises (id,lesson_id,skill_id,type,question,correct_answer,explanation,hint,difficulty,school_year,tags,order_index,is_active) values ('00000000-0000-4000-8000-000000002b5d','00000000-0000-4000-8000-000000000817','00000000-0000-4000-8000-000000000bff','multiple_choice','Quanto é 25% de 50?','12.5','25% de 50 é 12.5.','Transforme a porcentagem em parte de 100.',1,7,array['porcentagem básica','25%'],1,true) on conflict (id) do update set question = excluded.question, correct_answer = excluded.correct_answer;
insert into public.exercise_options (id,exercise_id,option_text,is_correct,order_index) values ('00000000-0000-4000-8000-000000008e3a','00000000-0000-4000-8000-000000002b5d','10.5',false,1) on conflict (id) do update set option_text = excluded.option_text, is_correct = excluded.is_correct;
insert into public.exercise_options (id,exercise_id,option_text,is_correct,order_index) values ('00000000-0000-4000-8000-000000008e3b','00000000-0000-4000-8000-000000002b5d','12.5',true,2) on conflict (id) do update set option_text = excluded.option_text, is_correct = excluded.is_correct;
insert into public.exercise_options (id,exercise_id,option_text,is_correct,order_index) values ('00000000-0000-4000-8000-000000008e3c','00000000-0000-4000-8000-000000002b5d','15.5',false,3) on conflict (id) do update set option_text = excluded.option_text, is_correct = excluded.is_correct;
insert into public.exercise_options (id,exercise_id,option_text,is_correct,order_index) values ('00000000-0000-4000-8000-000000008e3d','00000000-0000-4000-8000-000000002b5d','19.5',false,4) on conflict (id) do update set option_text = excluded.option_text, is_correct = excluded.is_correct;
insert into public.exercises (id,lesson_id,skill_id,type,question,correct_answer,explanation,hint,difficulty,school_year,tags,order_index,is_active) values ('00000000-0000-4000-8000-000000002b5e','00000000-0000-4000-8000-000000000817','00000000-0000-4000-8000-000000000bff','input','Quanto é 25% de 60?','15','25% de 60 é 15.','Transforme a porcentagem em parte de 100.',1,7,array['porcentagem básica','25%'],2,true) on conflict (id) do update set question = excluded.question, correct_answer = excluded.correct_answer;
insert into public.exercises (id,lesson_id,skill_id,type,question,correct_answer,explanation,hint,difficulty,school_year,tags,order_index,is_active) values ('00000000-0000-4000-8000-000000002b5f','00000000-0000-4000-8000-000000000817','00000000-0000-4000-8000-000000000bff','complete','Quanto é 25% de 70?','17.5','25% de 70 é 17.5.','Transforme a porcentagem em parte de 100.',1,7,array['porcentagem básica','25%'],3,true) on conflict (id) do update set question = excluded.question, correct_answer = excluded.correct_answer;
insert into public.exercises (id,lesson_id,skill_id,type,question,correct_answer,explanation,hint,difficulty,school_year,tags,order_index,is_active) values ('00000000-0000-4000-8000-000000002b60','00000000-0000-4000-8000-000000000817','00000000-0000-4000-8000-000000000bff','true_false','Quanto é 25% de 80? é igual a 20.','true','25% de 80 é 20.','Transforme a porcentagem em parte de 100.',1,7,array['porcentagem básica','25%'],4,true) on conflict (id) do update set question = excluded.question, correct_answer = excluded.correct_answer;
insert into public.exercises (id,lesson_id,skill_id,type,question,correct_answer,explanation,hint,difficulty,school_year,tags,order_index,is_active) values ('00000000-0000-4000-8000-000000002b61','00000000-0000-4000-8000-000000000817','00000000-0000-4000-8000-000000000bff','word_problem','Quanto é 25% de 90?','22.5','25% de 90 é 22.5.','Transforme a porcentagem em parte de 100.',2,7,array['porcentagem básica','25%'],5,true) on conflict (id) do update set question = excluded.question, correct_answer = excluded.correct_answer;
insert into public.exercises (id,lesson_id,skill_id,type,question,correct_answer,explanation,hint,difficulty,school_year,tags,order_index,is_active) values ('00000000-0000-4000-8000-000000002b62','00000000-0000-4000-8000-000000000817','00000000-0000-4000-8000-000000000bff','complete','Quanto é 25% de 100?','25','25% de 100 é 25.','Transforme a porcentagem em parte de 100.',2,7,array['porcentagem básica','25%'],6,true) on conflict (id) do update set question = excluded.question, correct_answer = excluded.correct_answer;
insert into public.exercises (id,lesson_id,skill_id,type,question,correct_answer,explanation,hint,difficulty,school_year,tags,order_index,is_active) values ('00000000-0000-4000-8000-000000002b63','00000000-0000-4000-8000-000000000817','00000000-0000-4000-8000-000000000bff','multiple_choice','Quanto é 25% de 110?','27.5','25% de 110 é 27.5.','Transforme a porcentagem em parte de 100.',2,7,array['porcentagem básica','25%'],7,true) on conflict (id) do update set question = excluded.question, correct_answer = excluded.correct_answer;
insert into public.exercise_options (id,exercise_id,option_text,is_correct,order_index) values ('00000000-0000-4000-8000-000000008e76','00000000-0000-4000-8000-000000002b63','25.5',false,1) on conflict (id) do update set option_text = excluded.option_text, is_correct = excluded.is_correct;
insert into public.exercise_options (id,exercise_id,option_text,is_correct,order_index) values ('00000000-0000-4000-8000-000000008e77','00000000-0000-4000-8000-000000002b63','27.5',true,2) on conflict (id) do update set option_text = excluded.option_text, is_correct = excluded.is_correct;
insert into public.exercise_options (id,exercise_id,option_text,is_correct,order_index) values ('00000000-0000-4000-8000-000000008e78','00000000-0000-4000-8000-000000002b63','30.5',false,3) on conflict (id) do update set option_text = excluded.option_text, is_correct = excluded.is_correct;
insert into public.exercise_options (id,exercise_id,option_text,is_correct,order_index) values ('00000000-0000-4000-8000-000000008e79','00000000-0000-4000-8000-000000002b63','34.5',false,4) on conflict (id) do update set option_text = excluded.option_text, is_correct = excluded.is_correct;
insert into public.exercises (id,lesson_id,skill_id,type,question,correct_answer,explanation,hint,difficulty,school_year,tags,order_index,is_active) values ('00000000-0000-4000-8000-000000002b64','00000000-0000-4000-8000-000000000817','00000000-0000-4000-8000-000000000bff','true_false','Quanto é 25% de 120? é igual a 30.','true','25% de 120 é 30.','Transforme a porcentagem em parte de 100.',2,7,array['porcentagem básica','25%'],8,true) on conflict (id) do update set question = excluded.question, correct_answer = excluded.correct_answer;
insert into public.exercises (id,lesson_id,skill_id,type,question,correct_answer,explanation,hint,difficulty,school_year,tags,order_index,is_active) values ('00000000-0000-4000-8000-000000002b65','00000000-0000-4000-8000-000000000817','00000000-0000-4000-8000-000000000bff','complete','Quanto é 25% de 130?','32.5','25% de 130 é 32.5.','Transforme a porcentagem em parte de 100.',2,7,array['porcentagem básica','25%'],9,true) on conflict (id) do update set question = excluded.question, correct_answer = excluded.correct_answer;
insert into public.exercises (id,lesson_id,skill_id,type,question,correct_answer,explanation,hint,difficulty,school_year,tags,order_index,is_active) values ('00000000-0000-4000-8000-000000002b66','00000000-0000-4000-8000-000000000817','00000000-0000-4000-8000-000000000bff','word_problem','Quanto é 25% de 140?','35','25% de 140 é 35.','Transforme a porcentagem em parte de 100.',3,7,array['porcentagem básica','25%'],10,true) on conflict (id) do update set question = excluded.question, correct_answer = excluded.correct_answer;
insert into public.skills (id,name,description,school_year) values ('00000000-0000-4000-8000-000000000c00','50%','Habilidade: 50%.',7) on conflict (id) do update set name = excluded.name;
insert into public.lessons (id,module_id,title,description,explanation,example,order_index,xp_bonus,is_active) values ('00000000-0000-4000-8000-000000000818','00000000-0000-4000-8000-0000000003ef','50%','Treino guiado com dica e feedback imediato.','Resolva uma parte por vez e confira seu raciocínio.','Exemplo resolvido aparece antes da prática.',3,20,true) on conflict (id) do update set title = excluded.title;
insert into public.exercises (id,lesson_id,skill_id,type,question,correct_answer,explanation,hint,difficulty,school_year,tags,order_index,is_active) values ('00000000-0000-4000-8000-000000002bc1','00000000-0000-4000-8000-000000000818','00000000-0000-4000-8000-000000000c00','multiple_choice','Quanto é 50% de 50?','25','50% de 50 é 25.','Transforme a porcentagem em parte de 100.',1,7,array['porcentagem básica','50%'],1,true) on conflict (id) do update set question = excluded.question, correct_answer = excluded.correct_answer;
insert into public.exercise_options (id,exercise_id,option_text,is_correct,order_index) values ('00000000-0000-4000-8000-000000008fca','00000000-0000-4000-8000-000000002bc1','23',false,1) on conflict (id) do update set option_text = excluded.option_text, is_correct = excluded.is_correct;
insert into public.exercise_options (id,exercise_id,option_text,is_correct,order_index) values ('00000000-0000-4000-8000-000000008fcb','00000000-0000-4000-8000-000000002bc1','25',true,2) on conflict (id) do update set option_text = excluded.option_text, is_correct = excluded.is_correct;
insert into public.exercise_options (id,exercise_id,option_text,is_correct,order_index) values ('00000000-0000-4000-8000-000000008fcc','00000000-0000-4000-8000-000000002bc1','28',false,3) on conflict (id) do update set option_text = excluded.option_text, is_correct = excluded.is_correct;
insert into public.exercise_options (id,exercise_id,option_text,is_correct,order_index) values ('00000000-0000-4000-8000-000000008fcd','00000000-0000-4000-8000-000000002bc1','32',false,4) on conflict (id) do update set option_text = excluded.option_text, is_correct = excluded.is_correct;
insert into public.exercises (id,lesson_id,skill_id,type,question,correct_answer,explanation,hint,difficulty,school_year,tags,order_index,is_active) values ('00000000-0000-4000-8000-000000002bc2','00000000-0000-4000-8000-000000000818','00000000-0000-4000-8000-000000000c00','input','Quanto é 50% de 60?','30','50% de 60 é 30.','Transforme a porcentagem em parte de 100.',1,7,array['porcentagem básica','50%'],2,true) on conflict (id) do update set question = excluded.question, correct_answer = excluded.correct_answer;
insert into public.exercises (id,lesson_id,skill_id,type,question,correct_answer,explanation,hint,difficulty,school_year,tags,order_index,is_active) values ('00000000-0000-4000-8000-000000002bc3','00000000-0000-4000-8000-000000000818','00000000-0000-4000-8000-000000000c00','complete','Quanto é 50% de 70?','35','50% de 70 é 35.','Transforme a porcentagem em parte de 100.',1,7,array['porcentagem básica','50%'],3,true) on conflict (id) do update set question = excluded.question, correct_answer = excluded.correct_answer;
insert into public.exercises (id,lesson_id,skill_id,type,question,correct_answer,explanation,hint,difficulty,school_year,tags,order_index,is_active) values ('00000000-0000-4000-8000-000000002bc4','00000000-0000-4000-8000-000000000818','00000000-0000-4000-8000-000000000c00','true_false','Quanto é 50% de 80? é igual a 40.','true','50% de 80 é 40.','Transforme a porcentagem em parte de 100.',1,7,array['porcentagem básica','50%'],4,true) on conflict (id) do update set question = excluded.question, correct_answer = excluded.correct_answer;
insert into public.exercises (id,lesson_id,skill_id,type,question,correct_answer,explanation,hint,difficulty,school_year,tags,order_index,is_active) values ('00000000-0000-4000-8000-000000002bc5','00000000-0000-4000-8000-000000000818','00000000-0000-4000-8000-000000000c00','word_problem','Quanto é 50% de 90?','45','50% de 90 é 45.','Transforme a porcentagem em parte de 100.',2,7,array['porcentagem básica','50%'],5,true) on conflict (id) do update set question = excluded.question, correct_answer = excluded.correct_answer;
insert into public.exercises (id,lesson_id,skill_id,type,question,correct_answer,explanation,hint,difficulty,school_year,tags,order_index,is_active) values ('00000000-0000-4000-8000-000000002bc6','00000000-0000-4000-8000-000000000818','00000000-0000-4000-8000-000000000c00','complete','Quanto é 50% de 100?','50','50% de 100 é 50.','Transforme a porcentagem em parte de 100.',2,7,array['porcentagem básica','50%'],6,true) on conflict (id) do update set question = excluded.question, correct_answer = excluded.correct_answer;
insert into public.exercises (id,lesson_id,skill_id,type,question,correct_answer,explanation,hint,difficulty,school_year,tags,order_index,is_active) values ('00000000-0000-4000-8000-000000002bc7','00000000-0000-4000-8000-000000000818','00000000-0000-4000-8000-000000000c00','multiple_choice','Quanto é 50% de 110?','55','50% de 110 é 55.','Transforme a porcentagem em parte de 100.',2,7,array['porcentagem básica','50%'],7,true) on conflict (id) do update set question = excluded.question, correct_answer = excluded.correct_answer;
insert into public.exercise_options (id,exercise_id,option_text,is_correct,order_index) values ('00000000-0000-4000-8000-000000009006','00000000-0000-4000-8000-000000002bc7','53',false,1) on conflict (id) do update set option_text = excluded.option_text, is_correct = excluded.is_correct;
insert into public.exercise_options (id,exercise_id,option_text,is_correct,order_index) values ('00000000-0000-4000-8000-000000009007','00000000-0000-4000-8000-000000002bc7','55',true,2) on conflict (id) do update set option_text = excluded.option_text, is_correct = excluded.is_correct;
insert into public.exercise_options (id,exercise_id,option_text,is_correct,order_index) values ('00000000-0000-4000-8000-000000009008','00000000-0000-4000-8000-000000002bc7','58',false,3) on conflict (id) do update set option_text = excluded.option_text, is_correct = excluded.is_correct;
insert into public.exercise_options (id,exercise_id,option_text,is_correct,order_index) values ('00000000-0000-4000-8000-000000009009','00000000-0000-4000-8000-000000002bc7','62',false,4) on conflict (id) do update set option_text = excluded.option_text, is_correct = excluded.is_correct;
insert into public.exercises (id,lesson_id,skill_id,type,question,correct_answer,explanation,hint,difficulty,school_year,tags,order_index,is_active) values ('00000000-0000-4000-8000-000000002bc8','00000000-0000-4000-8000-000000000818','00000000-0000-4000-8000-000000000c00','true_false','Quanto é 50% de 120? é igual a 60.','true','50% de 120 é 60.','Transforme a porcentagem em parte de 100.',2,7,array['porcentagem básica','50%'],8,true) on conflict (id) do update set question = excluded.question, correct_answer = excluded.correct_answer;
insert into public.exercises (id,lesson_id,skill_id,type,question,correct_answer,explanation,hint,difficulty,school_year,tags,order_index,is_active) values ('00000000-0000-4000-8000-000000002bc9','00000000-0000-4000-8000-000000000818','00000000-0000-4000-8000-000000000c00','complete','Quanto é 50% de 130?','65','50% de 130 é 65.','Transforme a porcentagem em parte de 100.',2,7,array['porcentagem básica','50%'],9,true) on conflict (id) do update set question = excluded.question, correct_answer = excluded.correct_answer;
insert into public.exercises (id,lesson_id,skill_id,type,question,correct_answer,explanation,hint,difficulty,school_year,tags,order_index,is_active) values ('00000000-0000-4000-8000-000000002bca','00000000-0000-4000-8000-000000000818','00000000-0000-4000-8000-000000000c00','word_problem','Quanto é 50% de 140?','70','50% de 140 é 70.','Transforme a porcentagem em parte de 100.',3,7,array['porcentagem básica','50%'],10,true) on conflict (id) do update set question = excluded.question, correct_answer = excluded.correct_answer;
insert into public.skills (id,name,description,school_year) values ('00000000-0000-4000-8000-000000000c01','Descontos simples','Habilidade: Descontos simples.',7) on conflict (id) do update set name = excluded.name;
insert into public.lessons (id,module_id,title,description,explanation,example,order_index,xp_bonus,is_active) values ('00000000-0000-4000-8000-000000000819','00000000-0000-4000-8000-0000000003ef','Descontos simples','Treino guiado com dica e feedback imediato.','Resolva uma parte por vez e confira seu raciocínio.','Exemplo resolvido aparece antes da prática.',4,20,true) on conflict (id) do update set title = excluded.title;
insert into public.exercises (id,lesson_id,skill_id,type,question,correct_answer,explanation,hint,difficulty,school_year,tags,order_index,is_active) values ('00000000-0000-4000-8000-000000002c25','00000000-0000-4000-8000-000000000819','00000000-0000-4000-8000-000000000c01','multiple_choice','Quanto é 20% de 50?','10','20% de 50 é 10.','Transforme a porcentagem em parte de 100.',1,7,array['porcentagem básica','descontos simples'],1,true) on conflict (id) do update set question = excluded.question, correct_answer = excluded.correct_answer;
insert into public.exercise_options (id,exercise_id,option_text,is_correct,order_index) values ('00000000-0000-4000-8000-00000000915a','00000000-0000-4000-8000-000000002c25','8',false,1) on conflict (id) do update set option_text = excluded.option_text, is_correct = excluded.is_correct;
insert into public.exercise_options (id,exercise_id,option_text,is_correct,order_index) values ('00000000-0000-4000-8000-00000000915b','00000000-0000-4000-8000-000000002c25','10',true,2) on conflict (id) do update set option_text = excluded.option_text, is_correct = excluded.is_correct;
insert into public.exercise_options (id,exercise_id,option_text,is_correct,order_index) values ('00000000-0000-4000-8000-00000000915c','00000000-0000-4000-8000-000000002c25','13',false,3) on conflict (id) do update set option_text = excluded.option_text, is_correct = excluded.is_correct;
insert into public.exercise_options (id,exercise_id,option_text,is_correct,order_index) values ('00000000-0000-4000-8000-00000000915d','00000000-0000-4000-8000-000000002c25','17',false,4) on conflict (id) do update set option_text = excluded.option_text, is_correct = excluded.is_correct;
insert into public.exercises (id,lesson_id,skill_id,type,question,correct_answer,explanation,hint,difficulty,school_year,tags,order_index,is_active) values ('00000000-0000-4000-8000-000000002c26','00000000-0000-4000-8000-000000000819','00000000-0000-4000-8000-000000000c01','input','Quanto é 20% de 60?','12','20% de 60 é 12.','Transforme a porcentagem em parte de 100.',1,7,array['porcentagem básica','descontos simples'],2,true) on conflict (id) do update set question = excluded.question, correct_answer = excluded.correct_answer;
insert into public.exercises (id,lesson_id,skill_id,type,question,correct_answer,explanation,hint,difficulty,school_year,tags,order_index,is_active) values ('00000000-0000-4000-8000-000000002c27','00000000-0000-4000-8000-000000000819','00000000-0000-4000-8000-000000000c01','complete','Quanto é 20% de 70?','14','20% de 70 é 14.','Transforme a porcentagem em parte de 100.',1,7,array['porcentagem básica','descontos simples'],3,true) on conflict (id) do update set question = excluded.question, correct_answer = excluded.correct_answer;
insert into public.exercises (id,lesson_id,skill_id,type,question,correct_answer,explanation,hint,difficulty,school_year,tags,order_index,is_active) values ('00000000-0000-4000-8000-000000002c28','00000000-0000-4000-8000-000000000819','00000000-0000-4000-8000-000000000c01','true_false','Quanto é 20% de 80? é igual a 16.','true','20% de 80 é 16.','Transforme a porcentagem em parte de 100.',1,7,array['porcentagem básica','descontos simples'],4,true) on conflict (id) do update set question = excluded.question, correct_answer = excluded.correct_answer;
insert into public.exercises (id,lesson_id,skill_id,type,question,correct_answer,explanation,hint,difficulty,school_year,tags,order_index,is_active) values ('00000000-0000-4000-8000-000000002c29','00000000-0000-4000-8000-000000000819','00000000-0000-4000-8000-000000000c01','word_problem','Quanto é 20% de 90?','18','20% de 90 é 18.','Transforme a porcentagem em parte de 100.',2,7,array['porcentagem básica','descontos simples'],5,true) on conflict (id) do update set question = excluded.question, correct_answer = excluded.correct_answer;
insert into public.exercises (id,lesson_id,skill_id,type,question,correct_answer,explanation,hint,difficulty,school_year,tags,order_index,is_active) values ('00000000-0000-4000-8000-000000002c2a','00000000-0000-4000-8000-000000000819','00000000-0000-4000-8000-000000000c01','complete','Quanto é 20% de 100?','20','20% de 100 é 20.','Transforme a porcentagem em parte de 100.',2,7,array['porcentagem básica','descontos simples'],6,true) on conflict (id) do update set question = excluded.question, correct_answer = excluded.correct_answer;
insert into public.exercises (id,lesson_id,skill_id,type,question,correct_answer,explanation,hint,difficulty,school_year,tags,order_index,is_active) values ('00000000-0000-4000-8000-000000002c2b','00000000-0000-4000-8000-000000000819','00000000-0000-4000-8000-000000000c01','multiple_choice','Quanto é 20% de 110?','22','20% de 110 é 22.','Transforme a porcentagem em parte de 100.',2,7,array['porcentagem básica','descontos simples'],7,true) on conflict (id) do update set question = excluded.question, correct_answer = excluded.correct_answer;
insert into public.exercise_options (id,exercise_id,option_text,is_correct,order_index) values ('00000000-0000-4000-8000-000000009196','00000000-0000-4000-8000-000000002c2b','20',false,1) on conflict (id) do update set option_text = excluded.option_text, is_correct = excluded.is_correct;
insert into public.exercise_options (id,exercise_id,option_text,is_correct,order_index) values ('00000000-0000-4000-8000-000000009197','00000000-0000-4000-8000-000000002c2b','22',true,2) on conflict (id) do update set option_text = excluded.option_text, is_correct = excluded.is_correct;
insert into public.exercise_options (id,exercise_id,option_text,is_correct,order_index) values ('00000000-0000-4000-8000-000000009198','00000000-0000-4000-8000-000000002c2b','25',false,3) on conflict (id) do update set option_text = excluded.option_text, is_correct = excluded.is_correct;
insert into public.exercise_options (id,exercise_id,option_text,is_correct,order_index) values ('00000000-0000-4000-8000-000000009199','00000000-0000-4000-8000-000000002c2b','29',false,4) on conflict (id) do update set option_text = excluded.option_text, is_correct = excluded.is_correct;
insert into public.exercises (id,lesson_id,skill_id,type,question,correct_answer,explanation,hint,difficulty,school_year,tags,order_index,is_active) values ('00000000-0000-4000-8000-000000002c2c','00000000-0000-4000-8000-000000000819','00000000-0000-4000-8000-000000000c01','true_false','Quanto é 20% de 120? é igual a 24.','true','20% de 120 é 24.','Transforme a porcentagem em parte de 100.',2,7,array['porcentagem básica','descontos simples'],8,true) on conflict (id) do update set question = excluded.question, correct_answer = excluded.correct_answer;
insert into public.exercises (id,lesson_id,skill_id,type,question,correct_answer,explanation,hint,difficulty,school_year,tags,order_index,is_active) values ('00000000-0000-4000-8000-000000002c2d','00000000-0000-4000-8000-000000000819','00000000-0000-4000-8000-000000000c01','complete','Quanto é 20% de 130?','26','20% de 130 é 26.','Transforme a porcentagem em parte de 100.',2,7,array['porcentagem básica','descontos simples'],9,true) on conflict (id) do update set question = excluded.question, correct_answer = excluded.correct_answer;
insert into public.exercises (id,lesson_id,skill_id,type,question,correct_answer,explanation,hint,difficulty,school_year,tags,order_index,is_active) values ('00000000-0000-4000-8000-000000002c2e','00000000-0000-4000-8000-000000000819','00000000-0000-4000-8000-000000000c01','word_problem','Quanto é 20% de 140?','28','20% de 140 é 28.','Transforme a porcentagem em parte de 100.',3,7,array['porcentagem básica','descontos simples'],10,true) on conflict (id) do update set question = excluded.question, correct_answer = excluded.correct_answer;
insert into public.modules (id,title,description,order_index,icon,color,required_xp,is_active) values ('00000000-0000-4000-8000-0000000003f0','Problemas matemáticos','Módulo de problemas matemáticos para o 7º ano.',9,'BookOpen','lime',640,true) on conflict (id) do update set title = excluded.title;
insert into public.skills (id,name,description,school_year) values ('00000000-0000-4000-8000-000000000c08','Interpretação de texto','Habilidade: Interpretação de texto.',7) on conflict (id) do update set name = excluded.name;
insert into public.lessons (id,module_id,title,description,explanation,example,order_index,xp_bonus,is_active) values ('00000000-0000-4000-8000-000000000820','00000000-0000-4000-8000-0000000003f0','Interpretação de texto','Treino guiado com dica e feedback imediato.','Resolva uma parte por vez e confira seu raciocínio.','Exemplo resolvido aparece antes da prática.',1,20,true) on conflict (id) do update set title = excluded.title;
insert into public.exercises (id,lesson_id,skill_id,type,question,correct_answer,explanation,hint,difficulty,school_year,tags,order_index,is_active) values ('00000000-0000-4000-8000-000000002ee1','00000000-0000-4000-8000-000000000820','00000000-0000-4000-8000-000000000c08','multiple_choice','Em uma sala há 4 fileiras com 4 carteiras. Quantas carteiras há?','16','4 x 4 = 16.','Há grupos iguais, então a multiplicação ajuda.',1,7,array['problemas matemáticos','interpretação de texto'],1,true) on conflict (id) do update set question = excluded.question, correct_answer = excluded.correct_answer;
insert into public.exercise_options (id,exercise_id,option_text,is_correct,order_index) values ('00000000-0000-4000-8000-000000009c4a','00000000-0000-4000-8000-000000002ee1','14',false,1) on conflict (id) do update set option_text = excluded.option_text, is_correct = excluded.is_correct;
insert into public.exercise_options (id,exercise_id,option_text,is_correct,order_index) values ('00000000-0000-4000-8000-000000009c4b','00000000-0000-4000-8000-000000002ee1','16',true,2) on conflict (id) do update set option_text = excluded.option_text, is_correct = excluded.is_correct;
insert into public.exercise_options (id,exercise_id,option_text,is_correct,order_index) values ('00000000-0000-4000-8000-000000009c4c','00000000-0000-4000-8000-000000002ee1','19',false,3) on conflict (id) do update set option_text = excluded.option_text, is_correct = excluded.is_correct;
insert into public.exercise_options (id,exercise_id,option_text,is_correct,order_index) values ('00000000-0000-4000-8000-000000009c4d','00000000-0000-4000-8000-000000002ee1','23',false,4) on conflict (id) do update set option_text = excluded.option_text, is_correct = excluded.is_correct;
insert into public.exercises (id,lesson_id,skill_id,type,question,correct_answer,explanation,hint,difficulty,school_year,tags,order_index,is_active) values ('00000000-0000-4000-8000-000000002ee2','00000000-0000-4000-8000-000000000820','00000000-0000-4000-8000-000000000c08','input','Em uma sala há 4 fileiras com 5 carteiras. Quantas carteiras há?','20','4 x 5 = 20.','Há grupos iguais, então a multiplicação ajuda.',1,7,array['problemas matemáticos','interpretação de texto'],2,true) on conflict (id) do update set question = excluded.question, correct_answer = excluded.correct_answer;
insert into public.exercises (id,lesson_id,skill_id,type,question,correct_answer,explanation,hint,difficulty,school_year,tags,order_index,is_active) values ('00000000-0000-4000-8000-000000002ee3','00000000-0000-4000-8000-000000000820','00000000-0000-4000-8000-000000000c08','complete','Em uma sala há 4 fileiras com 6 carteiras. Quantas carteiras há?','24','4 x 6 = 24.','Há grupos iguais, então a multiplicação ajuda.',1,7,array['problemas matemáticos','interpretação de texto'],3,true) on conflict (id) do update set question = excluded.question, correct_answer = excluded.correct_answer;
insert into public.exercises (id,lesson_id,skill_id,type,question,correct_answer,explanation,hint,difficulty,school_year,tags,order_index,is_active) values ('00000000-0000-4000-8000-000000002ee4','00000000-0000-4000-8000-000000000820','00000000-0000-4000-8000-000000000c08','true_false','Em uma sala há 4 fileiras com 7 carteiras. Quantas carteiras há? é igual a 28.','true','4 x 7 = 28.','Há grupos iguais, então a multiplicação ajuda.',1,7,array['problemas matemáticos','interpretação de texto'],4,true) on conflict (id) do update set question = excluded.question, correct_answer = excluded.correct_answer;
insert into public.exercises (id,lesson_id,skill_id,type,question,correct_answer,explanation,hint,difficulty,school_year,tags,order_index,is_active) values ('00000000-0000-4000-8000-000000002ee5','00000000-0000-4000-8000-000000000820','00000000-0000-4000-8000-000000000c08','word_problem','Em uma sala há 4 fileiras com 8 carteiras. Quantas carteiras há?','32','4 x 8 = 32.','Há grupos iguais, então a multiplicação ajuda.',2,7,array['problemas matemáticos','interpretação de texto'],5,true) on conflict (id) do update set question = excluded.question, correct_answer = excluded.correct_answer;
insert into public.exercises (id,lesson_id,skill_id,type,question,correct_answer,explanation,hint,difficulty,school_year,tags,order_index,is_active) values ('00000000-0000-4000-8000-000000002ee6','00000000-0000-4000-8000-000000000820','00000000-0000-4000-8000-000000000c08','complete','Em uma sala há 4 fileiras com 9 carteiras. Quantas carteiras há?','36','4 x 9 = 36.','Há grupos iguais, então a multiplicação ajuda.',2,7,array['problemas matemáticos','interpretação de texto'],6,true) on conflict (id) do update set question = excluded.question, correct_answer = excluded.correct_answer;
insert into public.exercises (id,lesson_id,skill_id,type,question,correct_answer,explanation,hint,difficulty,school_year,tags,order_index,is_active) values ('00000000-0000-4000-8000-000000002ee7','00000000-0000-4000-8000-000000000820','00000000-0000-4000-8000-000000000c08','multiple_choice','Em uma sala há 4 fileiras com 10 carteiras. Quantas carteiras há?','40','4 x 10 = 40.','Há grupos iguais, então a multiplicação ajuda.',2,7,array['problemas matemáticos','interpretação de texto'],7,true) on conflict (id) do update set question = excluded.question, correct_answer = excluded.correct_answer;
insert into public.exercise_options (id,exercise_id,option_text,is_correct,order_index) values ('00000000-0000-4000-8000-000000009c86','00000000-0000-4000-8000-000000002ee7','38',false,1) on conflict (id) do update set option_text = excluded.option_text, is_correct = excluded.is_correct;
insert into public.exercise_options (id,exercise_id,option_text,is_correct,order_index) values ('00000000-0000-4000-8000-000000009c87','00000000-0000-4000-8000-000000002ee7','40',true,2) on conflict (id) do update set option_text = excluded.option_text, is_correct = excluded.is_correct;
insert into public.exercise_options (id,exercise_id,option_text,is_correct,order_index) values ('00000000-0000-4000-8000-000000009c88','00000000-0000-4000-8000-000000002ee7','43',false,3) on conflict (id) do update set option_text = excluded.option_text, is_correct = excluded.is_correct;
insert into public.exercise_options (id,exercise_id,option_text,is_correct,order_index) values ('00000000-0000-4000-8000-000000009c89','00000000-0000-4000-8000-000000002ee7','47',false,4) on conflict (id) do update set option_text = excluded.option_text, is_correct = excluded.is_correct;
insert into public.exercises (id,lesson_id,skill_id,type,question,correct_answer,explanation,hint,difficulty,school_year,tags,order_index,is_active) values ('00000000-0000-4000-8000-000000002ee8','00000000-0000-4000-8000-000000000820','00000000-0000-4000-8000-000000000c08','true_false','Em uma sala há 4 fileiras com 11 carteiras. Quantas carteiras há? é igual a 44.','true','4 x 11 = 44.','Há grupos iguais, então a multiplicação ajuda.',2,7,array['problemas matemáticos','interpretação de texto'],8,true) on conflict (id) do update set question = excluded.question, correct_answer = excluded.correct_answer;
insert into public.exercises (id,lesson_id,skill_id,type,question,correct_answer,explanation,hint,difficulty,school_year,tags,order_index,is_active) values ('00000000-0000-4000-8000-000000002ee9','00000000-0000-4000-8000-000000000820','00000000-0000-4000-8000-000000000c08','complete','Em uma sala há 4 fileiras com 12 carteiras. Quantas carteiras há?','48','4 x 12 = 48.','Há grupos iguais, então a multiplicação ajuda.',2,7,array['problemas matemáticos','interpretação de texto'],9,true) on conflict (id) do update set question = excluded.question, correct_answer = excluded.correct_answer;
insert into public.exercises (id,lesson_id,skill_id,type,question,correct_answer,explanation,hint,difficulty,school_year,tags,order_index,is_active) values ('00000000-0000-4000-8000-000000002eea','00000000-0000-4000-8000-000000000820','00000000-0000-4000-8000-000000000c08','word_problem','Em uma sala há 4 fileiras com 13 carteiras. Quantas carteiras há?','52','4 x 13 = 52.','Há grupos iguais, então a multiplicação ajuda.',3,7,array['problemas matemáticos','interpretação de texto'],10,true) on conflict (id) do update set question = excluded.question, correct_answer = excluded.correct_answer;
insert into public.skills (id,name,description,school_year) values ('00000000-0000-4000-8000-000000000c09','Escolha da operação correta','Habilidade: Escolha da operação correta.',7) on conflict (id) do update set name = excluded.name;
insert into public.lessons (id,module_id,title,description,explanation,example,order_index,xp_bonus,is_active) values ('00000000-0000-4000-8000-000000000821','00000000-0000-4000-8000-0000000003f0','Escolha da operação correta','Treino guiado com dica e feedback imediato.','Resolva uma parte por vez e confira seu raciocínio.','Exemplo resolvido aparece antes da prática.',2,20,true) on conflict (id) do update set title = excluded.title;
insert into public.exercises (id,lesson_id,skill_id,type,question,correct_answer,explanation,hint,difficulty,school_year,tags,order_index,is_active) values ('00000000-0000-4000-8000-000000002f45','00000000-0000-4000-8000-000000000821','00000000-0000-4000-8000-000000000c09','multiple_choice','Em uma sala há 5 fileiras com 4 carteiras. Quantas carteiras há?','20','5 x 4 = 20.','Há grupos iguais, então a multiplicação ajuda.',1,7,array['problemas matemáticos','escolha da operação correta'],1,true) on conflict (id) do update set question = excluded.question, correct_answer = excluded.correct_answer;
insert into public.exercise_options (id,exercise_id,option_text,is_correct,order_index) values ('00000000-0000-4000-8000-000000009dda','00000000-0000-4000-8000-000000002f45','18',false,1) on conflict (id) do update set option_text = excluded.option_text, is_correct = excluded.is_correct;
insert into public.exercise_options (id,exercise_id,option_text,is_correct,order_index) values ('00000000-0000-4000-8000-000000009ddb','00000000-0000-4000-8000-000000002f45','20',true,2) on conflict (id) do update set option_text = excluded.option_text, is_correct = excluded.is_correct;
insert into public.exercise_options (id,exercise_id,option_text,is_correct,order_index) values ('00000000-0000-4000-8000-000000009ddc','00000000-0000-4000-8000-000000002f45','23',false,3) on conflict (id) do update set option_text = excluded.option_text, is_correct = excluded.is_correct;
insert into public.exercise_options (id,exercise_id,option_text,is_correct,order_index) values ('00000000-0000-4000-8000-000000009ddd','00000000-0000-4000-8000-000000002f45','27',false,4) on conflict (id) do update set option_text = excluded.option_text, is_correct = excluded.is_correct;
insert into public.exercises (id,lesson_id,skill_id,type,question,correct_answer,explanation,hint,difficulty,school_year,tags,order_index,is_active) values ('00000000-0000-4000-8000-000000002f46','00000000-0000-4000-8000-000000000821','00000000-0000-4000-8000-000000000c09','input','Em uma sala há 5 fileiras com 5 carteiras. Quantas carteiras há?','25','5 x 5 = 25.','Há grupos iguais, então a multiplicação ajuda.',1,7,array['problemas matemáticos','escolha da operação correta'],2,true) on conflict (id) do update set question = excluded.question, correct_answer = excluded.correct_answer;
insert into public.exercises (id,lesson_id,skill_id,type,question,correct_answer,explanation,hint,difficulty,school_year,tags,order_index,is_active) values ('00000000-0000-4000-8000-000000002f47','00000000-0000-4000-8000-000000000821','00000000-0000-4000-8000-000000000c09','complete','Em uma sala há 5 fileiras com 6 carteiras. Quantas carteiras há?','30','5 x 6 = 30.','Há grupos iguais, então a multiplicação ajuda.',1,7,array['problemas matemáticos','escolha da operação correta'],3,true) on conflict (id) do update set question = excluded.question, correct_answer = excluded.correct_answer;
insert into public.exercises (id,lesson_id,skill_id,type,question,correct_answer,explanation,hint,difficulty,school_year,tags,order_index,is_active) values ('00000000-0000-4000-8000-000000002f48','00000000-0000-4000-8000-000000000821','00000000-0000-4000-8000-000000000c09','true_false','Em uma sala há 5 fileiras com 7 carteiras. Quantas carteiras há? é igual a 35.','true','5 x 7 = 35.','Há grupos iguais, então a multiplicação ajuda.',1,7,array['problemas matemáticos','escolha da operação correta'],4,true) on conflict (id) do update set question = excluded.question, correct_answer = excluded.correct_answer;
insert into public.exercises (id,lesson_id,skill_id,type,question,correct_answer,explanation,hint,difficulty,school_year,tags,order_index,is_active) values ('00000000-0000-4000-8000-000000002f49','00000000-0000-4000-8000-000000000821','00000000-0000-4000-8000-000000000c09','word_problem','Em uma sala há 5 fileiras com 8 carteiras. Quantas carteiras há?','40','5 x 8 = 40.','Há grupos iguais, então a multiplicação ajuda.',2,7,array['problemas matemáticos','escolha da operação correta'],5,true) on conflict (id) do update set question = excluded.question, correct_answer = excluded.correct_answer;
insert into public.exercises (id,lesson_id,skill_id,type,question,correct_answer,explanation,hint,difficulty,school_year,tags,order_index,is_active) values ('00000000-0000-4000-8000-000000002f4a','00000000-0000-4000-8000-000000000821','00000000-0000-4000-8000-000000000c09','complete','Em uma sala há 5 fileiras com 9 carteiras. Quantas carteiras há?','45','5 x 9 = 45.','Há grupos iguais, então a multiplicação ajuda.',2,7,array['problemas matemáticos','escolha da operação correta'],6,true) on conflict (id) do update set question = excluded.question, correct_answer = excluded.correct_answer;
insert into public.exercises (id,lesson_id,skill_id,type,question,correct_answer,explanation,hint,difficulty,school_year,tags,order_index,is_active) values ('00000000-0000-4000-8000-000000002f4b','00000000-0000-4000-8000-000000000821','00000000-0000-4000-8000-000000000c09','multiple_choice','Em uma sala há 5 fileiras com 10 carteiras. Quantas carteiras há?','50','5 x 10 = 50.','Há grupos iguais, então a multiplicação ajuda.',2,7,array['problemas matemáticos','escolha da operação correta'],7,true) on conflict (id) do update set question = excluded.question, correct_answer = excluded.correct_answer;
insert into public.exercise_options (id,exercise_id,option_text,is_correct,order_index) values ('00000000-0000-4000-8000-000000009e16','00000000-0000-4000-8000-000000002f4b','48',false,1) on conflict (id) do update set option_text = excluded.option_text, is_correct = excluded.is_correct;
insert into public.exercise_options (id,exercise_id,option_text,is_correct,order_index) values ('00000000-0000-4000-8000-000000009e17','00000000-0000-4000-8000-000000002f4b','50',true,2) on conflict (id) do update set option_text = excluded.option_text, is_correct = excluded.is_correct;
insert into public.exercise_options (id,exercise_id,option_text,is_correct,order_index) values ('00000000-0000-4000-8000-000000009e18','00000000-0000-4000-8000-000000002f4b','53',false,3) on conflict (id) do update set option_text = excluded.option_text, is_correct = excluded.is_correct;
insert into public.exercise_options (id,exercise_id,option_text,is_correct,order_index) values ('00000000-0000-4000-8000-000000009e19','00000000-0000-4000-8000-000000002f4b','57',false,4) on conflict (id) do update set option_text = excluded.option_text, is_correct = excluded.is_correct;
insert into public.exercises (id,lesson_id,skill_id,type,question,correct_answer,explanation,hint,difficulty,school_year,tags,order_index,is_active) values ('00000000-0000-4000-8000-000000002f4c','00000000-0000-4000-8000-000000000821','00000000-0000-4000-8000-000000000c09','true_false','Em uma sala há 5 fileiras com 11 carteiras. Quantas carteiras há? é igual a 55.','true','5 x 11 = 55.','Há grupos iguais, então a multiplicação ajuda.',2,7,array['problemas matemáticos','escolha da operação correta'],8,true) on conflict (id) do update set question = excluded.question, correct_answer = excluded.correct_answer;
insert into public.exercises (id,lesson_id,skill_id,type,question,correct_answer,explanation,hint,difficulty,school_year,tags,order_index,is_active) values ('00000000-0000-4000-8000-000000002f4d','00000000-0000-4000-8000-000000000821','00000000-0000-4000-8000-000000000c09','complete','Em uma sala há 5 fileiras com 12 carteiras. Quantas carteiras há?','60','5 x 12 = 60.','Há grupos iguais, então a multiplicação ajuda.',2,7,array['problemas matemáticos','escolha da operação correta'],9,true) on conflict (id) do update set question = excluded.question, correct_answer = excluded.correct_answer;
insert into public.exercises (id,lesson_id,skill_id,type,question,correct_answer,explanation,hint,difficulty,school_year,tags,order_index,is_active) values ('00000000-0000-4000-8000-000000002f4e','00000000-0000-4000-8000-000000000821','00000000-0000-4000-8000-000000000c09','word_problem','Em uma sala há 5 fileiras com 13 carteiras. Quantas carteiras há?','65','5 x 13 = 65.','Há grupos iguais, então a multiplicação ajuda.',3,7,array['problemas matemáticos','escolha da operação correta'],10,true) on conflict (id) do update set question = excluded.question, correct_answer = excluded.correct_answer;
insert into public.skills (id,name,description,school_year) values ('00000000-0000-4000-8000-000000000c0a','Problemas com dinheiro','Habilidade: Problemas com dinheiro.',7) on conflict (id) do update set name = excluded.name;
insert into public.lessons (id,module_id,title,description,explanation,example,order_index,xp_bonus,is_active) values ('00000000-0000-4000-8000-000000000822','00000000-0000-4000-8000-0000000003f0','Problemas com dinheiro','Treino guiado com dica e feedback imediato.','Resolva uma parte por vez e confira seu raciocínio.','Exemplo resolvido aparece antes da prática.',3,20,true) on conflict (id) do update set title = excluded.title;
insert into public.exercises (id,lesson_id,skill_id,type,question,correct_answer,explanation,hint,difficulty,school_year,tags,order_index,is_active) values ('00000000-0000-4000-8000-000000002fa9','00000000-0000-4000-8000-000000000822','00000000-0000-4000-8000-000000000c0a','multiple_choice','Em uma sala há 6 fileiras com 4 carteiras. Quantas carteiras há?','24','6 x 4 = 24.','Há grupos iguais, então a multiplicação ajuda.',1,7,array['problemas matemáticos','problemas com dinheiro'],1,true) on conflict (id) do update set question = excluded.question, correct_answer = excluded.correct_answer;
insert into public.exercise_options (id,exercise_id,option_text,is_correct,order_index) values ('00000000-0000-4000-8000-000000009f6a','00000000-0000-4000-8000-000000002fa9','22',false,1) on conflict (id) do update set option_text = excluded.option_text, is_correct = excluded.is_correct;
insert into public.exercise_options (id,exercise_id,option_text,is_correct,order_index) values ('00000000-0000-4000-8000-000000009f6b','00000000-0000-4000-8000-000000002fa9','24',true,2) on conflict (id) do update set option_text = excluded.option_text, is_correct = excluded.is_correct;
insert into public.exercise_options (id,exercise_id,option_text,is_correct,order_index) values ('00000000-0000-4000-8000-000000009f6c','00000000-0000-4000-8000-000000002fa9','27',false,3) on conflict (id) do update set option_text = excluded.option_text, is_correct = excluded.is_correct;
insert into public.exercise_options (id,exercise_id,option_text,is_correct,order_index) values ('00000000-0000-4000-8000-000000009f6d','00000000-0000-4000-8000-000000002fa9','31',false,4) on conflict (id) do update set option_text = excluded.option_text, is_correct = excluded.is_correct;
insert into public.exercises (id,lesson_id,skill_id,type,question,correct_answer,explanation,hint,difficulty,school_year,tags,order_index,is_active) values ('00000000-0000-4000-8000-000000002faa','00000000-0000-4000-8000-000000000822','00000000-0000-4000-8000-000000000c0a','input','Em uma sala há 6 fileiras com 5 carteiras. Quantas carteiras há?','30','6 x 5 = 30.','Há grupos iguais, então a multiplicação ajuda.',1,7,array['problemas matemáticos','problemas com dinheiro'],2,true) on conflict (id) do update set question = excluded.question, correct_answer = excluded.correct_answer;
insert into public.exercises (id,lesson_id,skill_id,type,question,correct_answer,explanation,hint,difficulty,school_year,tags,order_index,is_active) values ('00000000-0000-4000-8000-000000002fab','00000000-0000-4000-8000-000000000822','00000000-0000-4000-8000-000000000c0a','complete','Em uma sala há 6 fileiras com 6 carteiras. Quantas carteiras há?','36','6 x 6 = 36.','Há grupos iguais, então a multiplicação ajuda.',1,7,array['problemas matemáticos','problemas com dinheiro'],3,true) on conflict (id) do update set question = excluded.question, correct_answer = excluded.correct_answer;
insert into public.exercises (id,lesson_id,skill_id,type,question,correct_answer,explanation,hint,difficulty,school_year,tags,order_index,is_active) values ('00000000-0000-4000-8000-000000002fac','00000000-0000-4000-8000-000000000822','00000000-0000-4000-8000-000000000c0a','true_false','Em uma sala há 6 fileiras com 7 carteiras. Quantas carteiras há? é igual a 42.','true','6 x 7 = 42.','Há grupos iguais, então a multiplicação ajuda.',1,7,array['problemas matemáticos','problemas com dinheiro'],4,true) on conflict (id) do update set question = excluded.question, correct_answer = excluded.correct_answer;
insert into public.exercises (id,lesson_id,skill_id,type,question,correct_answer,explanation,hint,difficulty,school_year,tags,order_index,is_active) values ('00000000-0000-4000-8000-000000002fad','00000000-0000-4000-8000-000000000822','00000000-0000-4000-8000-000000000c0a','word_problem','Em uma sala há 6 fileiras com 8 carteiras. Quantas carteiras há?','48','6 x 8 = 48.','Há grupos iguais, então a multiplicação ajuda.',2,7,array['problemas matemáticos','problemas com dinheiro'],5,true) on conflict (id) do update set question = excluded.question, correct_answer = excluded.correct_answer;
insert into public.exercises (id,lesson_id,skill_id,type,question,correct_answer,explanation,hint,difficulty,school_year,tags,order_index,is_active) values ('00000000-0000-4000-8000-000000002fae','00000000-0000-4000-8000-000000000822','00000000-0000-4000-8000-000000000c0a','complete','Em uma sala há 6 fileiras com 9 carteiras. Quantas carteiras há?','54','6 x 9 = 54.','Há grupos iguais, então a multiplicação ajuda.',2,7,array['problemas matemáticos','problemas com dinheiro'],6,true) on conflict (id) do update set question = excluded.question, correct_answer = excluded.correct_answer;
insert into public.exercises (id,lesson_id,skill_id,type,question,correct_answer,explanation,hint,difficulty,school_year,tags,order_index,is_active) values ('00000000-0000-4000-8000-000000002faf','00000000-0000-4000-8000-000000000822','00000000-0000-4000-8000-000000000c0a','multiple_choice','Em uma sala há 6 fileiras com 10 carteiras. Quantas carteiras há?','60','6 x 10 = 60.','Há grupos iguais, então a multiplicação ajuda.',2,7,array['problemas matemáticos','problemas com dinheiro'],7,true) on conflict (id) do update set question = excluded.question, correct_answer = excluded.correct_answer;
insert into public.exercise_options (id,exercise_id,option_text,is_correct,order_index) values ('00000000-0000-4000-8000-000000009fa6','00000000-0000-4000-8000-000000002faf','58',false,1) on conflict (id) do update set option_text = excluded.option_text, is_correct = excluded.is_correct;
insert into public.exercise_options (id,exercise_id,option_text,is_correct,order_index) values ('00000000-0000-4000-8000-000000009fa7','00000000-0000-4000-8000-000000002faf','60',true,2) on conflict (id) do update set option_text = excluded.option_text, is_correct = excluded.is_correct;
insert into public.exercise_options (id,exercise_id,option_text,is_correct,order_index) values ('00000000-0000-4000-8000-000000009fa8','00000000-0000-4000-8000-000000002faf','63',false,3) on conflict (id) do update set option_text = excluded.option_text, is_correct = excluded.is_correct;
insert into public.exercise_options (id,exercise_id,option_text,is_correct,order_index) values ('00000000-0000-4000-8000-000000009fa9','00000000-0000-4000-8000-000000002faf','67',false,4) on conflict (id) do update set option_text = excluded.option_text, is_correct = excluded.is_correct;
insert into public.exercises (id,lesson_id,skill_id,type,question,correct_answer,explanation,hint,difficulty,school_year,tags,order_index,is_active) values ('00000000-0000-4000-8000-000000002fb0','00000000-0000-4000-8000-000000000822','00000000-0000-4000-8000-000000000c0a','true_false','Em uma sala há 6 fileiras com 11 carteiras. Quantas carteiras há? é igual a 66.','true','6 x 11 = 66.','Há grupos iguais, então a multiplicação ajuda.',2,7,array['problemas matemáticos','problemas com dinheiro'],8,true) on conflict (id) do update set question = excluded.question, correct_answer = excluded.correct_answer;
insert into public.exercises (id,lesson_id,skill_id,type,question,correct_answer,explanation,hint,difficulty,school_year,tags,order_index,is_active) values ('00000000-0000-4000-8000-000000002fb1','00000000-0000-4000-8000-000000000822','00000000-0000-4000-8000-000000000c0a','complete','Em uma sala há 6 fileiras com 12 carteiras. Quantas carteiras há?','72','6 x 12 = 72.','Há grupos iguais, então a multiplicação ajuda.',2,7,array['problemas matemáticos','problemas com dinheiro'],9,true) on conflict (id) do update set question = excluded.question, correct_answer = excluded.correct_answer;
insert into public.exercises (id,lesson_id,skill_id,type,question,correct_answer,explanation,hint,difficulty,school_year,tags,order_index,is_active) values ('00000000-0000-4000-8000-000000002fb2','00000000-0000-4000-8000-000000000822','00000000-0000-4000-8000-000000000c0a','word_problem','Em uma sala há 6 fileiras com 13 carteiras. Quantas carteiras há?','78','6 x 13 = 78.','Há grupos iguais, então a multiplicação ajuda.',3,7,array['problemas matemáticos','problemas com dinheiro'],10,true) on conflict (id) do update set question = excluded.question, correct_answer = excluded.correct_answer;
insert into public.skills (id,name,description,school_year) values ('00000000-0000-4000-8000-000000000c0b','Problemas com medidas','Habilidade: Problemas com medidas.',7) on conflict (id) do update set name = excluded.name;
insert into public.lessons (id,module_id,title,description,explanation,example,order_index,xp_bonus,is_active) values ('00000000-0000-4000-8000-000000000823','00000000-0000-4000-8000-0000000003f0','Problemas com medidas','Treino guiado com dica e feedback imediato.','Resolva uma parte por vez e confira seu raciocínio.','Exemplo resolvido aparece antes da prática.',4,20,true) on conflict (id) do update set title = excluded.title;
insert into public.exercises (id,lesson_id,skill_id,type,question,correct_answer,explanation,hint,difficulty,school_year,tags,order_index,is_active) values ('00000000-0000-4000-8000-00000000300d','00000000-0000-4000-8000-000000000823','00000000-0000-4000-8000-000000000c0b','multiple_choice','Em uma sala há 7 fileiras com 4 carteiras. Quantas carteiras há?','28','7 x 4 = 28.','Há grupos iguais, então a multiplicação ajuda.',1,7,array['problemas matemáticos','problemas com medidas'],1,true) on conflict (id) do update set question = excluded.question, correct_answer = excluded.correct_answer;
insert into public.exercise_options (id,exercise_id,option_text,is_correct,order_index) values ('00000000-0000-4000-8000-00000000a0fa','00000000-0000-4000-8000-00000000300d','26',false,1) on conflict (id) do update set option_text = excluded.option_text, is_correct = excluded.is_correct;
insert into public.exercise_options (id,exercise_id,option_text,is_correct,order_index) values ('00000000-0000-4000-8000-00000000a0fb','00000000-0000-4000-8000-00000000300d','28',true,2) on conflict (id) do update set option_text = excluded.option_text, is_correct = excluded.is_correct;
insert into public.exercise_options (id,exercise_id,option_text,is_correct,order_index) values ('00000000-0000-4000-8000-00000000a0fc','00000000-0000-4000-8000-00000000300d','31',false,3) on conflict (id) do update set option_text = excluded.option_text, is_correct = excluded.is_correct;
insert into public.exercise_options (id,exercise_id,option_text,is_correct,order_index) values ('00000000-0000-4000-8000-00000000a0fd','00000000-0000-4000-8000-00000000300d','35',false,4) on conflict (id) do update set option_text = excluded.option_text, is_correct = excluded.is_correct;
insert into public.exercises (id,lesson_id,skill_id,type,question,correct_answer,explanation,hint,difficulty,school_year,tags,order_index,is_active) values ('00000000-0000-4000-8000-00000000300e','00000000-0000-4000-8000-000000000823','00000000-0000-4000-8000-000000000c0b','input','Em uma sala há 7 fileiras com 5 carteiras. Quantas carteiras há?','35','7 x 5 = 35.','Há grupos iguais, então a multiplicação ajuda.',1,7,array['problemas matemáticos','problemas com medidas'],2,true) on conflict (id) do update set question = excluded.question, correct_answer = excluded.correct_answer;
insert into public.exercises (id,lesson_id,skill_id,type,question,correct_answer,explanation,hint,difficulty,school_year,tags,order_index,is_active) values ('00000000-0000-4000-8000-00000000300f','00000000-0000-4000-8000-000000000823','00000000-0000-4000-8000-000000000c0b','complete','Em uma sala há 7 fileiras com 6 carteiras. Quantas carteiras há?','42','7 x 6 = 42.','Há grupos iguais, então a multiplicação ajuda.',1,7,array['problemas matemáticos','problemas com medidas'],3,true) on conflict (id) do update set question = excluded.question, correct_answer = excluded.correct_answer;
insert into public.exercises (id,lesson_id,skill_id,type,question,correct_answer,explanation,hint,difficulty,school_year,tags,order_index,is_active) values ('00000000-0000-4000-8000-000000003010','00000000-0000-4000-8000-000000000823','00000000-0000-4000-8000-000000000c0b','true_false','Em uma sala há 7 fileiras com 7 carteiras. Quantas carteiras há? é igual a 49.','true','7 x 7 = 49.','Há grupos iguais, então a multiplicação ajuda.',1,7,array['problemas matemáticos','problemas com medidas'],4,true) on conflict (id) do update set question = excluded.question, correct_answer = excluded.correct_answer;
insert into public.exercises (id,lesson_id,skill_id,type,question,correct_answer,explanation,hint,difficulty,school_year,tags,order_index,is_active) values ('00000000-0000-4000-8000-000000003011','00000000-0000-4000-8000-000000000823','00000000-0000-4000-8000-000000000c0b','word_problem','Em uma sala há 7 fileiras com 8 carteiras. Quantas carteiras há?','56','7 x 8 = 56.','Há grupos iguais, então a multiplicação ajuda.',2,7,array['problemas matemáticos','problemas com medidas'],5,true) on conflict (id) do update set question = excluded.question, correct_answer = excluded.correct_answer;
insert into public.exercises (id,lesson_id,skill_id,type,question,correct_answer,explanation,hint,difficulty,school_year,tags,order_index,is_active) values ('00000000-0000-4000-8000-000000003012','00000000-0000-4000-8000-000000000823','00000000-0000-4000-8000-000000000c0b','complete','Em uma sala há 7 fileiras com 9 carteiras. Quantas carteiras há?','63','7 x 9 = 63.','Há grupos iguais, então a multiplicação ajuda.',2,7,array['problemas matemáticos','problemas com medidas'],6,true) on conflict (id) do update set question = excluded.question, correct_answer = excluded.correct_answer;
insert into public.exercises (id,lesson_id,skill_id,type,question,correct_answer,explanation,hint,difficulty,school_year,tags,order_index,is_active) values ('00000000-0000-4000-8000-000000003013','00000000-0000-4000-8000-000000000823','00000000-0000-4000-8000-000000000c0b','multiple_choice','Em uma sala há 7 fileiras com 10 carteiras. Quantas carteiras há?','70','7 x 10 = 70.','Há grupos iguais, então a multiplicação ajuda.',2,7,array['problemas matemáticos','problemas com medidas'],7,true) on conflict (id) do update set question = excluded.question, correct_answer = excluded.correct_answer;
insert into public.exercise_options (id,exercise_id,option_text,is_correct,order_index) values ('00000000-0000-4000-8000-00000000a136','00000000-0000-4000-8000-000000003013','68',false,1) on conflict (id) do update set option_text = excluded.option_text, is_correct = excluded.is_correct;
insert into public.exercise_options (id,exercise_id,option_text,is_correct,order_index) values ('00000000-0000-4000-8000-00000000a137','00000000-0000-4000-8000-000000003013','70',true,2) on conflict (id) do update set option_text = excluded.option_text, is_correct = excluded.is_correct;
insert into public.exercise_options (id,exercise_id,option_text,is_correct,order_index) values ('00000000-0000-4000-8000-00000000a138','00000000-0000-4000-8000-000000003013','73',false,3) on conflict (id) do update set option_text = excluded.option_text, is_correct = excluded.is_correct;
insert into public.exercise_options (id,exercise_id,option_text,is_correct,order_index) values ('00000000-0000-4000-8000-00000000a139','00000000-0000-4000-8000-000000003013','77',false,4) on conflict (id) do update set option_text = excluded.option_text, is_correct = excluded.is_correct;
insert into public.exercises (id,lesson_id,skill_id,type,question,correct_answer,explanation,hint,difficulty,school_year,tags,order_index,is_active) values ('00000000-0000-4000-8000-000000003014','00000000-0000-4000-8000-000000000823','00000000-0000-4000-8000-000000000c0b','true_false','Em uma sala há 7 fileiras com 11 carteiras. Quantas carteiras há? é igual a 77.','true','7 x 11 = 77.','Há grupos iguais, então a multiplicação ajuda.',2,7,array['problemas matemáticos','problemas com medidas'],8,true) on conflict (id) do update set question = excluded.question, correct_answer = excluded.correct_answer;
insert into public.exercises (id,lesson_id,skill_id,type,question,correct_answer,explanation,hint,difficulty,school_year,tags,order_index,is_active) values ('00000000-0000-4000-8000-000000003015','00000000-0000-4000-8000-000000000823','00000000-0000-4000-8000-000000000c0b','complete','Em uma sala há 7 fileiras com 12 carteiras. Quantas carteiras há?','84','7 x 12 = 84.','Há grupos iguais, então a multiplicação ajuda.',2,7,array['problemas matemáticos','problemas com medidas'],9,true) on conflict (id) do update set question = excluded.question, correct_answer = excluded.correct_answer;
insert into public.exercises (id,lesson_id,skill_id,type,question,correct_answer,explanation,hint,difficulty,school_year,tags,order_index,is_active) values ('00000000-0000-4000-8000-000000003016','00000000-0000-4000-8000-000000000823','00000000-0000-4000-8000-000000000c0b','word_problem','Em uma sala há 7 fileiras com 13 carteiras. Quantas carteiras há?','91','7 x 13 = 91.','Há grupos iguais, então a multiplicação ajuda.',3,7,array['problemas matemáticos','problemas com medidas'],10,true) on conflict (id) do update set question = excluded.question, correct_answer = excluded.correct_answer;
insert into public.modules (id,title,description,order_index,icon,color,required_xp,is_active) values ('00000000-0000-4000-8000-0000000003f1','Revisão geral','Módulo de revisão geral para o 7º ano.',10,'Sparkles','orange',720,true) on conflict (id) do update set title = excluded.title;
insert into public.skills (id,name,description,school_year) values ('00000000-0000-4000-8000-000000000c12','Mistura de operações','Habilidade: Mistura de operações.',7) on conflict (id) do update set name = excluded.name;
insert into public.lessons (id,module_id,title,description,explanation,example,order_index,xp_bonus,is_active) values ('00000000-0000-4000-8000-00000000082a','00000000-0000-4000-8000-0000000003f1','Mistura de operações','Treino guiado com dica e feedback imediato.','Resolva uma parte por vez e confira seu raciocínio.','Exemplo resolvido aparece antes da prática.',1,20,true) on conflict (id) do update set title = excluded.title;
insert into public.exercises (id,lesson_id,skill_id,type,question,correct_answer,explanation,hint,difficulty,school_year,tags,order_index,is_active) values ('00000000-0000-4000-8000-0000000032c9','00000000-0000-4000-8000-00000000082a','00000000-0000-4000-8000-000000000c12','multiple_choice','168 x 2','336','Calculando com calma, chegamos a 336.','Resolva uma operação por vez.',1,7,array['revisão geral','mistura de operações'],1,true) on conflict (id) do update set question = excluded.question, correct_answer = excluded.correct_answer;
insert into public.exercise_options (id,exercise_id,option_text,is_correct,order_index) values ('00000000-0000-4000-8000-00000000abea','00000000-0000-4000-8000-0000000032c9','334',false,1) on conflict (id) do update set option_text = excluded.option_text, is_correct = excluded.is_correct;
insert into public.exercise_options (id,exercise_id,option_text,is_correct,order_index) values ('00000000-0000-4000-8000-00000000abeb','00000000-0000-4000-8000-0000000032c9','336',true,2) on conflict (id) do update set option_text = excluded.option_text, is_correct = excluded.is_correct;
insert into public.exercise_options (id,exercise_id,option_text,is_correct,order_index) values ('00000000-0000-4000-8000-00000000abec','00000000-0000-4000-8000-0000000032c9','339',false,3) on conflict (id) do update set option_text = excluded.option_text, is_correct = excluded.is_correct;
insert into public.exercise_options (id,exercise_id,option_text,is_correct,order_index) values ('00000000-0000-4000-8000-00000000abed','00000000-0000-4000-8000-0000000032c9','343',false,4) on conflict (id) do update set option_text = excluded.option_text, is_correct = excluded.is_correct;
insert into public.exercises (id,lesson_id,skill_id,type,question,correct_answer,explanation,hint,difficulty,school_year,tags,order_index,is_active) values ('00000000-0000-4000-8000-0000000032ca','00000000-0000-4000-8000-00000000082a','00000000-0000-4000-8000-000000000c12','input','171 + 9 - 1','179','Calculando com calma, chegamos a 179.','Resolva uma operação por vez.',1,7,array['revisão geral','mistura de operações'],2,true) on conflict (id) do update set question = excluded.question, correct_answer = excluded.correct_answer;
insert into public.exercises (id,lesson_id,skill_id,type,question,correct_answer,explanation,hint,difficulty,school_year,tags,order_index,is_active) values ('00000000-0000-4000-8000-0000000032cb','00000000-0000-4000-8000-00000000082a','00000000-0000-4000-8000-000000000c12','complete','174 x 2','348','Calculando com calma, chegamos a 348.','Resolva uma operação por vez.',1,7,array['revisão geral','mistura de operações'],3,true) on conflict (id) do update set question = excluded.question, correct_answer = excluded.correct_answer;
insert into public.exercises (id,lesson_id,skill_id,type,question,correct_answer,explanation,hint,difficulty,school_year,tags,order_index,is_active) values ('00000000-0000-4000-8000-0000000032cc','00000000-0000-4000-8000-00000000082a','00000000-0000-4000-8000-000000000c12','true_false','177 + 13 - 1 é igual a 189.','true','Calculando com calma, chegamos a 189.','Resolva uma operação por vez.',1,7,array['revisão geral','mistura de operações'],4,true) on conflict (id) do update set question = excluded.question, correct_answer = excluded.correct_answer;
insert into public.exercises (id,lesson_id,skill_id,type,question,correct_answer,explanation,hint,difficulty,school_year,tags,order_index,is_active) values ('00000000-0000-4000-8000-0000000032cd','00000000-0000-4000-8000-00000000082a','00000000-0000-4000-8000-000000000c12','word_problem','180 x 2','360','Calculando com calma, chegamos a 360.','Resolva uma operação por vez.',2,7,array['revisão geral','mistura de operações'],5,true) on conflict (id) do update set question = excluded.question, correct_answer = excluded.correct_answer;
insert into public.exercises (id,lesson_id,skill_id,type,question,correct_answer,explanation,hint,difficulty,school_year,tags,order_index,is_active) values ('00000000-0000-4000-8000-0000000032ce','00000000-0000-4000-8000-00000000082a','00000000-0000-4000-8000-000000000c12','complete','183 + 17 - 1','199','Calculando com calma, chegamos a 199.','Resolva uma operação por vez.',2,7,array['revisão geral','mistura de operações'],6,true) on conflict (id) do update set question = excluded.question, correct_answer = excluded.correct_answer;
insert into public.exercises (id,lesson_id,skill_id,type,question,correct_answer,explanation,hint,difficulty,school_year,tags,order_index,is_active) values ('00000000-0000-4000-8000-0000000032cf','00000000-0000-4000-8000-00000000082a','00000000-0000-4000-8000-000000000c12','multiple_choice','186 x 2','372','Calculando com calma, chegamos a 372.','Resolva uma operação por vez.',2,7,array['revisão geral','mistura de operações'],7,true) on conflict (id) do update set question = excluded.question, correct_answer = excluded.correct_answer;
insert into public.exercise_options (id,exercise_id,option_text,is_correct,order_index) values ('00000000-0000-4000-8000-00000000ac26','00000000-0000-4000-8000-0000000032cf','370',false,1) on conflict (id) do update set option_text = excluded.option_text, is_correct = excluded.is_correct;
insert into public.exercise_options (id,exercise_id,option_text,is_correct,order_index) values ('00000000-0000-4000-8000-00000000ac27','00000000-0000-4000-8000-0000000032cf','372',true,2) on conflict (id) do update set option_text = excluded.option_text, is_correct = excluded.is_correct;
insert into public.exercise_options (id,exercise_id,option_text,is_correct,order_index) values ('00000000-0000-4000-8000-00000000ac28','00000000-0000-4000-8000-0000000032cf','375',false,3) on conflict (id) do update set option_text = excluded.option_text, is_correct = excluded.is_correct;
insert into public.exercise_options (id,exercise_id,option_text,is_correct,order_index) values ('00000000-0000-4000-8000-00000000ac29','00000000-0000-4000-8000-0000000032cf','379',false,4) on conflict (id) do update set option_text = excluded.option_text, is_correct = excluded.is_correct;
insert into public.exercises (id,lesson_id,skill_id,type,question,correct_answer,explanation,hint,difficulty,school_year,tags,order_index,is_active) values ('00000000-0000-4000-8000-0000000032d0','00000000-0000-4000-8000-00000000082a','00000000-0000-4000-8000-000000000c12','true_false','189 + 21 - 1 é igual a 209.','true','Calculando com calma, chegamos a 209.','Resolva uma operação por vez.',2,7,array['revisão geral','mistura de operações'],8,true) on conflict (id) do update set question = excluded.question, correct_answer = excluded.correct_answer;
insert into public.exercises (id,lesson_id,skill_id,type,question,correct_answer,explanation,hint,difficulty,school_year,tags,order_index,is_active) values ('00000000-0000-4000-8000-0000000032d1','00000000-0000-4000-8000-00000000082a','00000000-0000-4000-8000-000000000c12','complete','192 x 2','384','Calculando com calma, chegamos a 384.','Resolva uma operação por vez.',2,7,array['revisão geral','mistura de operações'],9,true) on conflict (id) do update set question = excluded.question, correct_answer = excluded.correct_answer;
insert into public.exercises (id,lesson_id,skill_id,type,question,correct_answer,explanation,hint,difficulty,school_year,tags,order_index,is_active) values ('00000000-0000-4000-8000-0000000032d2','00000000-0000-4000-8000-00000000082a','00000000-0000-4000-8000-000000000c12','word_problem','195 + 25 - 1','219','Calculando com calma, chegamos a 219.','Resolva uma operação por vez.',3,7,array['revisão geral','mistura de operações'],10,true) on conflict (id) do update set question = excluded.question, correct_answer = excluded.correct_answer;
insert into public.skills (id,name,description,school_year) values ('00000000-0000-4000-8000-000000000c13','Desafios rápidos','Habilidade: Desafios rápidos.',7) on conflict (id) do update set name = excluded.name;
insert into public.lessons (id,module_id,title,description,explanation,example,order_index,xp_bonus,is_active) values ('00000000-0000-4000-8000-00000000082b','00000000-0000-4000-8000-0000000003f1','Desafios rápidos','Treino guiado com dica e feedback imediato.','Resolva uma parte por vez e confira seu raciocínio.','Exemplo resolvido aparece antes da prática.',2,20,true) on conflict (id) do update set title = excluded.title;
insert into public.exercises (id,lesson_id,skill_id,type,question,correct_answer,explanation,hint,difficulty,school_year,tags,order_index,is_active) values ('00000000-0000-4000-8000-00000000332d','00000000-0000-4000-8000-00000000082b','00000000-0000-4000-8000-000000000c13','multiple_choice','169 x 3','507','Calculando com calma, chegamos a 507.','Resolva uma operação por vez.',1,7,array['revisão geral','desafios rápidos'],1,true) on conflict (id) do update set question = excluded.question, correct_answer = excluded.correct_answer;
insert into public.exercise_options (id,exercise_id,option_text,is_correct,order_index) values ('00000000-0000-4000-8000-00000000ad7a','00000000-0000-4000-8000-00000000332d','505',false,1) on conflict (id) do update set option_text = excluded.option_text, is_correct = excluded.is_correct;
insert into public.exercise_options (id,exercise_id,option_text,is_correct,order_index) values ('00000000-0000-4000-8000-00000000ad7b','00000000-0000-4000-8000-00000000332d','507',true,2) on conflict (id) do update set option_text = excluded.option_text, is_correct = excluded.is_correct;
insert into public.exercise_options (id,exercise_id,option_text,is_correct,order_index) values ('00000000-0000-4000-8000-00000000ad7c','00000000-0000-4000-8000-00000000332d','510',false,3) on conflict (id) do update set option_text = excluded.option_text, is_correct = excluded.is_correct;
insert into public.exercise_options (id,exercise_id,option_text,is_correct,order_index) values ('00000000-0000-4000-8000-00000000ad7d','00000000-0000-4000-8000-00000000332d','514',false,4) on conflict (id) do update set option_text = excluded.option_text, is_correct = excluded.is_correct;
insert into public.exercises (id,lesson_id,skill_id,type,question,correct_answer,explanation,hint,difficulty,school_year,tags,order_index,is_active) values ('00000000-0000-4000-8000-00000000332e','00000000-0000-4000-8000-00000000082b','00000000-0000-4000-8000-000000000c13','input','172 + 18 - 2','188','Calculando com calma, chegamos a 188.','Resolva uma operação por vez.',1,7,array['revisão geral','desafios rápidos'],2,true) on conflict (id) do update set question = excluded.question, correct_answer = excluded.correct_answer;
insert into public.exercises (id,lesson_id,skill_id,type,question,correct_answer,explanation,hint,difficulty,school_year,tags,order_index,is_active) values ('00000000-0000-4000-8000-00000000332f','00000000-0000-4000-8000-00000000082b','00000000-0000-4000-8000-000000000c13','complete','175 x 3','525','Calculando com calma, chegamos a 525.','Resolva uma operação por vez.',1,7,array['revisão geral','desafios rápidos'],3,true) on conflict (id) do update set question = excluded.question, correct_answer = excluded.correct_answer;
insert into public.exercises (id,lesson_id,skill_id,type,question,correct_answer,explanation,hint,difficulty,school_year,tags,order_index,is_active) values ('00000000-0000-4000-8000-000000003330','00000000-0000-4000-8000-00000000082b','00000000-0000-4000-8000-000000000c13','true_false','178 + 22 - 2 é igual a 198.','true','Calculando com calma, chegamos a 198.','Resolva uma operação por vez.',1,7,array['revisão geral','desafios rápidos'],4,true) on conflict (id) do update set question = excluded.question, correct_answer = excluded.correct_answer;
insert into public.exercises (id,lesson_id,skill_id,type,question,correct_answer,explanation,hint,difficulty,school_year,tags,order_index,is_active) values ('00000000-0000-4000-8000-000000003331','00000000-0000-4000-8000-00000000082b','00000000-0000-4000-8000-000000000c13','word_problem','181 x 3','543','Calculando com calma, chegamos a 543.','Resolva uma operação por vez.',2,7,array['revisão geral','desafios rápidos'],5,true) on conflict (id) do update set question = excluded.question, correct_answer = excluded.correct_answer;
insert into public.exercises (id,lesson_id,skill_id,type,question,correct_answer,explanation,hint,difficulty,school_year,tags,order_index,is_active) values ('00000000-0000-4000-8000-000000003332','00000000-0000-4000-8000-00000000082b','00000000-0000-4000-8000-000000000c13','complete','184 + 26 - 2','208','Calculando com calma, chegamos a 208.','Resolva uma operação por vez.',2,7,array['revisão geral','desafios rápidos'],6,true) on conflict (id) do update set question = excluded.question, correct_answer = excluded.correct_answer;
insert into public.exercises (id,lesson_id,skill_id,type,question,correct_answer,explanation,hint,difficulty,school_year,tags,order_index,is_active) values ('00000000-0000-4000-8000-000000003333','00000000-0000-4000-8000-00000000082b','00000000-0000-4000-8000-000000000c13','multiple_choice','187 x 3','561','Calculando com calma, chegamos a 561.','Resolva uma operação por vez.',2,7,array['revisão geral','desafios rápidos'],7,true) on conflict (id) do update set question = excluded.question, correct_answer = excluded.correct_answer;
insert into public.exercise_options (id,exercise_id,option_text,is_correct,order_index) values ('00000000-0000-4000-8000-00000000adb6','00000000-0000-4000-8000-000000003333','559',false,1) on conflict (id) do update set option_text = excluded.option_text, is_correct = excluded.is_correct;
insert into public.exercise_options (id,exercise_id,option_text,is_correct,order_index) values ('00000000-0000-4000-8000-00000000adb7','00000000-0000-4000-8000-000000003333','561',true,2) on conflict (id) do update set option_text = excluded.option_text, is_correct = excluded.is_correct;
insert into public.exercise_options (id,exercise_id,option_text,is_correct,order_index) values ('00000000-0000-4000-8000-00000000adb8','00000000-0000-4000-8000-000000003333','564',false,3) on conflict (id) do update set option_text = excluded.option_text, is_correct = excluded.is_correct;
insert into public.exercise_options (id,exercise_id,option_text,is_correct,order_index) values ('00000000-0000-4000-8000-00000000adb9','00000000-0000-4000-8000-000000003333','568',false,4) on conflict (id) do update set option_text = excluded.option_text, is_correct = excluded.is_correct;
insert into public.exercises (id,lesson_id,skill_id,type,question,correct_answer,explanation,hint,difficulty,school_year,tags,order_index,is_active) values ('00000000-0000-4000-8000-000000003334','00000000-0000-4000-8000-00000000082b','00000000-0000-4000-8000-000000000c13','true_false','190 + 30 - 2 é igual a 218.','true','Calculando com calma, chegamos a 218.','Resolva uma operação por vez.',2,7,array['revisão geral','desafios rápidos'],8,true) on conflict (id) do update set question = excluded.question, correct_answer = excluded.correct_answer;
insert into public.exercises (id,lesson_id,skill_id,type,question,correct_answer,explanation,hint,difficulty,school_year,tags,order_index,is_active) values ('00000000-0000-4000-8000-000000003335','00000000-0000-4000-8000-00000000082b','00000000-0000-4000-8000-000000000c13','complete','193 x 3','579','Calculando com calma, chegamos a 579.','Resolva uma operação por vez.',2,7,array['revisão geral','desafios rápidos'],9,true) on conflict (id) do update set question = excluded.question, correct_answer = excluded.correct_answer;
insert into public.exercises (id,lesson_id,skill_id,type,question,correct_answer,explanation,hint,difficulty,school_year,tags,order_index,is_active) values ('00000000-0000-4000-8000-000000003336','00000000-0000-4000-8000-00000000082b','00000000-0000-4000-8000-000000000c13','word_problem','196 + 34 - 2','228','Calculando com calma, chegamos a 228.','Resolva uma operação por vez.',3,7,array['revisão geral','desafios rápidos'],10,true) on conflict (id) do update set question = excluded.question, correct_answer = excluded.correct_answer;
insert into public.skills (id,name,description,school_year) values ('00000000-0000-4000-8000-000000000c14','Simulados simples','Habilidade: Simulados simples.',7) on conflict (id) do update set name = excluded.name;
insert into public.lessons (id,module_id,title,description,explanation,example,order_index,xp_bonus,is_active) values ('00000000-0000-4000-8000-00000000082c','00000000-0000-4000-8000-0000000003f1','Simulados simples','Treino guiado com dica e feedback imediato.','Resolva uma parte por vez e confira seu raciocínio.','Exemplo resolvido aparece antes da prática.',3,20,true) on conflict (id) do update set title = excluded.title;
insert into public.exercises (id,lesson_id,skill_id,type,question,correct_answer,explanation,hint,difficulty,school_year,tags,order_index,is_active) values ('00000000-0000-4000-8000-000000003391','00000000-0000-4000-8000-00000000082c','00000000-0000-4000-8000-000000000c14','multiple_choice','170 x 4','680','Calculando com calma, chegamos a 680.','Resolva uma operação por vez.',1,7,array['revisão geral','simulados simples'],1,true) on conflict (id) do update set question = excluded.question, correct_answer = excluded.correct_answer;
insert into public.exercise_options (id,exercise_id,option_text,is_correct,order_index) values ('00000000-0000-4000-8000-00000000af0a','00000000-0000-4000-8000-000000003391','678',false,1) on conflict (id) do update set option_text = excluded.option_text, is_correct = excluded.is_correct;
insert into public.exercise_options (id,exercise_id,option_text,is_correct,order_index) values ('00000000-0000-4000-8000-00000000af0b','00000000-0000-4000-8000-000000003391','680',true,2) on conflict (id) do update set option_text = excluded.option_text, is_correct = excluded.is_correct;
insert into public.exercise_options (id,exercise_id,option_text,is_correct,order_index) values ('00000000-0000-4000-8000-00000000af0c','00000000-0000-4000-8000-000000003391','683',false,3) on conflict (id) do update set option_text = excluded.option_text, is_correct = excluded.is_correct;
insert into public.exercise_options (id,exercise_id,option_text,is_correct,order_index) values ('00000000-0000-4000-8000-00000000af0d','00000000-0000-4000-8000-000000003391','687',false,4) on conflict (id) do update set option_text = excluded.option_text, is_correct = excluded.is_correct;
insert into public.exercises (id,lesson_id,skill_id,type,question,correct_answer,explanation,hint,difficulty,school_year,tags,order_index,is_active) values ('00000000-0000-4000-8000-000000003392','00000000-0000-4000-8000-00000000082c','00000000-0000-4000-8000-000000000c14','input','173 + 27 - 3','197','Calculando com calma, chegamos a 197.','Resolva uma operação por vez.',1,7,array['revisão geral','simulados simples'],2,true) on conflict (id) do update set question = excluded.question, correct_answer = excluded.correct_answer;
insert into public.exercises (id,lesson_id,skill_id,type,question,correct_answer,explanation,hint,difficulty,school_year,tags,order_index,is_active) values ('00000000-0000-4000-8000-000000003393','00000000-0000-4000-8000-00000000082c','00000000-0000-4000-8000-000000000c14','complete','176 x 4','704','Calculando com calma, chegamos a 704.','Resolva uma operação por vez.',1,7,array['revisão geral','simulados simples'],3,true) on conflict (id) do update set question = excluded.question, correct_answer = excluded.correct_answer;
insert into public.exercises (id,lesson_id,skill_id,type,question,correct_answer,explanation,hint,difficulty,school_year,tags,order_index,is_active) values ('00000000-0000-4000-8000-000000003394','00000000-0000-4000-8000-00000000082c','00000000-0000-4000-8000-000000000c14','true_false','179 + 31 - 3 é igual a 207.','true','Calculando com calma, chegamos a 207.','Resolva uma operação por vez.',1,7,array['revisão geral','simulados simples'],4,true) on conflict (id) do update set question = excluded.question, correct_answer = excluded.correct_answer;
insert into public.exercises (id,lesson_id,skill_id,type,question,correct_answer,explanation,hint,difficulty,school_year,tags,order_index,is_active) values ('00000000-0000-4000-8000-000000003395','00000000-0000-4000-8000-00000000082c','00000000-0000-4000-8000-000000000c14','word_problem','182 x 4','728','Calculando com calma, chegamos a 728.','Resolva uma operação por vez.',2,7,array['revisão geral','simulados simples'],5,true) on conflict (id) do update set question = excluded.question, correct_answer = excluded.correct_answer;
insert into public.exercises (id,lesson_id,skill_id,type,question,correct_answer,explanation,hint,difficulty,school_year,tags,order_index,is_active) values ('00000000-0000-4000-8000-000000003396','00000000-0000-4000-8000-00000000082c','00000000-0000-4000-8000-000000000c14','complete','185 + 35 - 3','217','Calculando com calma, chegamos a 217.','Resolva uma operação por vez.',2,7,array['revisão geral','simulados simples'],6,true) on conflict (id) do update set question = excluded.question, correct_answer = excluded.correct_answer;
insert into public.exercises (id,lesson_id,skill_id,type,question,correct_answer,explanation,hint,difficulty,school_year,tags,order_index,is_active) values ('00000000-0000-4000-8000-000000003397','00000000-0000-4000-8000-00000000082c','00000000-0000-4000-8000-000000000c14','multiple_choice','188 x 4','752','Calculando com calma, chegamos a 752.','Resolva uma operação por vez.',2,7,array['revisão geral','simulados simples'],7,true) on conflict (id) do update set question = excluded.question, correct_answer = excluded.correct_answer;
insert into public.exercise_options (id,exercise_id,option_text,is_correct,order_index) values ('00000000-0000-4000-8000-00000000af46','00000000-0000-4000-8000-000000003397','750',false,1) on conflict (id) do update set option_text = excluded.option_text, is_correct = excluded.is_correct;
insert into public.exercise_options (id,exercise_id,option_text,is_correct,order_index) values ('00000000-0000-4000-8000-00000000af47','00000000-0000-4000-8000-000000003397','752',true,2) on conflict (id) do update set option_text = excluded.option_text, is_correct = excluded.is_correct;
insert into public.exercise_options (id,exercise_id,option_text,is_correct,order_index) values ('00000000-0000-4000-8000-00000000af48','00000000-0000-4000-8000-000000003397','755',false,3) on conflict (id) do update set option_text = excluded.option_text, is_correct = excluded.is_correct;
insert into public.exercise_options (id,exercise_id,option_text,is_correct,order_index) values ('00000000-0000-4000-8000-00000000af49','00000000-0000-4000-8000-000000003397','759',false,4) on conflict (id) do update set option_text = excluded.option_text, is_correct = excluded.is_correct;
insert into public.exercises (id,lesson_id,skill_id,type,question,correct_answer,explanation,hint,difficulty,school_year,tags,order_index,is_active) values ('00000000-0000-4000-8000-000000003398','00000000-0000-4000-8000-00000000082c','00000000-0000-4000-8000-000000000c14','true_false','191 + 39 - 3 é igual a 227.','true','Calculando com calma, chegamos a 227.','Resolva uma operação por vez.',2,7,array['revisão geral','simulados simples'],8,true) on conflict (id) do update set question = excluded.question, correct_answer = excluded.correct_answer;
insert into public.exercises (id,lesson_id,skill_id,type,question,correct_answer,explanation,hint,difficulty,school_year,tags,order_index,is_active) values ('00000000-0000-4000-8000-000000003399','00000000-0000-4000-8000-00000000082c','00000000-0000-4000-8000-000000000c14','complete','194 x 4','776','Calculando com calma, chegamos a 776.','Resolva uma operação por vez.',2,7,array['revisão geral','simulados simples'],9,true) on conflict (id) do update set question = excluded.question, correct_answer = excluded.correct_answer;
insert into public.exercises (id,lesson_id,skill_id,type,question,correct_answer,explanation,hint,difficulty,school_year,tags,order_index,is_active) values ('00000000-0000-4000-8000-00000000339a','00000000-0000-4000-8000-00000000082c','00000000-0000-4000-8000-000000000c14','word_problem','197 + 43 - 3','237','Calculando com calma, chegamos a 237.','Resolva uma operação por vez.',3,7,array['revisão geral','simulados simples'],10,true) on conflict (id) do update set question = excluded.question, correct_answer = excluded.correct_answer;
insert into public.skills (id,name,description,school_year) values ('00000000-0000-4000-8000-000000000c15','Correção guiada','Habilidade: Correção guiada.',7) on conflict (id) do update set name = excluded.name;
insert into public.lessons (id,module_id,title,description,explanation,example,order_index,xp_bonus,is_active) values ('00000000-0000-4000-8000-00000000082d','00000000-0000-4000-8000-0000000003f1','Correção guiada','Treino guiado com dica e feedback imediato.','Resolva uma parte por vez e confira seu raciocínio.','Exemplo resolvido aparece antes da prática.',4,20,true) on conflict (id) do update set title = excluded.title;
insert into public.exercises (id,lesson_id,skill_id,type,question,correct_answer,explanation,hint,difficulty,school_year,tags,order_index,is_active) values ('00000000-0000-4000-8000-0000000033f5','00000000-0000-4000-8000-00000000082d','00000000-0000-4000-8000-000000000c15','multiple_choice','171 x 5','855','Calculando com calma, chegamos a 855.','Resolva uma operação por vez.',1,7,array['revisão geral','correção guiada'],1,true) on conflict (id) do update set question = excluded.question, correct_answer = excluded.correct_answer;
insert into public.exercise_options (id,exercise_id,option_text,is_correct,order_index) values ('00000000-0000-4000-8000-00000000b09a','00000000-0000-4000-8000-0000000033f5','853',false,1) on conflict (id) do update set option_text = excluded.option_text, is_correct = excluded.is_correct;
insert into public.exercise_options (id,exercise_id,option_text,is_correct,order_index) values ('00000000-0000-4000-8000-00000000b09b','00000000-0000-4000-8000-0000000033f5','855',true,2) on conflict (id) do update set option_text = excluded.option_text, is_correct = excluded.is_correct;
insert into public.exercise_options (id,exercise_id,option_text,is_correct,order_index) values ('00000000-0000-4000-8000-00000000b09c','00000000-0000-4000-8000-0000000033f5','858',false,3) on conflict (id) do update set option_text = excluded.option_text, is_correct = excluded.is_correct;
insert into public.exercise_options (id,exercise_id,option_text,is_correct,order_index) values ('00000000-0000-4000-8000-00000000b09d','00000000-0000-4000-8000-0000000033f5','862',false,4) on conflict (id) do update set option_text = excluded.option_text, is_correct = excluded.is_correct;
insert into public.exercises (id,lesson_id,skill_id,type,question,correct_answer,explanation,hint,difficulty,school_year,tags,order_index,is_active) values ('00000000-0000-4000-8000-0000000033f6','00000000-0000-4000-8000-00000000082d','00000000-0000-4000-8000-000000000c15','input','174 + 36 - 4','206','Calculando com calma, chegamos a 206.','Resolva uma operação por vez.',1,7,array['revisão geral','correção guiada'],2,true) on conflict (id) do update set question = excluded.question, correct_answer = excluded.correct_answer;
insert into public.exercises (id,lesson_id,skill_id,type,question,correct_answer,explanation,hint,difficulty,school_year,tags,order_index,is_active) values ('00000000-0000-4000-8000-0000000033f7','00000000-0000-4000-8000-00000000082d','00000000-0000-4000-8000-000000000c15','complete','177 x 5','885','Calculando com calma, chegamos a 885.','Resolva uma operação por vez.',1,7,array['revisão geral','correção guiada'],3,true) on conflict (id) do update set question = excluded.question, correct_answer = excluded.correct_answer;
insert into public.exercises (id,lesson_id,skill_id,type,question,correct_answer,explanation,hint,difficulty,school_year,tags,order_index,is_active) values ('00000000-0000-4000-8000-0000000033f8','00000000-0000-4000-8000-00000000082d','00000000-0000-4000-8000-000000000c15','true_false','180 + 40 - 4 é igual a 216.','true','Calculando com calma, chegamos a 216.','Resolva uma operação por vez.',1,7,array['revisão geral','correção guiada'],4,true) on conflict (id) do update set question = excluded.question, correct_answer = excluded.correct_answer;
insert into public.exercises (id,lesson_id,skill_id,type,question,correct_answer,explanation,hint,difficulty,school_year,tags,order_index,is_active) values ('00000000-0000-4000-8000-0000000033f9','00000000-0000-4000-8000-00000000082d','00000000-0000-4000-8000-000000000c15','word_problem','183 x 5','915','Calculando com calma, chegamos a 915.','Resolva uma operação por vez.',2,7,array['revisão geral','correção guiada'],5,true) on conflict (id) do update set question = excluded.question, correct_answer = excluded.correct_answer;
insert into public.exercises (id,lesson_id,skill_id,type,question,correct_answer,explanation,hint,difficulty,school_year,tags,order_index,is_active) values ('00000000-0000-4000-8000-0000000033fa','00000000-0000-4000-8000-00000000082d','00000000-0000-4000-8000-000000000c15','complete','186 + 44 - 4','226','Calculando com calma, chegamos a 226.','Resolva uma operação por vez.',2,7,array['revisão geral','correção guiada'],6,true) on conflict (id) do update set question = excluded.question, correct_answer = excluded.correct_answer;
insert into public.exercises (id,lesson_id,skill_id,type,question,correct_answer,explanation,hint,difficulty,school_year,tags,order_index,is_active) values ('00000000-0000-4000-8000-0000000033fb','00000000-0000-4000-8000-00000000082d','00000000-0000-4000-8000-000000000c15','multiple_choice','189 x 5','945','Calculando com calma, chegamos a 945.','Resolva uma operação por vez.',2,7,array['revisão geral','correção guiada'],7,true) on conflict (id) do update set question = excluded.question, correct_answer = excluded.correct_answer;
insert into public.exercise_options (id,exercise_id,option_text,is_correct,order_index) values ('00000000-0000-4000-8000-00000000b0d6','00000000-0000-4000-8000-0000000033fb','943',false,1) on conflict (id) do update set option_text = excluded.option_text, is_correct = excluded.is_correct;
insert into public.exercise_options (id,exercise_id,option_text,is_correct,order_index) values ('00000000-0000-4000-8000-00000000b0d7','00000000-0000-4000-8000-0000000033fb','945',true,2) on conflict (id) do update set option_text = excluded.option_text, is_correct = excluded.is_correct;
insert into public.exercise_options (id,exercise_id,option_text,is_correct,order_index) values ('00000000-0000-4000-8000-00000000b0d8','00000000-0000-4000-8000-0000000033fb','948',false,3) on conflict (id) do update set option_text = excluded.option_text, is_correct = excluded.is_correct;
insert into public.exercise_options (id,exercise_id,option_text,is_correct,order_index) values ('00000000-0000-4000-8000-00000000b0d9','00000000-0000-4000-8000-0000000033fb','952',false,4) on conflict (id) do update set option_text = excluded.option_text, is_correct = excluded.is_correct;
insert into public.exercises (id,lesson_id,skill_id,type,question,correct_answer,explanation,hint,difficulty,school_year,tags,order_index,is_active) values ('00000000-0000-4000-8000-0000000033fc','00000000-0000-4000-8000-00000000082d','00000000-0000-4000-8000-000000000c15','true_false','192 + 48 - 4 é igual a 236.','true','Calculando com calma, chegamos a 236.','Resolva uma operação por vez.',2,7,array['revisão geral','correção guiada'],8,true) on conflict (id) do update set question = excluded.question, correct_answer = excluded.correct_answer;
insert into public.exercises (id,lesson_id,skill_id,type,question,correct_answer,explanation,hint,difficulty,school_year,tags,order_index,is_active) values ('00000000-0000-4000-8000-0000000033fd','00000000-0000-4000-8000-00000000082d','00000000-0000-4000-8000-000000000c15','complete','195 x 5','975','Calculando com calma, chegamos a 975.','Resolva uma operação por vez.',2,7,array['revisão geral','correção guiada'],9,true) on conflict (id) do update set question = excluded.question, correct_answer = excluded.correct_answer;
insert into public.exercises (id,lesson_id,skill_id,type,question,correct_answer,explanation,hint,difficulty,school_year,tags,order_index,is_active) values ('00000000-0000-4000-8000-0000000033fe','00000000-0000-4000-8000-00000000082d','00000000-0000-4000-8000-000000000c15','word_problem','198 + 52 - 4','246','Calculando com calma, chegamos a 246.','Resolva uma operação por vez.',3,7,array['revisão geral','correção guiada'],10,true) on conflict (id) do update set question = excluded.question, correct_answer = excluded.correct_answer;
commit;
